ts,andar,kwh
2026-06-01T00:00,andar-1,0.557
2026-06-01T00:15,andar-1,0.603
2026-06-01T00:30,andar-1,0.582
2026-06-01T00:45,andar-1,0.553
2026-06-01T01:00,andar-1,0.587
2026-06-01T01:15,andar-1,0.500
2026-06-01T01:30,andar-1,0.596
2026-06-01T01:45,andar-1,0.537
2026-06-01T02:00,andar-1,0.584
2026-06-01T02:15,andar-1,0.569
2026-06-01T02:30,andar-1,0.605
2026-06-01T02:45,andar-1,0.508
2026-06-01T03:00,andar-1,0.580
2026-06-01T03:15,andar-1,0.551
2026-06-01T03:30,andar-1,0.576
2026-06-01T03:45,andar-1,0.564
2026-06-01T04:00,andar-1,0.548
2026-06-01T04:15,andar-1,0.554
2026-06-01T04:30,andar-1,0.475
2026-06-01T04:45,andar-1,0.598
2026-06-01T05:00,andar-1,0.582
2026-06-01T05:15,andar-1,0.528
2026-06-01T05:30,andar-1,0.524
2026-06-01T05:45,andar-1,0.630
2026-06-01T06:00,andar-1,0.702
2026-06-01T06:15,andar-1,0.666
2026-06-01T06:30,andar-1,0.789
2026-06-01T06:45,andar-1,0.726
2026-06-01T07:00,andar-1,0.705
2026-06-01T07:15,andar-1,0.653
2026-06-01T07:30,andar-1,0.747
2026-06-01T07:45,andar-1,0.718
2026-06-01T08:00,andar-1,0.655
2026-06-01T08:15,andar-1,0.767
2026-06-01T08:30,andar-1,0.595
2026-06-01T08:45,andar-1,0.686
2026-06-01T09:00,andar-1,0.655
2026-06-01T09:15,andar-1,0.696
2026-06-01T09:30,andar-1,0.662
2026-06-01T09:45,andar-1,0.793
2026-06-01T10:00,andar-1,0.840
2026-06-01T10:15,andar-1,0.742
2026-06-01T10:30,andar-1,0.850
2026-06-01T10:45,andar-1,0.859
2026-06-01T11:00,andar-1,0.935
2026-06-01T11:15,andar-1,0.792
2026-06-01T11:30,andar-1,0.653
2026-06-01T11:45,andar-1,0.873
2026-06-01T12:00,andar-1,0.752
2026-06-01T12:15,andar-1,0.912
2026-06-01T12:30,andar-1,0.794
2026-06-01T12:45,andar-1,0.911
2026-06-01T13:00,andar-1,0.946
2026-06-01T13:15,andar-1,0.917
2026-06-01T13:30,andar-1,0.945
2026-06-01T13:45,andar-1,0.779
2026-06-01T14:00,andar-1,0.832
2026-06-01T14:15,andar-1,0.985
2026-06-01T14:30,andar-1,0.847
2026-06-01T14:45,andar-1,0.811
2026-06-01T15:00,andar-1,0.887
2026-06-01T15:15,andar-1,0.874
2026-06-01T15:30,andar-1,0.816
2026-06-01T15:45,andar-1,0.761
2026-06-01T16:00,andar-1,0.851
2026-06-01T16:15,andar-1,0.776
2026-06-01T16:30,andar-1,0.826
2026-06-01T16:45,andar-1,0.864
2026-06-01T17:00,andar-1,0.960
2026-06-01T17:15,andar-1,0.937
2026-06-01T17:30,andar-1,1.039
2026-06-01T17:45,andar-1,0.817
2026-06-01T18:00,andar-1,0.781
2026-06-01T18:15,andar-1,1.072
2026-06-01T18:30,andar-1,1.025
2026-06-01T18:45,andar-1,0.901
2026-06-01T19:00,andar-1,0.832
2026-06-01T19:15,andar-1,1.050
2026-06-01T19:30,andar-1,0.961
2026-06-01T19:45,andar-1,0.988
2026-06-01T20:00,andar-1,0.935
2026-06-01T20:15,andar-1,0.871
2026-06-01T20:30,andar-1,0.951
2026-06-01T20:45,andar-1,0.999
2026-06-01T21:00,andar-1,0.819
2026-06-01T21:15,andar-1,0.917
2026-06-01T21:30,andar-1,0.966
2026-06-01T21:45,andar-1,0.934
2026-06-01T22:00,andar-1,0.625
2026-06-01T22:15,andar-1,0.602
2026-06-01T22:30,andar-1,0.646
2026-06-01T22:45,andar-1,0.642
2026-06-01T23:00,andar-1,0.725
2026-06-01T23:15,andar-1,0.623
2026-06-01T23:30,andar-1,0.596
2026-06-01T23:45,andar-1,0.600
2026-06-02T00:00,andar-1,0.557
2026-06-02T00:15,andar-1,0.586
2026-06-02T00:30,andar-1,0.540
2026-06-02T00:45,andar-1,0.532
2026-06-02T01:00,andar-1,0.560
2026-06-02T01:15,andar-1,0.499
2026-06-02T01:30,andar-1,0.519
2026-06-02T01:45,andar-1,0.473
2026-06-02T02:00,andar-1,0.574
2026-06-02T02:15,andar-1,0.502
2026-06-02T02:30,andar-1,0.514
2026-06-02T02:45,andar-1,0.726
2026-06-02T03:00,andar-1,0.475
2026-06-02T03:15,andar-1,0.514
2026-06-02T03:30,andar-1,0.538
2026-06-02T03:45,andar-1,0.598
2026-06-02T04:00,andar-1,0.564
2026-06-02T04:15,andar-1,0.474
2026-06-02T04:30,andar-1,0.582
2026-06-02T04:45,andar-1,0.686
2026-06-02T05:00,andar-1,0.458
2026-06-02T05:15,andar-1,0.565
2026-06-02T05:30,andar-1,0.503
2026-06-02T05:45,andar-1,0.605
2026-06-02T06:00,andar-1,0.711
2026-06-02T06:15,andar-1,0.776
2026-06-02T06:30,andar-1,0.648
2026-06-02T06:45,andar-1,0.716
2026-06-02T07:00,andar-1,0.785
2026-06-02T07:15,andar-1,0.751
2026-06-02T07:30,andar-1,0.740
2026-06-02T07:45,andar-1,0.706
2026-06-02T08:00,andar-1,0.741
2026-06-02T08:15,andar-1,0.664
2026-06-02T08:30,andar-1,0.656
2026-06-02T08:45,andar-1,0.689
2026-06-02T09:00,andar-1,0.688
2026-06-02T09:15,andar-1,0.711
2026-06-02T09:30,andar-1,0.732
2026-06-02T09:45,andar-1,0.700
2026-06-02T10:00,andar-1,0.744
2026-06-02T10:15,andar-1,0.762
2026-06-02T10:30,andar-1,0.926
2026-06-02T10:45,andar-1,0.953
2026-06-02T11:00,andar-1,0.862
2026-06-02T11:15,andar-1,0.866
2026-06-02T11:30,andar-1,0.866
2026-06-02T11:45,andar-1,0.971
2026-06-02T12:00,andar-1,0.987
2026-06-02T12:15,andar-1,0.865
2026-06-02T12:30,andar-1,0.887
2026-06-02T12:45,andar-1,0.888
2026-06-02T13:00,andar-1,0.912
2026-06-02T13:15,andar-1,0.705
2026-06-02T13:30,andar-1,0.873
2026-06-02T13:45,andar-1,0.943
2026-06-02T14:00,andar-1,0.952
2026-06-02T14:15,andar-1,0.933
2026-06-02T14:30,andar-1,0.792
2026-06-02T14:45,andar-1,0.858
2026-06-02T15:00,andar-1,0.867
2026-06-02T15:15,andar-1,0.793
2026-06-02T15:30,andar-1,0.896
2026-06-02T15:45,andar-1,0.908
2026-06-02T16:00,andar-1,0.865
2026-06-02T16:15,andar-1,0.958
2026-06-02T16:30,andar-1,0.878
2026-06-02T16:45,andar-1,0.804
2026-06-02T17:00,andar-1,0.905
2026-06-02T17:15,andar-1,0.852
2026-06-02T17:30,andar-1,1.024
2026-06-02T17:45,andar-1,0.940
2026-06-02T18:00,andar-1,0.941
2026-06-02T18:15,andar-1,0.937
2026-06-02T18:30,andar-1,0.930
2026-06-02T18:45,andar-1,0.944
2026-06-02T19:00,andar-1,0.999
2026-06-02T19:15,andar-1,0.938
2026-06-02T19:30,andar-1,0.974
2026-06-02T19:45,andar-1,0.883
2026-06-02T20:00,andar-1,0.990
2026-06-02T20:15,andar-1,0.860
2026-06-02T20:30,andar-1,0.982
2026-06-02T20:45,andar-1,0.834
2026-06-02T21:00,andar-1,0.959
2026-06-02T21:15,andar-1,0.968
2026-06-02T21:30,andar-1,0.920
2026-06-02T21:45,andar-1,0.835
2026-06-02T22:00,andar-1,0.569
2026-06-02T22:15,andar-1,0.597
2026-06-02T22:30,andar-1,0.600
2026-06-02T22:45,andar-1,0.633
2026-06-02T23:00,andar-1,0.517
2026-06-02T23:15,andar-1,0.657
2026-06-02T23:30,andar-1,0.625
2026-06-02T23:45,andar-1,0.540
2026-06-03T00:00,andar-1,0.609
2026-06-03T00:15,andar-1,0.613
2026-06-03T00:30,andar-1,0.536
2026-06-03T00:45,andar-1,0.555
2026-06-03T01:00,andar-1,0.564
2026-06-03T01:15,andar-1,0.591
2026-06-03T01:30,andar-1,0.504
2026-06-03T01:45,andar-1,0.602
2026-06-03T02:00,andar-1,0.592
2026-06-03T02:15,andar-1,0.498
2026-06-03T02:30,andar-1,0.545
2026-06-03T02:45,andar-1,0.565
2026-06-03T03:00,andar-1,0.505
2026-06-03T03:15,andar-1,0.472
2026-06-03T03:30,andar-1,0.524
2026-06-03T03:45,andar-1,0.530
2026-06-03T04:00,andar-1,0.548
2026-06-03T04:15,andar-1,0.544
2026-06-03T04:30,andar-1,0.511
2026-06-03T04:45,andar-1,0.442
2026-06-03T05:00,andar-1,0.498
2026-06-03T05:15,andar-1,0.486
2026-06-03T05:30,andar-1,0.503
2026-06-03T05:45,andar-1,0.594
2026-06-03T06:00,andar-1,0.698
2026-06-03T06:15,andar-1,0.720
2026-06-03T06:30,andar-1,0.631
2026-06-03T06:45,andar-1,0.691
2026-06-03T07:00,andar-1,0.640
2026-06-03T07:15,andar-1,0.694
2026-06-03T07:30,andar-1,0.625
2026-06-03T07:45,andar-1,0.633
2026-06-03T08:00,andar-1,0.632
2026-06-03T08:15,andar-1,0.702
2026-06-03T08:30,andar-1,0.728
2026-06-03T08:45,andar-1,0.738
2026-06-03T09:00,andar-1,0.679
2026-06-03T09:15,andar-1,0.723
2026-06-03T09:30,andar-1,0.617
2026-06-03T09:45,andar-1,0.684
2026-06-03T10:00,andar-1,0.821
2026-06-03T10:15,andar-1,0.863
2026-06-03T10:30,andar-1,0.868
2026-06-03T10:45,andar-1,0.889
2026-06-03T11:00,andar-1,0.857
2026-06-03T11:15,andar-1,0.888
2026-06-03T11:30,andar-1,0.925
2026-06-03T11:45,andar-1,0.987
2026-06-03T12:00,andar-1,0.874
2026-06-03T12:15,andar-1,0.848
2026-06-03T12:30,andar-1,0.896
2026-06-03T12:45,andar-1,0.773
2026-06-03T13:00,andar-1,0.884
2026-06-03T13:15,andar-1,0.830
2026-06-03T13:30,andar-1,0.790
2026-06-03T13:45,andar-1,0.823
2026-06-03T14:00,andar-1,0.972
2026-06-03T14:15,andar-1,0.877
2026-06-03T14:30,andar-1,0.840
2026-06-03T14:45,andar-1,0.907
2026-06-03T15:00,andar-1,0.831
2026-06-03T15:15,andar-1,0.877
2026-06-03T15:30,andar-1,0.812
2026-06-03T15:45,andar-1,0.842
2026-06-03T16:00,andar-1,0.803
2026-06-03T16:15,andar-1,0.839
2026-06-03T16:30,andar-1,0.883
2026-06-03T16:45,andar-1,0.849
2026-06-03T17:00,andar-1,0.967
2026-06-03T17:15,andar-1,0.910
2026-06-03T17:30,andar-1,0.886
2026-06-03T17:45,andar-1,1.007
2026-06-03T18:00,andar-1,0.901
2026-06-03T18:15,andar-1,0.945
2026-06-03T18:30,andar-1,0.954
2026-06-03T18:45,andar-1,0.996
2026-06-03T19:00,andar-1,1.001
2026-06-03T19:15,andar-1,0.833
2026-06-03T19:30,andar-1,0.867
2026-06-03T19:45,andar-1,0.972
2026-06-03T20:00,andar-1,0.946
2026-06-03T20:15,andar-1,0.933
2026-06-03T20:30,andar-1,0.928
2026-06-03T20:45,andar-1,0.988
2026-06-03T21:00,andar-1,0.794
2026-06-03T21:15,andar-1,0.974
2026-06-03T21:30,andar-1,0.904
2026-06-03T21:45,andar-1,0.867
2026-06-03T22:00,andar-1,0.555
2026-06-03T22:15,andar-1,0.597
2026-06-03T22:30,andar-1,0.583
2026-06-03T22:45,andar-1,0.673
2026-06-03T23:00,andar-1,0.531
2026-06-03T23:15,andar-1,0.681
2026-06-03T23:30,andar-1,0.609
2026-06-03T23:45,andar-1,0.591
2026-06-04T00:00,andar-1,0.583
2026-06-04T00:15,andar-1,0.542
2026-06-04T00:30,andar-1,0.564
2026-06-04T00:45,andar-1,0.561
2026-06-04T01:00,andar-1,0.523
2026-06-04T01:15,andar-1,0.517
2026-06-04T01:30,andar-1,0.532
2026-06-04T01:45,andar-1,0.589
2026-06-04T02:00,andar-1,0.566
2026-06-04T02:15,andar-1,0.554
2026-06-04T02:30,andar-1,0.543
2026-06-04T02:45,andar-1,0.526
2026-06-04T03:00,andar-1,0.546
2026-06-04T03:15,andar-1,0.597
2026-06-04T03:30,andar-1,0.527
2026-06-04T03:45,andar-1,0.557
2026-06-04T04:00,andar-1,0.509
2026-06-04T04:15,andar-1,0.521
2026-06-04T04:30,andar-1,0.508
2026-06-04T04:45,andar-1,0.603
2026-06-04T05:00,andar-1,0.544
2026-06-04T05:15,andar-1,0.531
2026-06-04T05:30,andar-1,0.545
2026-06-04T05:45,andar-1,0.669
2026-06-04T06:00,andar-1,0.714
2026-06-04T06:15,andar-1,0.729
2026-06-04T06:30,andar-1,0.807
2026-06-04T06:45,andar-1,0.746
2026-06-04T07:00,andar-1,0.617
2026-06-04T07:15,andar-1,0.713
2026-06-04T07:30,andar-1,0.733
2026-06-04T07:45,andar-1,0.775
2026-06-04T08:00,andar-1,0.651
2026-06-04T08:15,andar-1,0.688
2026-06-04T08:30,andar-1,0.668
2026-06-04T08:45,andar-1,0.815
2026-06-04T09:00,andar-1,0.676
2026-06-04T09:15,andar-1,0.556
2026-06-04T09:30,andar-1,0.726
2026-06-04T09:45,andar-1,0.693
2026-06-04T10:00,andar-1,0.856
2026-06-04T10:15,andar-1,0.798
2026-06-04T10:30,andar-1,0.841
2026-06-04T10:45,andar-1,0.812
2026-06-04T11:00,andar-1,0.853
2026-06-04T11:15,andar-1,0.775
2026-06-04T11:30,andar-1,0.910
2026-06-04T11:45,andar-1,0.875
2026-06-04T12:00,andar-1,0.823
2026-06-04T12:15,andar-1,0.938
2026-06-04T12:30,andar-1,0.872
2026-06-04T12:45,andar-1,0.836
2026-06-04T13:00,andar-1,0.878
2026-06-04T13:15,andar-1,0.864
2026-06-04T13:30,andar-1,0.821
2026-06-04T13:45,andar-1,0.840
2026-06-04T14:00,andar-1,0.792
2026-06-04T14:15,andar-1,0.740
2026-06-04T14:30,andar-1,0.926
2026-06-04T14:45,andar-1,0.889
2026-06-04T15:00,andar-1,0.867
2026-06-04T15:15,andar-1,0.798
2026-06-04T15:30,andar-1,0.832
2026-06-04T15:45,andar-1,0.928
2026-06-04T16:00,andar-1,0.881
2026-06-04T16:15,andar-1,0.913
2026-06-04T16:30,andar-1,0.831
2026-06-04T16:45,andar-1,0.797
2026-06-04T17:00,andar-1,1.020
2026-06-04T17:15,andar-1,0.947
2026-06-04T17:30,andar-1,0.921
2026-06-04T17:45,andar-1,0.973
2026-06-04T18:00,andar-1,0.925
2026-06-04T18:15,andar-1,0.883
2026-06-04T18:30,andar-1,0.811
2026-06-04T18:45,andar-1,0.931
2026-06-04T19:00,andar-1,0.962
2026-06-04T19:15,andar-1,0.939
2026-06-04T19:30,andar-1,1.012
2026-06-04T19:45,andar-1,0.925
2026-06-04T20:00,andar-1,0.817
2026-06-04T20:15,andar-1,0.917
2026-06-04T20:30,andar-1,1.016
2026-06-04T20:45,andar-1,0.846
2026-06-04T21:00,andar-1,0.920
2026-06-04T21:15,andar-1,0.925
2026-06-04T21:30,andar-1,0.896
2026-06-04T21:45,andar-1,0.903
2026-06-04T22:00,andar-1,0.558
2026-06-04T22:15,andar-1,0.574
2026-06-04T22:30,andar-1,0.619
2026-06-04T22:45,andar-1,0.516
2026-06-04T23:00,andar-1,0.596
2026-06-04T23:15,andar-1,0.512
2026-06-04T23:30,andar-1,0.629
2026-06-04T23:45,andar-1,0.627
2026-06-05T00:00,andar-1,0.555
2026-06-05T00:15,andar-1,0.524
2026-06-05T00:30,andar-1,0.594
2026-06-05T00:45,andar-1,0.516
2026-06-05T01:00,andar-1,0.542
2026-06-05T01:15,andar-1,0.500
2026-06-05T01:30,andar-1,0.544
2026-06-05T01:45,andar-1,0.575
2026-06-05T02:00,andar-1,0.549
2026-06-05T02:15,andar-1,0.586
2026-06-05T02:30,andar-1,0.574
2026-06-05T02:45,andar-1,0.588
2026-06-05T03:00,andar-1,0.613
2026-06-05T03:15,andar-1,0.548
2026-06-05T03:30,andar-1,0.566
2026-06-05T03:45,andar-1,0.569
2026-06-05T04:00,andar-1,0.548
2026-06-05T04:15,andar-1,0.531
2026-06-05T04:30,andar-1,0.546
2026-06-05T04:45,andar-1,0.526
2026-06-05T05:00,andar-1,0.525
2026-06-05T05:15,andar-1,0.547
2026-06-05T05:30,andar-1,0.525
2026-06-05T05:45,andar-1,0.544
2026-06-05T06:00,andar-1,0.729
2026-06-05T06:15,andar-1,0.728
2026-06-05T06:30,andar-1,0.672
2026-06-05T06:45,andar-1,0.632
2026-06-05T07:00,andar-1,0.705
2026-06-05T07:15,andar-1,0.633
2026-06-05T07:30,andar-1,0.716
2026-06-05T07:45,andar-1,0.677
2026-06-05T08:00,andar-1,0.620
2026-06-05T08:15,andar-1,0.718
2026-06-05T08:30,andar-1,0.717
2026-06-05T08:45,andar-1,0.665
2026-06-05T09:00,andar-1,0.666
2026-06-05T09:15,andar-1,0.754
2026-06-05T09:30,andar-1,0.629
2026-06-05T09:45,andar-1,0.616
2026-06-05T10:00,andar-1,0.795
2026-06-05T10:15,andar-1,0.783
2026-06-05T10:30,andar-1,0.885
2026-06-05T10:45,andar-1,0.905
2026-06-05T11:00,andar-1,0.785
2026-06-05T11:15,andar-1,0.771
2026-06-05T11:30,andar-1,0.920
2026-06-05T11:45,andar-1,0.824
2026-06-05T12:00,andar-1,0.863
2026-06-05T12:15,andar-1,0.976
2026-06-05T12:30,andar-1,0.831
2026-06-05T12:45,andar-1,0.792
2026-06-05T13:00,andar-1,0.968
2026-06-05T13:15,andar-1,0.956
2026-06-05T13:30,andar-1,0.873
2026-06-05T13:45,andar-1,0.841
2026-06-05T14:00,andar-1,0.875
2026-06-05T14:15,andar-1,0.843
2026-06-05T14:30,andar-1,0.839
2026-06-05T14:45,andar-1,0.790
2026-06-05T15:00,andar-1,0.752
2026-06-05T15:15,andar-1,0.715
2026-06-05T15:30,andar-1,0.829
2026-06-05T15:45,andar-1,0.879
2026-06-05T16:00,andar-1,0.813
2026-06-05T16:15,andar-1,0.847
2026-06-05T16:30,andar-1,0.761
2026-06-05T16:45,andar-1,0.787
2026-06-05T17:00,andar-1,0.878
2026-06-05T17:15,andar-1,0.900
2026-06-05T17:30,andar-1,0.900
2026-06-05T17:45,andar-1,0.952
2026-06-05T18:00,andar-1,0.875
2026-06-05T18:15,andar-1,0.953
2026-06-05T18:30,andar-1,0.925
2026-06-05T18:45,andar-1,0.838
2026-06-05T19:00,andar-1,0.903
2026-06-05T19:15,andar-1,0.826
2026-06-05T19:30,andar-1,0.908
2026-06-05T19:45,andar-1,1.012
2026-06-05T20:00,andar-1,1.149
2026-06-05T20:15,andar-1,0.986
2026-06-05T20:30,andar-1,0.932
2026-06-05T20:45,andar-1,1.006
2026-06-05T21:00,andar-1,0.880
2026-06-05T21:15,andar-1,0.858
2026-06-05T21:30,andar-1,1.000
2026-06-05T21:45,andar-1,0.922
2026-06-05T22:00,andar-1,0.557
2026-06-05T22:15,andar-1,0.620
2026-06-05T22:30,andar-1,0.544
2026-06-05T22:45,andar-1,0.636
2026-06-05T23:00,andar-1,0.535
2026-06-05T23:15,andar-1,0.555
2026-06-05T23:30,andar-1,0.524
2026-06-05T23:45,andar-1,0.658
2026-06-06T00:00,andar-1,0.544
2026-06-06T00:15,andar-1,0.551
2026-06-06T00:30,andar-1,0.545
2026-06-06T00:45,andar-1,0.504
2026-06-06T01:00,andar-1,0.473
2026-06-06T01:15,andar-1,0.559
2026-06-06T01:30,andar-1,0.492
2026-06-06T01:45,andar-1,0.438
2026-06-06T02:00,andar-1,0.493
2026-06-06T02:15,andar-1,0.532
2026-06-06T02:30,andar-1,0.498
2026-06-06T02:45,andar-1,0.553
2026-06-06T03:00,andar-1,0.490
2026-06-06T03:15,andar-1,0.523
2026-06-06T03:30,andar-1,0.517
2026-06-06T03:45,andar-1,0.434
2026-06-06T04:00,andar-1,0.503
2026-06-06T04:15,andar-1,0.564
2026-06-06T04:30,andar-1,0.471
2026-06-06T04:45,andar-1,0.502
2026-06-06T05:00,andar-1,0.529
2026-06-06T05:15,andar-1,0.501
2026-06-06T05:30,andar-1,0.499
2026-06-06T05:45,andar-1,0.551
2026-06-06T06:00,andar-1,0.635
2026-06-06T06:15,andar-1,0.680
2026-06-06T06:30,andar-1,0.647
2026-06-06T06:45,andar-1,0.579
2026-06-06T07:00,andar-1,0.647
2026-06-06T07:15,andar-1,0.630
2026-06-06T07:30,andar-1,0.707
2026-06-06T07:45,andar-1,0.596
2026-06-06T08:00,andar-1,0.746
2026-06-06T08:15,andar-1,0.553
2026-06-06T08:30,andar-1,0.582
2026-06-06T08:45,andar-1,0.636
2026-06-06T09:00,andar-1,0.655
2026-06-06T09:15,andar-1,0.676
2026-06-06T09:30,andar-1,0.616
2026-06-06T09:45,andar-1,0.634
2026-06-06T10:00,andar-1,0.775
2026-06-06T10:15,andar-1,0.766
2026-06-06T10:30,andar-1,0.696
2026-06-06T10:45,andar-1,0.825
2026-06-06T11:00,andar-1,0.776
2026-06-06T11:15,andar-1,0.735
2026-06-06T11:30,andar-1,0.836
2026-06-06T11:45,andar-1,0.725
2026-06-06T12:00,andar-1,0.758
2026-06-06T12:15,andar-1,0.720
2026-06-06T12:30,andar-1,0.781
2026-06-06T12:45,andar-1,0.687
2026-06-06T13:00,andar-1,0.645
2026-06-06T13:15,andar-1,0.739
2026-06-06T13:30,andar-1,0.849
2026-06-06T13:45,andar-1,0.761
2026-06-06T14:00,andar-1,0.924
2026-06-06T14:15,andar-1,0.826
2026-06-06T14:30,andar-1,0.847
2026-06-06T14:45,andar-1,0.623
2026-06-06T15:00,andar-1,0.716
2026-06-06T15:15,andar-1,0.765
2026-06-06T15:30,andar-1,0.821
2026-06-06T15:45,andar-1,0.749
2026-06-06T16:00,andar-1,0.894
2026-06-06T16:15,andar-1,0.785
2026-06-06T16:30,andar-1,0.758
2026-06-06T16:45,andar-1,0.869
2026-06-06T17:00,andar-1,0.786
2026-06-06T17:15,andar-1,0.727
2026-06-06T17:30,andar-1,0.958
2026-06-06T17:45,andar-1,0.910
2026-06-06T18:00,andar-1,0.901
2026-06-06T18:15,andar-1,0.838
2026-06-06T18:30,andar-1,0.784
2026-06-06T18:45,andar-1,0.903
2026-06-06T19:00,andar-1,0.844
2026-06-06T19:15,andar-1,0.924
2026-06-06T19:30,andar-1,0.898
2026-06-06T19:45,andar-1,0.723
2026-06-06T20:00,andar-1,0.882
2026-06-06T20:15,andar-1,0.903
2026-06-06T20:30,andar-1,0.857
2026-06-06T20:45,andar-1,0.868
2026-06-06T21:00,andar-1,1.064
2026-06-06T21:15,andar-1,0.838
2026-06-06T21:30,andar-1,0.833
2026-06-06T21:45,andar-1,0.910
2026-06-06T22:00,andar-1,0.518
2026-06-06T22:15,andar-1,0.493
2026-06-06T22:30,andar-1,0.582
2026-06-06T22:45,andar-1,0.496
2026-06-06T23:00,andar-1,0.510
2026-06-06T23:15,andar-1,0.526
2026-06-06T23:30,andar-1,0.596
2026-06-06T23:45,andar-1,0.610
2026-06-07T00:00,andar-1,0.483
2026-06-07T00:15,andar-1,0.460
2026-06-07T00:30,andar-1,0.519
2026-06-07T00:45,andar-1,0.493
2026-06-07T01:00,andar-1,0.507
2026-06-07T01:15,andar-1,0.442
2026-06-07T01:30,andar-1,0.449
2026-06-07T01:45,andar-1,0.443
2026-06-07T02:00,andar-1,0.473
2026-06-07T02:15,andar-1,0.476
2026-06-07T02:30,andar-1,0.463
2026-06-07T02:45,andar-1,0.478
2026-06-07T03:00,andar-1,0.517
2026-06-07T03:15,andar-1,0.524
2026-06-07T03:30,andar-1,0.462
2026-06-07T03:45,andar-1,0.473
2026-06-07T04:00,andar-1,0.433
2026-06-07T04:15,andar-1,0.530
2026-06-07T04:30,andar-1,0.489
2026-06-07T04:45,andar-1,0.462
2026-06-07T05:00,andar-1,0.512
2026-06-07T05:15,andar-1,0.497
2026-06-07T05:30,andar-1,0.481
2026-06-07T05:45,andar-1,0.493
2026-06-07T06:00,andar-1,0.689
2026-06-07T06:15,andar-1,0.604
2026-06-07T06:30,andar-1,0.662
2026-06-07T06:45,andar-1,0.627
2026-06-07T07:00,andar-1,0.661
2026-06-07T07:15,andar-1,0.662
2026-06-07T07:30,andar-1,0.679
2026-06-07T07:45,andar-1,0.582
2026-06-07T08:00,andar-1,0.644
2026-06-07T08:15,andar-1,0.679
2026-06-07T08:30,andar-1,0.565
2026-06-07T08:45,andar-1,0.675
2026-06-07T09:00,andar-1,0.663
2026-06-07T09:15,andar-1,0.568
2026-06-07T09:30,andar-1,0.540
2026-06-07T09:45,andar-1,0.674
2026-06-07T10:00,andar-1,0.647
2026-06-07T10:15,andar-1,0.768
2026-06-07T10:30,andar-1,0.676
2026-06-07T10:45,andar-1,0.756
2026-06-07T11:00,andar-1,0.738
2026-06-07T11:15,andar-1,0.664
2026-06-07T11:30,andar-1,0.784
2026-06-07T11:45,andar-1,0.828
2026-06-07T12:00,andar-1,0.736
2026-06-07T12:15,andar-1,0.785
2026-06-07T12:30,andar-1,0.723
2026-06-07T12:45,andar-1,0.741
2026-06-07T13:00,andar-1,0.707
2026-06-07T13:15,andar-1,0.734
2026-06-07T13:30,andar-1,0.685
2026-06-07T13:45,andar-1,0.749
2026-06-07T14:00,andar-1,0.775
2026-06-07T14:15,andar-1,0.855
2026-06-07T14:30,andar-1,0.772
2026-06-07T14:45,andar-1,0.856
2026-06-07T15:00,andar-1,0.700
2026-06-07T15:15,andar-1,0.690
2026-06-07T15:30,andar-1,0.758
2026-06-07T15:45,andar-1,0.689
2026-06-07T16:00,andar-1,0.751
2026-06-07T16:15,andar-1,0.733
2026-06-07T16:30,andar-1,0.782
2026-06-07T16:45,andar-1,0.788
2026-06-07T17:00,andar-1,0.918
2026-06-07T17:15,andar-1,0.740
2026-06-07T17:30,andar-1,0.901
2026-06-07T17:45,andar-1,0.737
2026-06-07T18:00,andar-1,0.955
2026-06-07T18:15,andar-1,0.775
2026-06-07T18:30,andar-1,0.891
2026-06-07T18:45,andar-1,0.899
2026-06-07T19:00,andar-1,0.915
2026-06-07T19:15,andar-1,0.893
2026-06-07T19:30,andar-1,0.807
2026-06-07T19:45,andar-1,0.782
2026-06-07T20:00,andar-1,0.801
2026-06-07T20:15,andar-1,0.785
2026-06-07T20:30,andar-1,0.864
2026-06-07T20:45,andar-1,0.892
2026-06-07T21:00,andar-1,0.873
2026-06-07T21:15,andar-1,0.872
2026-06-07T21:30,andar-1,0.970
2026-06-07T21:45,andar-1,0.823
2026-06-07T22:00,andar-1,0.508
2026-06-07T22:15,andar-1,0.528
2026-06-07T22:30,andar-1,0.623
2026-06-07T22:45,andar-1,0.506
2026-06-07T23:00,andar-1,0.618
2026-06-07T23:15,andar-1,0.513
2026-06-07T23:30,andar-1,0.489
2026-06-07T23:45,andar-1,0.478
2026-06-08T00:00,andar-1,0.557
2026-06-08T00:15,andar-1,0.567
2026-06-08T00:30,andar-1,0.572
2026-06-08T00:45,andar-1,0.548
2026-06-08T01:00,andar-1,0.540
2026-06-08T01:15,andar-1,0.497
2026-06-08T01:30,andar-1,0.565
2026-06-08T01:45,andar-1,0.503
2026-06-08T02:00,andar-1,0.545
2026-06-08T02:15,andar-1,0.568
2026-06-08T02:30,andar-1,0.526
2026-06-08T02:45,andar-1,0.538
2026-06-08T03:00,andar-1,0.526
2026-06-08T03:15,andar-1,0.565
2026-06-08T03:30,andar-1,0.556
2026-06-08T03:45,andar-1,0.595
2026-06-08T04:00,andar-1,0.558
2026-06-08T04:15,andar-1,0.568
2026-06-08T04:30,andar-1,0.521
2026-06-08T04:45,andar-1,0.589
2026-06-08T05:00,andar-1,0.558
2026-06-08T05:15,andar-1,0.610
2026-06-08T05:30,andar-1,0.595
2026-06-08T05:45,andar-1,0.512
2026-06-08T06:00,andar-1,0.636
2026-06-08T06:15,andar-1,0.690
2026-06-08T06:30,andar-1,0.661
2026-06-08T06:45,andar-1,0.726
2026-06-08T07:00,andar-1,0.720
2026-06-08T07:15,andar-1,0.765
2026-06-08T07:30,andar-1,0.622
2026-06-08T07:45,andar-1,0.635
2026-06-08T08:00,andar-1,0.662
2026-06-08T08:15,andar-1,0.647
2026-06-08T08:30,andar-1,0.632
2026-06-08T08:45,andar-1,0.711
2026-06-08T09:00,andar-1,0.703
2026-06-08T09:15,andar-1,0.697
2026-06-08T09:30,andar-1,0.651
2026-06-08T09:45,andar-1,0.636
2026-06-08T10:00,andar-1,0.816
2026-06-08T10:15,andar-1,0.876
2026-06-08T10:30,andar-1,0.945
2026-06-08T10:45,andar-1,0.771
2026-06-08T11:00,andar-1,0.841
2026-06-08T11:15,andar-1,0.928
2026-06-08T11:30,andar-1,0.887
2026-06-08T11:45,andar-1,0.802
2026-06-08T12:00,andar-1,0.873
2026-06-08T12:15,andar-1,0.711
2026-06-08T12:30,andar-1,0.770
2026-06-08T12:45,andar-1,0.820
2026-06-08T13:00,andar-1,0.802
2026-06-08T13:15,andar-1,0.737
2026-06-08T13:30,andar-1,0.784
2026-06-08T13:45,andar-1,0.839
2026-06-08T14:00,andar-1,0.967
2026-06-08T14:15,andar-1,0.988
2026-06-08T14:30,andar-1,0.937
2026-06-08T14:45,andar-1,0.802
2026-06-08T15:00,andar-1,0.881
2026-06-08T15:15,andar-1,1.019
2026-06-08T15:30,andar-1,0.865
2026-06-08T15:45,andar-1,0.795
2026-06-08T16:00,andar-1,0.932
2026-06-08T16:15,andar-1,0.761
2026-06-08T16:30,andar-1,0.846
2026-06-08T16:45,andar-1,0.822
2026-06-08T17:00,andar-1,0.996
2026-06-08T17:15,andar-1,0.974
2026-06-08T17:30,andar-1,1.010
2026-06-08T17:45,andar-1,1.109
2026-06-08T18:00,andar-1,0.889
2026-06-08T18:15,andar-1,0.986
2026-06-08T18:30,andar-1,0.810
2026-06-08T18:45,andar-1,1.044
2026-06-08T19:00,andar-1,0.858
2026-06-08T19:15,andar-1,0.977
2026-06-08T19:30,andar-1,0.908
2026-06-08T19:45,andar-1,0.961
2026-06-08T20:00,andar-1,0.987
2026-06-08T20:15,andar-1,0.921
2026-06-08T20:30,andar-1,0.907
2026-06-08T20:45,andar-1,1.027
2026-06-08T21:00,andar-1,0.977
2026-06-08T21:15,andar-1,0.884
2026-06-08T21:30,andar-1,0.925
2026-06-08T21:45,andar-1,0.918
2026-06-08T22:00,andar-1,0.680
2026-06-08T22:15,andar-1,0.612
2026-06-08T22:30,andar-1,0.724
2026-06-08T22:45,andar-1,0.596
2026-06-08T23:00,andar-1,0.544
2026-06-08T23:15,andar-1,0.579
2026-06-08T23:30,andar-1,0.577
2026-06-08T23:45,andar-1,0.591
2026-06-09T00:00,andar-1,0.590
2026-06-09T00:15,andar-1,0.568
2026-06-09T00:30,andar-1,0.533
2026-06-09T00:45,andar-1,0.542
2026-06-09T01:00,andar-1,0.561
2026-06-09T01:15,andar-1,0.659
2026-06-09T01:30,andar-1,0.558
2026-06-09T01:45,andar-1,0.497
2026-06-09T02:00,andar-1,0.562
2026-06-09T02:15,andar-1,0.587
2026-06-09T02:30,andar-1,0.544
2026-06-09T02:45,andar-1,0.513
2026-06-09T03:00,andar-1,0.545
2026-06-09T03:15,andar-1,0.560
2026-06-09T03:30,andar-1,0.600
2026-06-09T03:45,andar-1,0.601
2026-06-09T04:00,andar-1,0.561
2026-06-09T04:15,andar-1,0.560
2026-06-09T04:30,andar-1,0.571
2026-06-09T04:45,andar-1,0.584
2026-06-09T05:00,andar-1,0.529
2026-06-09T05:15,andar-1,0.540
2026-06-09T05:30,andar-1,0.526
2026-06-09T05:45,andar-1,0.591
2026-06-09T06:00,andar-1,0.669
2026-06-09T06:15,andar-1,0.758
2026-06-09T06:30,andar-1,0.650
2026-06-09T06:45,andar-1,0.816
2026-06-09T07:00,andar-1,0.758
2026-06-09T07:15,andar-1,0.749
2026-06-09T07:30,andar-1,0.621
2026-06-09T07:45,andar-1,0.610
2026-06-09T08:00,andar-1,0.758
2026-06-09T08:15,andar-1,0.620
2026-06-09T08:30,andar-1,0.692
2026-06-09T08:45,andar-1,0.588
2026-06-09T09:00,andar-1,0.699
2026-06-09T09:15,andar-1,0.718
2026-06-09T09:30,andar-1,0.620
2026-06-09T09:45,andar-1,0.575
2026-06-09T10:00,andar-1,0.904
2026-06-09T10:15,andar-1,0.827
2026-06-09T10:30,andar-1,0.901
2026-06-09T10:45,andar-1,0.849
2026-06-09T11:00,andar-1,0.883
2026-06-09T11:15,andar-1,0.844
2026-06-09T11:30,andar-1,0.835
2026-06-09T11:45,andar-1,0.838
2026-06-09T12:00,andar-1,0.867
2026-06-09T12:15,andar-1,0.809
2026-06-09T12:30,andar-1,0.743
2026-06-09T12:45,andar-1,0.842
2026-06-09T13:00,andar-1,0.839
2026-06-09T13:15,andar-1,0.824
2026-06-09T13:30,andar-1,0.822
2026-06-09T13:45,andar-1,0.902
2026-06-09T14:00,andar-1,0.853
2026-06-09T14:15,andar-1,0.787
2026-06-09T14:30,andar-1,0.878
2026-06-09T14:45,andar-1,0.899
2026-06-09T15:00,andar-1,0.892
2026-06-09T15:15,andar-1,0.942
2026-06-09T15:30,andar-1,0.801
2026-06-09T15:45,andar-1,0.865
2026-06-09T16:00,andar-1,0.673
2026-06-09T16:15,andar-1,0.823
2026-06-09T16:30,andar-1,0.765
2026-06-09T16:45,andar-1,0.795
2026-06-09T17:00,andar-1,1.131
2026-06-09T17:15,andar-1,0.836
2026-06-09T17:30,andar-1,0.945
2026-06-09T17:45,andar-1,0.947
2026-06-09T18:00,andar-1,0.850
2026-06-09T18:15,andar-1,1.018
2026-06-09T18:30,andar-1,1.039
2026-06-09T18:45,andar-1,0.985
2026-06-09T19:00,andar-1,0.946
2026-06-09T19:15,andar-1,0.961
2026-06-09T19:30,andar-1,0.847
2026-06-09T19:45,andar-1,0.944
2026-06-09T20:00,andar-1,0.914
2026-06-09T20:15,andar-1,1.066
2026-06-09T20:30,andar-1,0.908
2026-06-09T20:45,andar-1,0.958
2026-06-09T21:00,andar-1,1.048
2026-06-09T21:15,andar-1,0.942
2026-06-09T21:30,andar-1,0.904
2026-06-09T21:45,andar-1,1.028
2026-06-09T22:00,andar-1,0.676
2026-06-09T22:15,andar-1,0.586
2026-06-09T22:30,andar-1,0.678
2026-06-09T22:45,andar-1,0.604
2026-06-09T23:00,andar-1,0.607
2026-06-09T23:15,andar-1,0.616
2026-06-09T23:30,andar-1,0.586
2026-06-09T23:45,andar-1,0.573
2026-06-10T00:00,andar-1,0.523
2026-06-10T00:15,andar-1,0.571
2026-06-10T00:30,andar-1,0.573
2026-06-10T00:45,andar-1,0.537
2026-06-10T01:00,andar-1,0.548
2026-06-10T01:15,andar-1,0.567
2026-06-10T01:30,andar-1,0.535
2026-06-10T01:45,andar-1,0.565
2026-06-10T02:00,andar-1,0.592
2026-06-10T02:15,andar-1,0.470
2026-06-10T02:30,andar-1,0.549
2026-06-10T02:45,andar-1,0.521
2026-06-10T03:00,andar-1,0.650
2026-06-10T03:15,andar-1,0.542
2026-06-10T03:30,andar-1,0.572
2026-06-10T03:45,andar-1,0.563
2026-06-10T04:00,andar-1,0.530
2026-06-10T04:15,andar-1,0.551
2026-06-10T04:30,andar-1,0.520
2026-06-10T04:45,andar-1,0.525
2026-06-10T05:00,andar-1,0.499
2026-06-10T05:15,andar-1,0.534
2026-06-10T05:30,andar-1,0.439
2026-06-10T05:45,andar-1,0.609
2026-06-10T06:00,andar-1,0.762
2026-06-10T06:15,andar-1,0.606
2026-06-10T06:30,andar-1,0.685
2026-06-10T06:45,andar-1,0.774
2026-06-10T07:00,andar-1,0.827
2026-06-10T07:15,andar-1,0.680
2026-06-10T07:30,andar-1,0.688
2026-06-10T07:45,andar-1,0.719
2026-06-10T08:00,andar-1,0.770
2026-06-10T08:15,andar-1,0.686
2026-06-10T08:30,andar-1,0.722
2026-06-10T08:45,andar-1,0.690
2026-06-10T09:00,andar-1,0.756
2026-06-10T09:15,andar-1,0.730
2026-06-10T09:30,andar-1,0.653
2026-06-10T09:45,andar-1,0.741
2026-06-10T10:00,andar-1,0.866
2026-06-10T10:15,andar-1,0.939
2026-06-10T10:30,andar-1,0.899
2026-06-10T10:45,andar-1,0.829
2026-06-10T11:00,andar-1,0.863
2026-06-10T11:15,andar-1,0.869
2026-06-10T11:30,andar-1,0.908
2026-06-10T11:45,andar-1,0.843
2026-06-10T12:00,andar-1,0.851
2026-06-10T12:15,andar-1,0.854
2026-06-10T12:30,andar-1,0.800
2026-06-10T12:45,andar-1,0.901
2026-06-10T13:00,andar-1,0.732
2026-06-10T13:15,andar-1,0.883
2026-06-10T13:30,andar-1,0.837
2026-06-10T13:45,andar-1,1.072
2026-06-10T14:00,andar-1,0.718
2026-06-10T14:15,andar-1,0.735
2026-06-10T14:30,andar-1,0.842
2026-06-10T14:45,andar-1,0.873
2026-06-10T15:00,andar-1,0.793
2026-06-10T15:15,andar-1,0.765
2026-06-10T15:30,andar-1,0.839
2026-06-10T15:45,andar-1,0.772
2026-06-10T16:00,andar-1,0.886
2026-06-10T16:15,andar-1,0.935
2026-06-10T16:30,andar-1,0.797
2026-06-10T16:45,andar-1,0.875
2026-06-10T17:00,andar-1,0.989
2026-06-10T17:15,andar-1,0.925
2026-06-10T17:30,andar-1,1.005
2026-06-10T17:45,andar-1,0.906
2026-06-10T18:00,andar-1,0.911
2026-06-10T18:15,andar-1,1.164
2026-06-10T18:30,andar-1,0.991
2026-06-10T18:45,andar-1,0.976
2026-06-10T19:00,andar-1,0.807
2026-06-10T19:15,andar-1,0.895
2026-06-10T19:30,andar-1,0.908
2026-06-10T19:45,andar-1,0.898
2026-06-10T20:00,andar-1,0.885
2026-06-10T20:15,andar-1,0.921
2026-06-10T20:30,andar-1,0.886
2026-06-10T20:45,andar-1,0.942
2026-06-10T21:00,andar-1,0.922
2026-06-10T21:15,andar-1,0.918
2026-06-10T21:30,andar-1,0.999
2026-06-10T21:45,andar-1,0.890
2026-06-10T22:00,andar-1,0.606
2026-06-10T22:15,andar-1,0.519
2026-06-10T22:30,andar-1,0.620
2026-06-10T22:45,andar-1,0.594
2026-06-10T23:00,andar-1,0.575
2026-06-10T23:15,andar-1,0.633
2026-06-10T23:30,andar-1,0.538
2026-06-10T23:45,andar-1,0.631
2026-06-11T00:00,andar-1,0.618
2026-06-11T00:15,andar-1,0.490
2026-06-11T00:30,andar-1,0.516
2026-06-11T00:45,andar-1,0.521
2026-06-11T01:00,andar-1,0.530
2026-06-11T01:15,andar-1,0.557
2026-06-11T01:30,andar-1,0.536
2026-06-11T01:45,andar-1,0.546
2026-06-11T02:00,andar-1,0.515
2026-06-11T02:15,andar-1,0.567
2026-06-11T02:30,andar-1,0.597
2026-06-11T02:45,andar-1,0.537
2026-06-11T03:00,andar-1,0.646
2026-06-11T03:15,andar-1,0.613
2026-06-11T03:30,andar-1,0.556
2026-06-11T03:45,andar-1,0.524
2026-06-11T04:00,andar-1,0.611
2026-06-11T04:15,andar-1,0.516
2026-06-11T04:30,andar-1,0.553
2026-06-11T04:45,andar-1,0.540
2026-06-11T05:00,andar-1,0.572
2026-06-11T05:15,andar-1,0.594
2026-06-11T05:30,andar-1,0.564
2026-06-11T05:45,andar-1,0.530
2026-06-11T06:00,andar-1,0.704
2026-06-11T06:15,andar-1,0.726
2026-06-11T06:30,andar-1,0.647
2026-06-11T06:45,andar-1,0.649
2026-06-11T07:00,andar-1,0.707
2026-06-11T07:15,andar-1,0.727
2026-06-11T07:30,andar-1,0.766
2026-06-11T07:45,andar-1,0.727
2026-06-11T08:00,andar-1,0.659
2026-06-11T08:15,andar-1,0.656
2026-06-11T08:30,andar-1,0.663
2026-06-11T08:45,andar-1,0.698
2026-06-11T09:00,andar-1,0.739
2026-06-11T09:15,andar-1,0.631
2026-06-11T09:30,andar-1,0.605
2026-06-11T09:45,andar-1,0.589
2026-06-11T10:00,andar-1,0.812
2026-06-11T10:15,andar-1,0.840
2026-06-11T10:30,andar-1,0.934
2026-06-11T10:45,andar-1,0.857
2026-06-11T11:00,andar-1,0.814
2026-06-11T11:15,andar-1,0.841
2026-06-11T11:30,andar-1,0.922
2026-06-11T11:45,andar-1,0.786
2026-06-11T12:00,andar-1,0.918
2026-06-11T12:15,andar-1,0.878
2026-06-11T12:30,andar-1,0.931
2026-06-11T12:45,andar-1,0.878
2026-06-11T13:00,andar-1,0.892
2026-06-11T13:15,andar-1,0.790
2026-06-11T13:30,andar-1,0.779
2026-06-11T13:45,andar-1,0.921
2026-06-11T14:00,andar-1,0.901
2026-06-11T14:15,andar-1,0.877
2026-06-11T14:30,andar-1,0.894
2026-06-11T14:45,andar-1,0.774
2026-06-11T15:00,andar-1,0.835
2026-06-11T15:15,andar-1,0.863
2026-06-11T15:30,andar-1,0.951
2026-06-11T15:45,andar-1,0.838
2026-06-11T16:00,andar-1,0.900
2026-06-11T16:15,andar-1,0.939
2026-06-11T16:30,andar-1,0.884
2026-06-11T16:45,andar-1,0.764
2026-06-11T17:00,andar-1,0.875
2026-06-11T17:15,andar-1,0.848
2026-06-11T17:30,andar-1,1.057
2026-06-11T17:45,andar-1,0.973
2026-06-11T18:00,andar-1,0.984
2026-06-11T18:15,andar-1,1.016
2026-06-11T18:30,andar-1,0.947
2026-06-11T18:45,andar-1,0.943
2026-06-11T19:00,andar-1,0.967
2026-06-11T19:15,andar-1,0.925
2026-06-11T19:30,andar-1,0.870
2026-06-11T19:45,andar-1,0.964
2026-06-11T20:00,andar-1,0.931
2026-06-11T20:15,andar-1,0.997
2026-06-11T20:30,andar-1,1.021
2026-06-11T20:45,andar-1,1.008
2026-06-11T21:00,andar-1,0.957
2026-06-11T21:15,andar-1,1.006
2026-06-11T21:30,andar-1,0.919
2026-06-11T21:45,andar-1,0.884
2026-06-11T22:00,andar-1,0.634
2026-06-11T22:15,andar-1,0.547
2026-06-11T22:30,andar-1,0.642
2026-06-11T22:45,andar-1,0.556
2026-06-11T23:00,andar-1,0.665
2026-06-11T23:15,andar-1,0.576
2026-06-11T23:30,andar-1,0.599
2026-06-11T23:45,andar-1,0.602
2026-06-12T00:00,andar-1,0.481
2026-06-12T00:15,andar-1,0.598
2026-06-12T00:30,andar-1,0.535
2026-06-12T00:45,andar-1,0.594
2026-06-12T01:00,andar-1,0.521
2026-06-12T01:15,andar-1,0.564
2026-06-12T01:30,andar-1,0.560
2026-06-12T01:45,andar-1,0.516
2026-06-12T02:00,andar-1,0.553
2026-06-12T02:15,andar-1,0.564
2026-06-12T02:30,andar-1,0.565
2026-06-12T02:45,andar-1,0.485
2026-06-12T03:00,andar-1,0.628
2026-06-12T03:15,andar-1,0.553
2026-06-12T03:30,andar-1,0.607
2026-06-12T03:45,andar-1,0.584
2026-06-12T04:00,andar-1,0.535
2026-06-12T04:15,andar-1,0.522
2026-06-12T04:30,andar-1,0.513
2026-06-12T04:45,andar-1,0.546
2026-06-12T05:00,andar-1,0.530
2026-06-12T05:15,andar-1,0.606
2026-06-12T05:30,andar-1,0.588
2026-06-12T05:45,andar-1,0.547
2026-06-12T06:00,andar-1,0.645
2026-06-12T06:15,andar-1,0.697
2026-06-12T06:30,andar-1,0.703
2026-06-12T06:45,andar-1,0.653
2026-06-12T07:00,andar-1,0.724
2026-06-12T07:15,andar-1,0.787
2026-06-12T07:30,andar-1,0.596
2026-06-12T07:45,andar-1,0.657
2026-06-12T08:00,andar-1,0.608
2026-06-12T08:15,andar-1,0.564
2026-06-12T08:30,andar-1,0.645
2026-06-12T08:45,andar-1,0.705
2026-06-12T09:00,andar-1,0.752
2026-06-12T09:15,andar-1,0.742
2026-06-12T09:30,andar-1,0.741
2026-06-12T09:45,andar-1,0.599
2026-06-12T10:00,andar-1,0.891
2026-06-12T10:15,andar-1,0.836
2026-06-12T10:30,andar-1,0.745
2026-06-12T10:45,andar-1,0.813
2026-06-12T11:00,andar-1,0.669
2026-06-12T11:15,andar-1,0.812
2026-06-12T11:30,andar-1,0.843
2026-06-12T11:45,andar-1,0.702
2026-06-12T12:00,andar-1,0.871
2026-06-12T12:15,andar-1,0.931
2026-06-12T12:30,andar-1,0.778
2026-06-12T12:45,andar-1,0.788
2026-06-12T13:00,andar-1,0.711
2026-06-12T13:15,andar-1,0.682
2026-06-12T13:30,andar-1,0.830
2026-06-12T13:45,andar-1,0.773
2026-06-12T14:00,andar-1,0.953
2026-06-12T14:15,andar-1,1.020
2026-06-12T14:30,andar-1,0.874
2026-06-12T14:45,andar-1,0.861
2026-06-12T15:00,andar-1,0.834
2026-06-12T15:15,andar-1,0.829
2026-06-12T15:30,andar-1,0.810
2026-06-12T15:45,andar-1,0.823
2026-06-12T16:00,andar-1,0.870
2026-06-12T16:15,andar-1,0.867
2026-06-12T16:30,andar-1,0.765
2026-06-12T16:45,andar-1,0.961
2026-06-12T17:00,andar-1,0.957
2026-06-12T17:15,andar-1,1.027
2026-06-12T17:30,andar-1,1.088
2026-06-12T17:45,andar-1,0.885
2026-06-12T18:00,andar-1,1.003
2026-06-12T18:15,andar-1,0.985
2026-06-12T18:30,andar-1,0.891
2026-06-12T18:45,andar-1,1.144
2026-06-12T19:00,andar-1,0.978
2026-06-12T19:15,andar-1,0.976
2026-06-12T19:30,andar-1,0.900
2026-06-12T19:45,andar-1,0.966
2026-06-12T20:00,andar-1,0.876
2026-06-12T20:15,andar-1,0.946
2026-06-12T20:30,andar-1,0.999
2026-06-12T20:45,andar-1,0.865
2026-06-12T21:00,andar-1,0.810
2026-06-12T21:15,andar-1,0.956
2026-06-12T21:30,andar-1,0.900
2026-06-12T21:45,andar-1,1.007
2026-06-12T22:00,andar-1,0.708
2026-06-12T22:15,andar-1,0.569
2026-06-12T22:30,andar-1,0.606
2026-06-12T22:45,andar-1,0.554
2026-06-12T23:00,andar-1,0.606
2026-06-12T23:15,andar-1,0.538
2026-06-12T23:30,andar-1,0.572
2026-06-12T23:45,andar-1,0.503
2026-06-13T00:00,andar-1,0.543
2026-06-13T00:15,andar-1,0.573
2026-06-13T00:30,andar-1,0.483
2026-06-13T00:45,andar-1,0.467
2026-06-13T01:00,andar-1,0.565
2026-06-13T01:15,andar-1,0.500
2026-06-13T01:30,andar-1,0.520
2026-06-13T01:45,andar-1,0.531
2026-06-13T02:00,andar-1,0.557
2026-06-13T02:15,andar-1,0.510
2026-06-13T02:30,andar-1,0.504
2026-06-13T02:45,andar-1,0.428
2026-06-13T03:00,andar-1,0.591
2026-06-13T03:15,andar-1,0.504
2026-06-13T03:30,andar-1,0.464
2026-06-13T03:45,andar-1,0.487
2026-06-13T04:00,andar-1,0.488
2026-06-13T04:15,andar-1,0.503
2026-06-13T04:30,andar-1,0.480
2026-06-13T04:45,andar-1,0.435
2026-06-13T05:00,andar-1,0.602
2026-06-13T05:15,andar-1,0.516
2026-06-13T05:30,andar-1,0.476
2026-06-13T05:45,andar-1,0.515
2026-06-13T06:00,andar-1,0.687
2026-06-13T06:15,andar-1,0.628
2026-06-13T06:30,andar-1,0.652
2026-06-13T06:45,andar-1,0.615
2026-06-13T07:00,andar-1,0.678
2026-06-13T07:15,andar-1,0.757
2026-06-13T07:30,andar-1,0.673
2026-06-13T07:45,andar-1,0.663
2026-06-13T08:00,andar-1,0.572
2026-06-13T08:15,andar-1,0.687
2026-06-13T08:30,andar-1,0.638
2026-06-13T08:45,andar-1,0.540
2026-06-13T09:00,andar-1,0.661
2026-06-13T09:15,andar-1,0.535
2026-06-13T09:30,andar-1,0.684
2026-06-13T09:45,andar-1,0.643
2026-06-13T10:00,andar-1,0.797
2026-06-13T10:15,andar-1,0.861
2026-06-13T10:30,andar-1,0.664
2026-06-13T10:45,andar-1,0.817
2026-06-13T11:00,andar-1,0.799
2026-06-13T11:15,andar-1,0.632
2026-06-13T11:30,andar-1,0.689
2026-06-13T11:45,andar-1,0.689
2026-06-13T12:00,andar-1,0.728
2026-06-13T12:15,andar-1,0.820
2026-06-13T12:30,andar-1,0.647
2026-06-13T12:45,andar-1,0.733
2026-06-13T13:00,andar-1,0.730
2026-06-13T13:15,andar-1,0.813
2026-06-13T13:30,andar-1,0.802
2026-06-13T13:45,andar-1,0.815
2026-06-13T14:00,andar-1,0.751
2026-06-13T14:15,andar-1,0.756
2026-06-13T14:30,andar-1,0.732
2026-06-13T14:45,andar-1,0.869
2026-06-13T15:00,andar-1,0.885
2026-06-13T15:15,andar-1,0.932
2026-06-13T15:30,andar-1,0.705
2026-06-13T15:45,andar-1,0.745
2026-06-13T16:00,andar-1,0.832
2026-06-13T16:15,andar-1,0.823
2026-06-13T16:30,andar-1,0.758
2026-06-13T16:45,andar-1,0.763
2026-06-13T17:00,andar-1,0.863
2026-06-13T17:15,andar-1,1.039
2026-06-13T17:30,andar-1,0.963
2026-06-13T17:45,andar-1,0.848
2026-06-13T18:00,andar-1,0.759
2026-06-13T18:15,andar-1,0.809
2026-06-13T18:30,andar-1,0.994
2026-06-13T18:45,andar-1,0.798
2026-06-13T19:00,andar-1,0.943
2026-06-13T19:15,andar-1,0.827
2026-06-13T19:30,andar-1,0.817
2026-06-13T19:45,andar-1,0.929
2026-06-13T20:00,andar-1,0.826
2026-06-13T20:15,andar-1,0.807
2026-06-13T20:30,andar-1,0.800
2026-06-13T20:45,andar-1,0.888
2026-06-13T21:00,andar-1,0.873
2026-06-13T21:15,andar-1,0.859
2026-06-13T21:30,andar-1,0.803
2026-06-13T21:45,andar-1,0.861
2026-06-13T22:00,andar-1,0.556
2026-06-13T22:15,andar-1,0.542
2026-06-13T22:30,andar-1,0.570
2026-06-13T22:45,andar-1,0.536
2026-06-13T23:00,andar-1,0.636
2026-06-13T23:15,andar-1,0.512
2026-06-13T23:30,andar-1,0.606
2026-06-13T23:45,andar-1,0.512
2026-06-14T00:00,andar-1,0.543
2026-06-14T00:15,andar-1,0.528
2026-06-14T00:30,andar-1,0.553
2026-06-14T00:45,andar-1,0.471
2026-06-14T01:00,andar-1,0.471
2026-06-14T01:15,andar-1,0.477
2026-06-14T01:30,andar-1,0.529
2026-06-14T01:45,andar-1,0.548
2026-06-14T02:00,andar-1,0.515
2026-06-14T02:15,andar-1,0.441
2026-06-14T02:30,andar-1,0.518
2026-06-14T02:45,andar-1,0.517
2026-06-14T03:00,andar-1,0.492
2026-06-14T03:15,andar-1,0.424
2026-06-14T03:30,andar-1,0.421
2026-06-14T03:45,andar-1,0.481
2026-06-14T04:00,andar-1,0.524
2026-06-14T04:15,andar-1,0.518
2026-06-14T04:30,andar-1,0.493
2026-06-14T04:45,andar-1,0.525
2026-06-14T05:00,andar-1,0.533
2026-06-14T05:15,andar-1,0.527
2026-06-14T05:30,andar-1,0.474
2026-06-14T05:45,andar-1,0.541
2026-06-14T06:00,andar-1,0.595
2026-06-14T06:15,andar-1,0.557
2026-06-14T06:30,andar-1,0.634
2026-06-14T06:45,andar-1,0.677
2026-06-14T07:00,andar-1,0.718
2026-06-14T07:15,andar-1,0.603
2026-06-14T07:30,andar-1,0.659
2026-06-14T07:45,andar-1,0.547
2026-06-14T08:00,andar-1,0.598
2026-06-14T08:15,andar-1,0.603
2026-06-14T08:30,andar-1,0.689
2026-06-14T08:45,andar-1,0.556
2026-06-14T09:00,andar-1,0.731
2026-06-14T09:15,andar-1,0.629
2026-06-14T09:30,andar-1,0.632
2026-06-14T09:45,andar-1,0.534
2026-06-14T10:00,andar-1,0.696
2026-06-14T10:15,andar-1,0.771
2026-06-14T10:30,andar-1,0.688
2026-06-14T10:45,andar-1,0.676
2026-06-14T11:00,andar-1,0.828
2026-06-14T11:15,andar-1,0.763
2026-06-14T11:30,andar-1,0.780
2026-06-14T11:45,andar-1,0.800
2026-06-14T12:00,andar-1,0.762
2026-06-14T12:15,andar-1,0.821
2026-06-14T12:30,andar-1,0.734
2026-06-14T12:45,andar-1,0.809
2026-06-14T13:00,andar-1,0.799
2026-06-14T13:15,andar-1,0.763
2026-06-14T13:30,andar-1,0.829
2026-06-14T13:45,andar-1,0.747
2026-06-14T14:00,andar-1,0.766
2026-06-14T14:15,andar-1,0.571
2026-06-14T14:30,andar-1,0.749
2026-06-14T14:45,andar-1,0.799
2026-06-14T15:00,andar-1,0.778
2026-06-14T15:15,andar-1,0.716
2026-06-14T15:30,andar-1,0.798
2026-06-14T15:45,andar-1,0.798
2026-06-14T16:00,andar-1,0.743
2026-06-14T16:15,andar-1,0.787
2026-06-14T16:30,andar-1,0.835
2026-06-14T16:45,andar-1,0.660
2026-06-14T17:00,andar-1,0.771
2026-06-14T17:15,andar-1,0.982
2026-06-14T17:30,andar-1,0.838
2026-06-14T17:45,andar-1,0.741
2026-06-14T18:00,andar-1,0.853
2026-06-14T18:15,andar-1,0.959
2026-06-14T18:30,andar-1,0.877
2026-06-14T18:45,andar-1,0.765
2026-06-14T19:00,andar-1,0.727
2026-06-14T19:15,andar-1,0.932
2026-06-14T19:30,andar-1,0.946
2026-06-14T19:45,andar-1,0.976
2026-06-14T20:00,andar-1,0.832
2026-06-14T20:15,andar-1,0.950
2026-06-14T20:30,andar-1,0.763
2026-06-14T20:45,andar-1,0.859
2026-06-14T21:00,andar-1,0.788
2026-06-14T21:15,andar-1,0.804
2026-06-14T21:30,andar-1,0.942
2026-06-14T21:45,andar-1,0.867
2026-06-14T22:00,andar-1,0.565
2026-06-14T22:15,andar-1,0.538
2026-06-14T22:30,andar-1,0.510
2026-06-14T22:45,andar-1,0.503
2026-06-14T23:00,andar-1,0.571
2026-06-14T23:15,andar-1,0.565
2026-06-14T23:30,andar-1,0.618
2026-06-14T23:45,andar-1,0.571
2026-06-15T00:00,andar-1,0.600
2026-06-15T00:15,andar-1,0.548
2026-06-15T00:30,andar-1,0.557
2026-06-15T00:45,andar-1,0.543
2026-06-15T01:00,andar-1,0.555
2026-06-15T01:15,andar-1,0.492
2026-06-15T01:30,andar-1,0.551
2026-06-15T01:45,andar-1,0.494
2026-06-15T02:00,andar-1,0.544
2026-06-15T02:15,andar-1,0.502
2026-06-15T02:30,andar-1,0.488
2026-06-15T02:45,andar-1,0.547
2026-06-15T03:00,andar-1,0.649
2026-06-15T03:15,andar-1,0.545
2026-06-15T03:30,andar-1,0.540
2026-06-15T03:45,andar-1,0.519
2026-06-15T04:00,andar-1,0.547
2026-06-15T04:15,andar-1,0.549
2026-06-15T04:30,andar-1,0.510
2026-06-15T04:45,andar-1,0.628
2026-06-15T05:00,andar-1,0.534
2026-06-15T05:15,andar-1,0.639
2026-06-15T05:30,andar-1,0.462
2026-06-15T05:45,andar-1,0.604
2026-06-15T06:00,andar-1,0.733
2026-06-15T06:15,andar-1,0.765
2026-06-15T06:30,andar-1,0.588
2026-06-15T06:45,andar-1,0.686
2026-06-15T07:00,andar-1,0.661
2026-06-15T07:15,andar-1,0.680
2026-06-15T07:30,andar-1,0.768
2026-06-15T07:45,andar-1,0.698
2026-06-15T08:00,andar-1,0.749
2026-06-15T08:15,andar-1,0.661
2026-06-15T08:30,andar-1,0.681
2026-06-15T08:45,andar-1,0.711
2026-06-15T09:00,andar-1,0.753
2026-06-15T09:15,andar-1,0.660
2026-06-15T09:30,andar-1,0.725
2026-06-15T09:45,andar-1,0.652
2026-06-15T10:00,andar-1,0.811
2026-06-15T10:15,andar-1,0.972
2026-06-15T10:30,andar-1,0.824
2026-06-15T10:45,andar-1,0.888
2026-06-15T11:00,andar-1,0.895
2026-06-15T11:15,andar-1,0.953
2026-06-15T11:30,andar-1,0.835
2026-06-15T11:45,andar-1,0.722
2026-06-15T12:00,andar-1,0.871
2026-06-15T12:15,andar-1,1.014
2026-06-15T12:30,andar-1,0.832
2026-06-15T12:45,andar-1,0.848
2026-06-15T13:00,andar-1,0.885
2026-06-15T13:15,andar-1,0.820
2026-06-15T13:30,andar-1,0.843
2026-06-15T13:45,andar-1,0.804
2026-06-15T14:00,andar-1,0.792
2026-06-15T14:15,andar-1,0.826
2026-06-15T14:30,andar-1,0.843
2026-06-15T14:45,andar-1,0.902
2026-06-15T15:00,andar-1,0.854
2026-06-15T15:15,andar-1,0.803
2026-06-15T15:30,andar-1,0.890
2026-06-15T15:45,andar-1,0.857
2026-06-15T16:00,andar-1,0.779
2026-06-15T16:15,andar-1,0.890
2026-06-15T16:30,andar-1,0.865
2026-06-15T16:45,andar-1,0.921
2026-06-15T17:00,andar-1,1.043
2026-06-15T17:15,andar-1,1.002
2026-06-15T17:30,andar-1,0.837
2026-06-15T17:45,andar-1,0.858
2026-06-15T18:00,andar-1,0.992
2026-06-15T18:15,andar-1,0.980
2026-06-15T18:30,andar-1,0.894
2026-06-15T18:45,andar-1,1.084
2026-06-15T19:00,andar-1,1.033
2026-06-15T19:15,andar-1,0.837
2026-06-15T19:30,andar-1,1.001
2026-06-15T19:45,andar-1,0.903
2026-06-15T20:00,andar-1,1.078
2026-06-15T20:15,andar-1,0.967
2026-06-15T20:30,andar-1,0.911
2026-06-15T20:45,andar-1,1.090
2026-06-15T21:00,andar-1,1.043
2026-06-15T21:15,andar-1,0.928
2026-06-15T21:30,andar-1,0.883
2026-06-15T21:45,andar-1,1.041
2026-06-15T22:00,andar-1,0.656
2026-06-15T22:15,andar-1,0.591
2026-06-15T22:30,andar-1,0.636
2026-06-15T22:45,andar-1,0.660
2026-06-15T23:00,andar-1,0.549
2026-06-15T23:15,andar-1,0.557
2026-06-15T23:30,andar-1,0.504
2026-06-15T23:45,andar-1,0.563
2026-06-16T00:00,andar-1,0.549
2026-06-16T00:15,andar-1,0.527
2026-06-16T00:30,andar-1,0.521
2026-06-16T00:45,andar-1,0.521
2026-06-16T01:00,andar-1,0.591
2026-06-16T01:15,andar-1,0.544
2026-06-16T01:30,andar-1,0.611
2026-06-16T01:45,andar-1,0.602
2026-06-16T02:00,andar-1,0.623
2026-06-16T02:15,andar-1,0.525
2026-06-16T02:30,andar-1,0.553
2026-06-16T02:45,andar-1,0.572
2026-06-16T03:00,andar-1,0.536
2026-06-16T03:15,andar-1,0.530
2026-06-16T03:30,andar-1,0.585
2026-06-16T03:45,andar-1,0.632
2026-06-16T04:00,andar-1,0.595
2026-06-16T04:15,andar-1,0.543
2026-06-16T04:30,andar-1,0.613
2026-06-16T04:45,andar-1,0.504
2026-06-16T05:00,andar-1,0.532
2026-06-16T05:15,andar-1,0.479
2026-06-16T05:30,andar-1,0.500
2026-06-16T05:45,andar-1,0.584
2026-06-16T06:00,andar-1,0.516
2026-06-16T06:15,andar-1,0.729
2026-06-16T06:30,andar-1,0.724
2026-06-16T06:45,andar-1,0.801
2026-06-16T07:00,andar-1,0.700
2026-06-16T07:15,andar-1,0.643
2026-06-16T07:30,andar-1,0.624
2026-06-16T07:45,andar-1,0.739
2026-06-16T08:00,andar-1,0.796
2026-06-16T08:15,andar-1,0.760
2026-06-16T08:30,andar-1,0.758
2026-06-16T08:45,andar-1,0.662
2026-06-16T09:00,andar-1,0.701
2026-06-16T09:15,andar-1,0.626
2026-06-16T09:30,andar-1,0.694
2026-06-16T09:45,andar-1,0.710
2026-06-16T10:00,andar-1,0.799
2026-06-16T10:15,andar-1,0.753
2026-06-16T10:30,andar-1,0.883
2026-06-16T10:45,andar-1,0.781
2026-06-16T11:00,andar-1,0.924
2026-06-16T11:15,andar-1,0.889
2026-06-16T11:30,andar-1,0.915
2026-06-16T11:45,andar-1,0.854
2026-06-16T12:00,andar-1,0.842
2026-06-16T12:15,andar-1,0.740
2026-06-16T12:30,andar-1,0.767
2026-06-16T12:45,andar-1,0.767
2026-06-16T13:00,andar-1,0.721
2026-06-16T13:15,andar-1,0.742
2026-06-16T13:30,andar-1,0.881
2026-06-16T13:45,andar-1,0.930
2026-06-16T14:00,andar-1,0.868
2026-06-16T14:15,andar-1,0.685
2026-06-16T14:30,andar-1,0.803
2026-06-16T14:45,andar-1,0.815
2026-06-16T15:00,andar-1,0.938
2026-06-16T15:15,andar-1,0.863
2026-06-16T15:30,andar-1,0.832
2026-06-16T15:45,andar-1,0.804
2026-06-16T16:00,andar-1,0.884
2026-06-16T16:15,andar-1,0.825
2026-06-16T16:30,andar-1,0.878
2026-06-16T16:45,andar-1,0.798
2026-06-16T17:00,andar-1,0.934
2026-06-16T17:15,andar-1,0.961
2026-06-16T17:30,andar-1,0.918
2026-06-16T17:45,andar-1,0.970
2026-06-16T18:00,andar-1,0.984
2026-06-16T18:15,andar-1,1.100
2026-06-16T18:30,andar-1,0.983
2026-06-16T18:45,andar-1,0.970
2026-06-16T19:00,andar-1,0.962
2026-06-16T19:15,andar-1,0.950
2026-06-16T19:30,andar-1,0.804
2026-06-16T19:45,andar-1,0.991
2026-06-16T20:00,andar-1,0.811
2026-06-16T20:15,andar-1,0.941
2026-06-16T20:30,andar-1,0.937
2026-06-16T20:45,andar-1,1.107
2026-06-16T21:00,andar-1,0.976
2026-06-16T21:15,andar-1,0.999
2026-06-16T21:30,andar-1,0.958
2026-06-16T21:45,andar-1,0.840
2026-06-16T22:00,andar-1,0.514
2026-06-16T22:15,andar-1,0.589
2026-06-16T22:30,andar-1,0.561
2026-06-16T22:45,andar-1,0.623
2026-06-16T23:00,andar-1,0.587
2026-06-16T23:15,andar-1,0.635
2026-06-16T23:30,andar-1,0.635
2026-06-16T23:45,andar-1,0.609
2026-06-17T00:00,andar-1,0.701
2026-06-17T00:15,andar-1,0.573
2026-06-17T00:30,andar-1,0.632
2026-06-17T00:45,andar-1,0.548
2026-06-17T01:00,andar-1,0.508
2026-06-17T01:15,andar-1,0.640
2026-06-17T01:30,andar-1,0.610
2026-06-17T01:45,andar-1,0.515
2026-06-17T02:00,andar-1,0.594
2026-06-17T02:15,andar-1,0.600
2026-06-17T02:30,andar-1,0.530
2026-06-17T02:45,andar-1,0.461
2026-06-17T03:00,andar-1,0.574
2026-06-17T03:15,andar-1,0.544
2026-06-17T03:30,andar-1,0.503
2026-06-17T03:45,andar-1,0.546
2026-06-17T04:00,andar-1,0.628
2026-06-17T04:15,andar-1,0.689
2026-06-17T04:30,andar-1,0.482
2026-06-17T04:45,andar-1,0.515
2026-06-17T05:00,andar-1,0.505
2026-06-17T05:15,andar-1,0.612
2026-06-17T05:30,andar-1,0.615
2026-06-17T05:45,andar-1,0.554
2026-06-17T06:00,andar-1,0.639
2026-06-17T06:15,andar-1,0.641
2026-06-17T06:30,andar-1,0.486
2026-06-17T06:45,andar-1,0.737
2026-06-17T07:00,andar-1,0.712
2026-06-17T07:15,andar-1,0.719
2026-06-17T07:30,andar-1,0.633
2026-06-17T07:45,andar-1,0.694
2026-06-17T08:00,andar-1,0.676
2026-06-17T08:15,andar-1,0.688
2026-06-17T08:30,andar-1,0.680
2026-06-17T08:45,andar-1,0.685
2026-06-17T09:00,andar-1,0.698
2026-06-17T09:15,andar-1,0.751
2026-06-17T09:30,andar-1,0.718
2026-06-17T09:45,andar-1,0.673
2026-06-17T10:00,andar-1,0.907
2026-06-17T10:15,andar-1,0.879
2026-06-17T10:30,andar-1,0.909
2026-06-17T10:45,andar-1,0.824
2026-06-17T11:00,andar-1,0.821
2026-06-17T11:15,andar-1,0.874
2026-06-17T11:30,andar-1,0.811
2026-06-17T11:45,andar-1,0.812
2026-06-17T12:00,andar-1,0.958
2026-06-17T12:15,andar-1,0.836
2026-06-17T12:30,andar-1,0.977
2026-06-17T12:45,andar-1,0.823
2026-06-17T13:00,andar-1,0.900
2026-06-17T13:15,andar-1,0.919
2026-06-17T13:30,andar-1,0.853
2026-06-17T13:45,andar-1,0.683
2026-06-17T14:00,andar-1,0.884
2026-06-17T14:15,andar-1,0.857
2026-06-17T14:30,andar-1,0.825
2026-06-17T14:45,andar-1,0.787
2026-06-17T15:00,andar-1,0.788
2026-06-17T15:15,andar-1,0.802
2026-06-17T15:30,andar-1,0.826
2026-06-17T15:45,andar-1,0.818
2026-06-17T16:00,andar-1,0.819
2026-06-17T16:15,andar-1,0.742
2026-06-17T16:30,andar-1,0.801
2026-06-17T16:45,andar-1,0.907
2026-06-17T17:00,andar-1,0.897
2026-06-17T17:15,andar-1,0.932
2026-06-17T17:30,andar-1,0.897
2026-06-17T17:45,andar-1,0.926
2026-06-17T18:00,andar-1,1.008
2026-06-17T18:15,andar-1,1.014
2026-06-17T18:30,andar-1,0.864
2026-06-17T18:45,andar-1,0.918
2026-06-17T19:00,andar-1,0.913
2026-06-17T19:15,andar-1,0.880
2026-06-17T19:30,andar-1,0.928
2026-06-17T19:45,andar-1,0.867
2026-06-17T20:00,andar-1,0.878
2026-06-17T20:15,andar-1,0.908
2026-06-17T20:30,andar-1,1.102
2026-06-17T20:45,andar-1,0.777
2026-06-17T21:00,andar-1,0.889
2026-06-17T21:15,andar-1,0.933
2026-06-17T21:30,andar-1,0.903
2026-06-17T21:45,andar-1,0.969
2026-06-17T22:00,andar-1,0.509
2026-06-17T22:15,andar-1,0.584
2026-06-17T22:30,andar-1,0.545
2026-06-17T22:45,andar-1,0.568
2026-06-17T23:00,andar-1,0.523
2026-06-17T23:15,andar-1,0.593
2026-06-17T23:30,andar-1,0.672
2026-06-17T23:45,andar-1,0.641
2026-06-18T00:00,andar-1,0.479
2026-06-18T00:15,andar-1,0.561
2026-06-18T00:30,andar-1,0.556
2026-06-18T00:45,andar-1,0.563
2026-06-18T01:00,andar-1,0.592
2026-06-18T01:15,andar-1,0.486
2026-06-18T01:30,andar-1,0.498
2026-06-18T01:45,andar-1,0.603
2026-06-18T02:00,andar-1,0.581
2026-06-18T02:15,andar-1,0.547
2026-06-18T02:30,andar-1,0.515
2026-06-18T02:45,andar-1,0.608
2026-06-18T03:00,andar-1,0.588
2026-06-18T03:15,andar-1,0.519
2026-06-18T03:30,andar-1,0.562
2026-06-18T03:45,andar-1,0.545
2026-06-18T04:00,andar-1,0.587
2026-06-18T04:15,andar-1,0.537
2026-06-18T04:30,andar-1,0.586
2026-06-18T04:45,andar-1,0.553
2026-06-18T05:00,andar-1,0.579
2026-06-18T05:15,andar-1,0.544
2026-06-18T05:30,andar-1,0.559
2026-06-18T05:45,andar-1,0.599
2026-06-18T06:00,andar-1,0.706
2026-06-18T06:15,andar-1,0.844
2026-06-18T06:30,andar-1,0.693
2026-06-18T06:45,andar-1,0.685
2026-06-18T07:00,andar-1,0.723
2026-06-18T07:15,andar-1,0.783
2026-06-18T07:30,andar-1,0.698
2026-06-18T07:45,andar-1,0.614
2026-06-18T08:00,andar-1,0.734
2026-06-18T08:15,andar-1,0.665
2026-06-18T08:30,andar-1,0.596
2026-06-18T08:45,andar-1,0.747
2026-06-18T09:00,andar-1,0.771
2026-06-18T09:15,andar-1,0.761
2026-06-18T09:30,andar-1,0.722
2026-06-18T09:45,andar-1,0.764
2026-06-18T10:00,andar-1,0.752
2026-06-18T10:15,andar-1,0.889
2026-06-18T10:30,andar-1,0.829
2026-06-18T10:45,andar-1,0.813
2026-06-18T11:00,andar-1,0.770
2026-06-18T11:15,andar-1,0.920
2026-06-18T11:30,andar-1,0.832
2026-06-18T11:45,andar-1,0.847
2026-06-18T12:00,andar-1,0.773
2026-06-18T12:15,andar-1,0.837
2026-06-18T12:30,andar-1,0.693
2026-06-18T12:45,andar-1,0.825
2026-06-18T13:00,andar-1,0.898
2026-06-18T13:15,andar-1,0.835
2026-06-18T13:30,andar-1,0.818
2026-06-18T13:45,andar-1,0.813
2026-06-18T14:00,andar-1,0.789
2026-06-18T14:15,andar-1,0.732
2026-06-18T14:30,andar-1,0.873
2026-06-18T14:45,andar-1,0.768
2026-06-18T15:00,andar-1,0.848
2026-06-18T15:15,andar-1,0.905
2026-06-18T15:30,andar-1,0.935
2026-06-18T15:45,andar-1,0.898
2026-06-18T16:00,andar-1,0.871
2026-06-18T16:15,andar-1,0.764
2026-06-18T16:30,andar-1,0.734
2026-06-18T16:45,andar-1,0.837
2026-06-18T17:00,andar-1,0.944
2026-06-18T17:15,andar-1,1.004
2026-06-18T17:30,andar-1,0.866
2026-06-18T17:45,andar-1,0.825
2026-06-18T18:00,andar-1,0.973
2026-06-18T18:15,andar-1,1.024
2026-06-18T18:30,andar-1,0.873
2026-06-18T18:45,andar-1,1.011
2026-06-18T19:00,andar-1,1.008
2026-06-18T19:15,andar-1,0.972
2026-06-18T19:30,andar-1,0.980
2026-06-18T19:45,andar-1,0.886
2026-06-18T20:00,andar-1,0.972
2026-06-18T20:15,andar-1,1.056
2026-06-18T20:30,andar-1,1.003
2026-06-18T20:45,andar-1,0.910
2026-06-18T21:00,andar-1,0.856
2026-06-18T21:15,andar-1,1.002
2026-06-18T21:30,andar-1,0.900
2026-06-18T21:45,andar-1,1.005
2026-06-18T22:00,andar-1,0.661
2026-06-18T22:15,andar-1,0.629
2026-06-18T22:30,andar-1,0.570
2026-06-18T22:45,andar-1,0.629
2026-06-18T23:00,andar-1,0.636
2026-06-18T23:15,andar-1,0.647
2026-06-18T23:30,andar-1,0.645
2026-06-18T23:45,andar-1,0.564
2026-06-19T00:00,andar-1,0.587
2026-06-19T00:15,andar-1,0.523
2026-06-19T00:30,andar-1,0.576
2026-06-19T00:45,andar-1,0.541
2026-06-19T01:00,andar-1,0.552
2026-06-19T01:15,andar-1,0.557
2026-06-19T01:30,andar-1,0.595
2026-06-19T01:45,andar-1,0.487
2026-06-19T02:00,andar-1,0.520
2026-06-19T02:15,andar-1,0.564
2026-06-19T02:30,andar-1,0.567
2026-06-19T02:45,andar-1,0.564
2026-06-19T03:00,andar-1,0.526
2026-06-19T03:15,andar-1,0.504
2026-06-19T03:30,andar-1,0.527
2026-06-19T03:45,andar-1,0.639
2026-06-19T04:00,andar-1,0.479
2026-06-19T04:15,andar-1,0.494
2026-06-19T04:30,andar-1,0.655
2026-06-19T04:45,andar-1,0.564
2026-06-19T05:00,andar-1,0.545
2026-06-19T05:15,andar-1,0.570
2026-06-19T05:30,andar-1,0.575
2026-06-19T05:45,andar-1,0.557
2026-06-19T06:00,andar-1,0.696
2026-06-19T06:15,andar-1,0.722
2026-06-19T06:30,andar-1,0.798
2026-06-19T06:45,andar-1,0.649
2026-06-19T07:00,andar-1,0.716
2026-06-19T07:15,andar-1,0.707
2026-06-19T07:30,andar-1,0.621
2026-06-19T07:45,andar-1,0.758
2026-06-19T08:00,andar-1,0.722
2026-06-19T08:15,andar-1,0.660
2026-06-19T08:30,andar-1,0.666
2026-06-19T08:45,andar-1,0.649
2026-06-19T09:00,andar-1,0.788
2026-06-19T09:15,andar-1,0.641
2026-06-19T09:30,andar-1,0.776
2026-06-19T09:45,andar-1,0.697
2026-06-19T10:00,andar-1,0.834
2026-06-19T10:15,andar-1,0.787
2026-06-19T10:30,andar-1,0.944
2026-06-19T10:45,andar-1,0.884
2026-06-19T11:00,andar-1,0.824
2026-06-19T11:15,andar-1,0.859
2026-06-19T11:30,andar-1,0.736
2026-06-19T11:45,andar-1,0.819
2026-06-19T12:00,andar-1,0.945
2026-06-19T12:15,andar-1,0.795
2026-06-19T12:30,andar-1,0.843
2026-06-19T12:45,andar-1,0.887
2026-06-19T13:00,andar-1,0.880
2026-06-19T13:15,andar-1,0.838
2026-06-19T13:30,andar-1,0.897
2026-06-19T13:45,andar-1,0.777
2026-06-19T14:00,andar-1,0.811
2026-06-19T14:15,andar-1,0.792
2026-06-19T14:30,andar-1,0.842
2026-06-19T14:45,andar-1,0.820
2026-06-19T15:00,andar-1,0.846
2026-06-19T15:15,andar-1,0.770
2026-06-19T15:30,andar-1,1.000
2026-06-19T15:45,andar-1,0.915
2026-06-19T16:00,andar-1,0.788
2026-06-19T16:15,andar-1,0.824
2026-06-19T16:30,andar-1,0.875
2026-06-19T16:45,andar-1,0.730
2026-06-19T17:00,andar-1,0.873
2026-06-19T17:15,andar-1,0.952
2026-06-19T17:30,andar-1,0.954
2026-06-19T17:45,andar-1,0.976
2026-06-19T18:00,andar-1,1.042
2026-06-19T18:15,andar-1,1.011
2026-06-19T18:30,andar-1,1.117
2026-06-19T18:45,andar-1,1.003
2026-06-19T19:00,andar-1,0.936
2026-06-19T19:15,andar-1,0.958
2026-06-19T19:30,andar-1,0.961
2026-06-19T19:45,andar-1,0.903
2026-06-19T20:00,andar-1,0.920
2026-06-19T20:15,andar-1,0.954
2026-06-19T20:30,andar-1,0.867
2026-06-19T20:45,andar-1,1.036
2026-06-19T21:00,andar-1,1.016
2026-06-19T21:15,andar-1,0.991
2026-06-19T21:30,andar-1,0.852
2026-06-19T21:45,andar-1,0.859
2026-06-19T22:00,andar-1,0.565
2026-06-19T22:15,andar-1,0.549
2026-06-19T22:30,andar-1,0.626
2026-06-19T22:45,andar-1,0.577
2026-06-19T23:00,andar-1,0.599
2026-06-19T23:15,andar-1,0.640
2026-06-19T23:30,andar-1,0.578
2026-06-19T23:45,andar-1,0.582
2026-06-20T00:00,andar-1,0.480
2026-06-20T00:15,andar-1,0.496
2026-06-20T00:30,andar-1,0.452
2026-06-20T00:45,andar-1,0.513
2026-06-20T01:00,andar-1,0.543
2026-06-20T01:15,andar-1,0.507
2026-06-20T01:30,andar-1,0.490
2026-06-20T01:45,andar-1,0.540
2026-06-20T02:00,andar-1,0.463
2026-06-20T02:15,andar-1,0.448
2026-06-20T02:30,andar-1,0.470
2026-06-20T02:45,andar-1,0.445
2026-06-20T03:00,andar-1,0.511
2026-06-20T03:15,andar-1,0.497
2026-06-20T03:30,andar-1,0.510
2026-06-20T03:45,andar-1,0.555
2026-06-20T04:00,andar-1,0.521
2026-06-20T04:15,andar-1,0.510
2026-06-20T04:30,andar-1,0.566
2026-06-20T04:45,andar-1,0.449
2026-06-20T05:00,andar-1,0.464
2026-06-20T05:15,andar-1,0.510
2026-06-20T05:30,andar-1,0.480
2026-06-20T05:45,andar-1,0.517
2026-06-20T06:00,andar-1,0.609
2026-06-20T06:15,andar-1,0.617
2026-06-20T06:30,andar-1,0.611
2026-06-20T06:45,andar-1,0.592
2026-06-20T07:00,andar-1,0.584
2026-06-20T07:15,andar-1,0.681
2026-06-20T07:30,andar-1,0.531
2026-06-20T07:45,andar-1,0.694
2026-06-20T08:00,andar-1,0.558
2026-06-20T08:15,andar-1,0.654
2026-06-20T08:30,andar-1,0.645
2026-06-20T08:45,andar-1,0.638
2026-06-20T09:00,andar-1,0.589
2026-06-20T09:15,andar-1,0.661
2026-06-20T09:30,andar-1,0.631
2026-06-20T09:45,andar-1,0.620
2026-06-20T10:00,andar-1,0.770
2026-06-20T10:15,andar-1,0.623
2026-06-20T10:30,andar-1,0.702
2026-06-20T10:45,andar-1,0.771
2026-06-20T11:00,andar-1,0.694
2026-06-20T11:15,andar-1,0.649
2026-06-20T11:30,andar-1,0.811
2026-06-20T11:45,andar-1,0.865
2026-06-20T12:00,andar-1,0.773
2026-06-20T12:15,andar-1,0.855
2026-06-20T12:30,andar-1,0.744
2026-06-20T12:45,andar-1,0.754
2026-06-20T13:00,andar-1,0.769
2026-06-20T13:15,andar-1,0.680
2026-06-20T13:30,andar-1,0.865
2026-06-20T13:45,andar-1,0.771
2026-06-20T14:00,andar-1,0.714
2026-06-20T14:15,andar-1,0.754
2026-06-20T14:30,andar-1,0.758
2026-06-20T14:45,andar-1,0.794
2026-06-20T15:00,andar-1,0.677
2026-06-20T15:15,andar-1,0.816
2026-06-20T15:30,andar-1,0.800
2026-06-20T15:45,andar-1,0.734
2026-06-20T16:00,andar-1,0.803
2026-06-20T16:15,andar-1,0.798
2026-06-20T16:30,andar-1,0.764
2026-06-20T16:45,andar-1,0.812
2026-06-20T17:00,andar-1,0.836
2026-06-20T17:15,andar-1,0.820
2026-06-20T17:30,andar-1,0.834
2026-06-20T17:45,andar-1,0.941
2026-06-20T18:00,andar-1,0.868
2026-06-20T18:15,andar-1,0.751
2026-06-20T18:30,andar-1,0.909
2026-06-20T18:45,andar-1,0.912
2026-06-20T19:00,andar-1,0.749
2026-06-20T19:15,andar-1,0.715
2026-06-20T19:30,andar-1,0.785
2026-06-20T19:45,andar-1,0.870
2026-06-20T20:00,andar-1,0.956
2026-06-20T20:15,andar-1,0.882
2026-06-20T20:30,andar-1,1.005
2026-06-20T20:45,andar-1,0.913
2026-06-20T21:00,andar-1,0.933
2026-06-20T21:15,andar-1,0.996
2026-06-20T21:30,andar-1,0.872
2026-06-20T21:45,andar-1,0.878
2026-06-20T22:00,andar-1,0.484
2026-06-20T22:15,andar-1,0.577
2026-06-20T22:30,andar-1,0.586
2026-06-20T22:45,andar-1,0.567
2026-06-20T23:00,andar-1,0.522
2026-06-20T23:15,andar-1,0.516
2026-06-20T23:30,andar-1,0.489
2026-06-20T23:45,andar-1,0.579
2026-06-21T00:00,andar-1,0.524
2026-06-21T00:15,andar-1,0.499
2026-06-21T00:30,andar-1,0.489
2026-06-21T00:45,andar-1,0.451
2026-06-21T01:00,andar-1,0.535
2026-06-21T01:15,andar-1,0.477
2026-06-21T01:30,andar-1,0.542
2026-06-21T01:45,andar-1,0.527
2026-06-21T02:00,andar-1,0.474
2026-06-21T02:15,andar-1,0.473
2026-06-21T02:30,andar-1,0.412
2026-06-21T02:45,andar-1,0.538
2026-06-21T03:00,andar-1,0.497
2026-06-21T03:15,andar-1,0.482
2026-06-21T03:30,andar-1,0.523
2026-06-21T03:45,andar-1,0.559
2026-06-21T04:00,andar-1,0.549
2026-06-21T04:15,andar-1,0.503
2026-06-21T04:30,andar-1,0.541
2026-06-21T04:45,andar-1,0.517
2026-06-21T05:00,andar-1,0.443
2026-06-21T05:15,andar-1,0.524
2026-06-21T05:30,andar-1,0.469
2026-06-21T05:45,andar-1,0.553
2026-06-21T06:00,andar-1,0.705
2026-06-21T06:15,andar-1,0.619
2026-06-21T06:30,andar-1,0.614
2026-06-21T06:45,andar-1,0.633
2026-06-21T07:00,andar-1,0.558
2026-06-21T07:15,andar-1,0.687
2026-06-21T07:30,andar-1,0.628
2026-06-21T07:45,andar-1,0.695
2026-06-21T08:00,andar-1,0.579
2026-06-21T08:15,andar-1,0.712
2026-06-21T08:30,andar-1,0.593
2026-06-21T08:45,andar-1,0.680
2026-06-21T09:00,andar-1,0.633
2026-06-21T09:15,andar-1,0.665
2026-06-21T09:30,andar-1,0.663
2026-06-21T09:45,andar-1,0.609
2026-06-21T10:00,andar-1,0.633
2026-06-21T10:15,andar-1,0.796
2026-06-21T10:30,andar-1,0.821
2026-06-21T10:45,andar-1,0.805
2026-06-21T11:00,andar-1,0.791
2026-06-21T11:15,andar-1,0.721
2026-06-21T11:30,andar-1,0.743
2026-06-21T11:45,andar-1,0.705
2026-06-21T12:00,andar-1,0.746
2026-06-21T12:15,andar-1,0.725
2026-06-21T12:30,andar-1,0.813
2026-06-21T12:45,andar-1,0.726
2026-06-21T13:00,andar-1,0.625
2026-06-21T13:15,andar-1,0.658
2026-06-21T13:30,andar-1,0.817
2026-06-21T13:45,andar-1,0.680
2026-06-21T14:00,andar-1,0.688
2026-06-21T14:15,andar-1,0.862
2026-06-21T14:30,andar-1,0.719
2026-06-21T14:45,andar-1,0.667
2026-06-21T15:00,andar-1,0.726
2026-06-21T15:15,andar-1,0.745
2026-06-21T15:30,andar-1,0.787
2026-06-21T15:45,andar-1,0.792
2026-06-21T16:00,andar-1,0.719
2026-06-21T16:15,andar-1,0.685
2026-06-21T16:30,andar-1,0.901
2026-06-21T16:45,andar-1,0.748
2026-06-21T17:00,andar-1,0.825
2026-06-21T17:15,andar-1,0.829
2026-06-21T17:30,andar-1,0.880
2026-06-21T17:45,andar-1,0.902
2026-06-21T18:00,andar-1,0.868
2026-06-21T18:15,andar-1,0.842
2026-06-21T18:30,andar-1,0.775
2026-06-21T18:45,andar-1,0.791
2026-06-21T19:00,andar-1,0.847
2026-06-21T19:15,andar-1,0.832
2026-06-21T19:30,andar-1,0.821
2026-06-21T19:45,andar-1,0.884
2026-06-21T20:00,andar-1,0.735
2026-06-21T20:15,andar-1,0.832
2026-06-21T20:30,andar-1,0.893
2026-06-21T20:45,andar-1,0.841
2026-06-21T21:00,andar-1,0.885
2026-06-21T21:15,andar-1,0.764
2026-06-21T21:30,andar-1,0.809
2026-06-21T21:45,andar-1,0.995
2026-06-21T22:00,andar-1,0.557
2026-06-21T22:15,andar-1,0.468
2026-06-21T22:30,andar-1,0.586
2026-06-21T22:45,andar-1,0.654
2026-06-21T23:00,andar-1,0.567
2026-06-21T23:15,andar-1,0.506
2026-06-21T23:30,andar-1,0.592
2026-06-21T23:45,andar-1,0.599
2026-06-22T00:00,andar-1,0.496
2026-06-22T00:15,andar-1,0.569
2026-06-22T00:30,andar-1,0.486
2026-06-22T00:45,andar-1,0.525
2026-06-22T01:00,andar-1,0.440
2026-06-22T01:15,andar-1,0.589
2026-06-22T01:30,andar-1,0.567
2026-06-22T01:45,andar-1,0.570
2026-06-22T02:00,andar-1,0.542
2026-06-22T02:15,andar-1,0.615
2026-06-22T02:30,andar-1,0.533
2026-06-22T02:45,andar-1,0.520
2026-06-22T03:00,andar-1,0.588
2026-06-22T03:15,andar-1,0.589
2026-06-22T03:30,andar-1,0.621
2026-06-22T03:45,andar-1,0.453
2026-06-22T04:00,andar-1,0.540
2026-06-22T04:15,andar-1,0.643
2026-06-22T04:30,andar-1,0.569
2026-06-22T04:45,andar-1,0.539
2026-06-22T05:00,andar-1,0.593
2026-06-22T05:15,andar-1,0.533
2026-06-22T05:30,andar-1,0.586
2026-06-22T05:45,andar-1,0.511
2026-06-22T06:00,andar-1,0.702
2026-06-22T06:15,andar-1,0.692
2026-06-22T06:30,andar-1,0.745
2026-06-22T06:45,andar-1,0.715
2026-06-22T07:00,andar-1,0.788
2026-06-22T07:15,andar-1,0.751
2026-06-22T07:30,andar-1,0.705
2026-06-22T07:45,andar-1,0.696
2026-06-22T08:00,andar-1,0.689
2026-06-22T08:15,andar-1,0.739
2026-06-22T08:30,andar-1,0.669
2026-06-22T08:45,andar-1,0.609
2026-06-22T09:00,andar-1,0.727
2026-06-22T09:15,andar-1,0.711
2026-06-22T09:30,andar-1,0.782
2026-06-22T09:45,andar-1,0.729
2026-06-22T10:00,andar-1,0.763
2026-06-22T10:15,andar-1,0.850
2026-06-22T10:30,andar-1,0.804
2026-06-22T10:45,andar-1,0.907
2026-06-22T11:00,andar-1,0.808
2026-06-22T11:15,andar-1,0.825
2026-06-22T11:30,andar-1,0.932
2026-06-22T11:45,andar-1,0.897
2026-06-22T12:00,andar-1,0.815
2026-06-22T12:15,andar-1,0.795
2026-06-22T12:30,andar-1,0.902
2026-06-22T12:45,andar-1,0.949
2026-06-22T13:00,andar-1,0.847
2026-06-22T13:15,andar-1,0.821
2026-06-22T13:30,andar-1,0.831
2026-06-22T13:45,andar-1,0.824
2026-06-22T14:00,andar-1,0.880
2026-06-22T14:15,andar-1,0.771
2026-06-22T14:30,andar-1,0.877
2026-06-22T14:45,andar-1,0.929
2026-06-22T15:00,andar-1,0.909
2026-06-22T15:15,andar-1,0.784
2026-06-22T15:30,andar-1,0.891
2026-06-22T15:45,andar-1,0.907
2026-06-22T16:00,andar-1,0.751
2026-06-22T16:15,andar-1,0.871
2026-06-22T16:30,andar-1,0.787
2026-06-22T16:45,andar-1,0.806
2026-06-22T17:00,andar-1,0.980
2026-06-22T17:15,andar-1,0.895
2026-06-22T17:30,andar-1,0.918
2026-06-22T17:45,andar-1,0.947
2026-06-22T18:00,andar-1,0.994
2026-06-22T18:15,andar-1,0.956
2026-06-22T18:30,andar-1,0.916
2026-06-22T18:45,andar-1,0.989
2026-06-22T19:00,andar-1,0.865
2026-06-22T19:15,andar-1,0.922
2026-06-22T19:30,andar-1,0.945
2026-06-22T19:45,andar-1,0.830
2026-06-22T20:00,andar-1,1.058
2026-06-22T20:15,andar-1,0.977
2026-06-22T20:30,andar-1,1.033
2026-06-22T20:45,andar-1,0.887
2026-06-22T21:00,andar-1,0.955
2026-06-22T21:15,andar-1,0.919
2026-06-22T21:30,andar-1,0.947
2026-06-22T21:45,andar-1,0.891
2026-06-22T22:00,andar-1,0.512
2026-06-22T22:15,andar-1,0.562
2026-06-22T22:30,andar-1,0.603
2026-06-22T22:45,andar-1,0.672
2026-06-22T23:00,andar-1,0.549
2026-06-22T23:15,andar-1,0.659
2026-06-22T23:30,andar-1,0.543
2026-06-22T23:45,andar-1,0.665
2026-06-23T00:00,andar-1,0.482
2026-06-23T00:15,andar-1,0.645
2026-06-23T00:30,andar-1,0.616
2026-06-23T00:45,andar-1,0.501
2026-06-23T01:00,andar-1,0.521
2026-06-23T01:15,andar-1,0.532
2026-06-23T01:30,andar-1,0.535
2026-06-23T01:45,andar-1,0.554
2026-06-23T02:00,andar-1,0.578
2026-06-23T02:15,andar-1,0.544
2026-06-23T02:30,andar-1,0.600
2026-06-23T02:45,andar-1,0.507
2026-06-23T03:00,andar-1,0.560
2026-06-23T03:15,andar-1,0.633
2026-06-23T03:30,andar-1,0.514
2026-06-23T03:45,andar-1,0.520
2026-06-23T04:00,andar-1,0.579
2026-06-23T04:15,andar-1,0.592
2026-06-23T04:30,andar-1,0.509
2026-06-23T04:45,andar-1,0.591
2026-06-23T05:00,andar-1,0.546
2026-06-23T05:15,andar-1,0.596
2026-06-23T05:30,andar-1,0.521
2026-06-23T05:45,andar-1,0.459
2026-06-23T06:00,andar-1,0.675
2026-06-23T06:15,andar-1,0.659
2026-06-23T06:30,andar-1,0.664
2026-06-23T06:45,andar-1,0.621
2026-06-23T07:00,andar-1,0.739
2026-06-23T07:15,andar-1,0.651
2026-06-23T07:30,andar-1,0.704
2026-06-23T07:45,andar-1,0.684
2026-06-23T08:00,andar-1,0.685
2026-06-23T08:15,andar-1,0.715
2026-06-23T08:30,andar-1,0.688
2026-06-23T08:45,andar-1,0.701
2026-06-23T09:00,andar-1,0.759
2026-06-23T09:15,andar-1,0.804
2026-06-23T09:30,andar-1,0.736
2026-06-23T09:45,andar-1,0.732
2026-06-23T10:00,andar-1,0.868
2026-06-23T10:15,andar-1,0.876
2026-06-23T10:30,andar-1,0.823
2026-06-23T10:45,andar-1,0.829
2026-06-23T11:00,andar-1,0.755
2026-06-23T11:15,andar-1,0.742
2026-06-23T11:30,andar-1,0.800
2026-06-23T11:45,andar-1,1.010
2026-06-23T12:00,andar-1,0.858
2026-06-23T12:15,andar-1,0.932
2026-06-23T12:30,andar-1,0.874
2026-06-23T12:45,andar-1,0.924
2026-06-23T13:00,andar-1,1.079
2026-06-23T13:15,andar-1,0.844
2026-06-23T13:30,andar-1,0.807
2026-06-23T13:45,andar-1,0.801
2026-06-23T14:00,andar-1,0.830
2026-06-23T14:15,andar-1,0.828
2026-06-23T14:30,andar-1,0.824
2026-06-23T14:45,andar-1,0.822
2026-06-23T15:00,andar-1,0.809
2026-06-23T15:15,andar-1,0.834
2026-06-23T15:30,andar-1,0.860
2026-06-23T15:45,andar-1,0.825
2026-06-23T16:00,andar-1,0.845
2026-06-23T16:15,andar-1,0.957
2026-06-23T16:30,andar-1,0.775
2026-06-23T16:45,andar-1,0.912
2026-06-23T17:00,andar-1,1.023
2026-06-23T17:15,andar-1,0.905
2026-06-23T17:30,andar-1,0.869
2026-06-23T17:45,andar-1,0.998
2026-06-23T18:00,andar-1,0.834
2026-06-23T18:15,andar-1,1.029
2026-06-23T18:30,andar-1,0.980
2026-06-23T18:45,andar-1,0.954
2026-06-23T19:00,andar-1,0.939
2026-06-23T19:15,andar-1,0.955
2026-06-23T19:30,andar-1,0.861
2026-06-23T19:45,andar-1,0.833
2026-06-23T20:00,andar-1,1.014
2026-06-23T20:15,andar-1,0.927
2026-06-23T20:30,andar-1,0.951
2026-06-23T20:45,andar-1,0.951
2026-06-23T21:00,andar-1,1.012
2026-06-23T21:15,andar-1,0.998
2026-06-23T21:30,andar-1,1.070
2026-06-23T21:45,andar-1,0.905
2026-06-23T22:00,andar-1,0.618
2026-06-23T22:15,andar-1,0.671
2026-06-23T22:30,andar-1,0.602
2026-06-23T22:45,andar-1,0.549
2026-06-23T23:00,andar-1,0.536
2026-06-23T23:15,andar-1,0.559
2026-06-23T23:30,andar-1,0.654
2026-06-23T23:45,andar-1,0.593
2026-06-24T00:00,andar-1,0.619
2026-06-24T00:15,andar-1,0.509
2026-06-24T00:30,andar-1,0.560
2026-06-24T00:45,andar-1,0.559
2026-06-24T01:00,andar-1,0.555
2026-06-24T01:15,andar-1,0.543
2026-06-24T01:30,andar-1,0.512
2026-06-24T01:45,andar-1,0.531
2026-06-24T02:00,andar-1,0.643
2026-06-24T02:15,andar-1,0.544
2026-06-24T02:30,andar-1,0.560
2026-06-24T02:45,andar-1,0.644
2026-06-24T03:00,andar-1,0.510
2026-06-24T03:15,andar-1,0.603
2026-06-24T03:30,andar-1,0.517
2026-06-24T03:45,andar-1,0.553
2026-06-24T04:00,andar-1,0.602
2026-06-24T04:15,andar-1,0.540
2026-06-24T04:30,andar-1,0.609
2026-06-24T04:45,andar-1,0.508
2026-06-24T05:00,andar-1,0.552
2026-06-24T05:15,andar-1,0.468
2026-06-24T05:30,andar-1,0.478
2026-06-24T05:45,andar-1,0.570
2026-06-24T06:00,andar-1,0.735
2026-06-24T06:15,andar-1,0.667
2026-06-24T06:30,andar-1,0.580
2026-06-24T06:45,andar-1,0.641
2026-06-24T07:00,andar-1,0.775
2026-06-24T07:15,andar-1,0.621
2026-06-24T07:30,andar-1,0.758
2026-06-24T07:45,andar-1,0.707
2026-06-24T08:00,andar-1,0.689
2026-06-24T08:15,andar-1,0.716
2026-06-24T08:30,andar-1,0.751
2026-06-24T08:45,andar-1,0.685
2026-06-24T09:00,andar-1,0.671
2026-06-24T09:15,andar-1,0.764
2026-06-24T09:30,andar-1,0.648
2026-06-24T09:45,andar-1,0.670
2026-06-24T10:00,andar-1,0.887
2026-06-24T10:15,andar-1,0.898
2026-06-24T10:30,andar-1,0.713
2026-06-24T10:45,andar-1,0.886
2026-06-24T11:00,andar-1,0.717
2026-06-24T11:15,andar-1,0.859
2026-06-24T11:30,andar-1,0.733
2026-06-24T11:45,andar-1,0.908
2026-06-24T12:00,andar-1,0.879
2026-06-24T12:15,andar-1,0.838
2026-06-24T12:30,andar-1,0.808
2026-06-24T12:45,andar-1,0.810
2026-06-24T13:00,andar-1,0.825
2026-06-24T13:15,andar-1,0.752
2026-06-24T13:30,andar-1,0.839
2026-06-24T13:45,andar-1,0.897
2026-06-24T14:00,andar-1,0.799
2026-06-24T14:15,andar-1,0.865
2026-06-24T14:30,andar-1,0.872
2026-06-24T14:45,andar-1,0.699
2026-06-24T15:00,andar-1,0.938
2026-06-24T15:15,andar-1,0.823
2026-06-24T15:30,andar-1,0.910
2026-06-24T15:45,andar-1,0.791
2026-06-24T16:00,andar-1,0.795
2026-06-24T16:15,andar-1,0.837
2026-06-24T16:30,andar-1,0.871
2026-06-24T16:45,andar-1,0.774
2026-06-24T17:00,andar-1,0.906
2026-06-24T17:15,andar-1,0.970
2026-06-24T17:30,andar-1,0.900
2026-06-24T17:45,andar-1,1.013
2026-06-24T18:00,andar-1,0.963
2026-06-24T18:15,andar-1,1.024
2026-06-24T18:30,andar-1,1.046
2026-06-24T18:45,andar-1,0.955
2026-06-24T19:00,andar-1,1.042
2026-06-24T19:15,andar-1,0.768
2026-06-24T19:30,andar-1,0.986
2026-06-24T19:45,andar-1,1.003
2026-06-24T20:00,andar-1,0.870
2026-06-24T20:15,andar-1,0.941
2026-06-24T20:30,andar-1,1.027
2026-06-24T20:45,andar-1,0.886
2026-06-24T21:00,andar-1,0.921
2026-06-24T21:15,andar-1,0.954
2026-06-24T21:30,andar-1,0.980
2026-06-24T21:45,andar-1,0.940
2026-06-24T22:00,andar-1,0.557
2026-06-24T22:15,andar-1,0.558
2026-06-24T22:30,andar-1,0.677
2026-06-24T22:45,andar-1,0.590
2026-06-24T23:00,andar-1,0.614
2026-06-24T23:15,andar-1,0.633
2026-06-24T23:30,andar-1,0.560
2026-06-24T23:45,andar-1,0.615
2026-06-25T00:00,andar-1,0.501
2026-06-25T00:15,andar-1,0.630
2026-06-25T00:30,andar-1,0.510
2026-06-25T00:45,andar-1,0.630
2026-06-25T01:00,andar-1,0.625
2026-06-25T01:15,andar-1,0.554
2026-06-25T01:30,andar-1,0.584
2026-06-25T01:45,andar-1,0.547
2026-06-25T02:00,andar-1,0.572
2026-06-25T02:15,andar-1,0.606
2026-06-25T02:30,andar-1,0.544
2026-06-25T02:45,andar-1,0.523
2026-06-25T03:00,andar-1,0.541
2026-06-25T03:15,andar-1,0.572
2026-06-25T03:30,andar-1,0.537
2026-06-25T03:45,andar-1,0.483
2026-06-25T04:00,andar-1,0.546
2026-06-25T04:15,andar-1,0.580
2026-06-25T04:30,andar-1,0.576
2026-06-25T04:45,andar-1,0.513
2026-06-25T05:00,andar-1,0.487
2026-06-25T05:15,andar-1,0.541
2026-06-25T05:30,andar-1,0.576
2026-06-25T05:45,andar-1,0.582
2026-06-25T06:00,andar-1,0.672
2026-06-25T06:15,andar-1,0.733
2026-06-25T06:30,andar-1,0.651
2026-06-25T06:45,andar-1,0.869
2026-06-25T07:00,andar-1,0.672
2026-06-25T07:15,andar-1,0.664
2026-06-25T07:30,andar-1,0.741
2026-06-25T07:45,andar-1,0.632
2026-06-25T08:00,andar-1,0.682
2026-06-25T08:15,andar-1,0.734
2026-06-25T08:30,andar-1,0.705
2026-06-25T08:45,andar-1,0.678
2026-06-25T09:00,andar-1,0.723
2026-06-25T09:15,andar-1,0.641
2026-06-25T09:30,andar-1,0.729
2026-06-25T09:45,andar-1,0.665
2026-06-25T10:00,andar-1,0.911
2026-06-25T10:15,andar-1,0.788
2026-06-25T10:30,andar-1,0.869
2026-06-25T10:45,andar-1,0.847
2026-06-25T11:00,andar-1,0.779
2026-06-25T11:15,andar-1,0.872
2026-06-25T11:30,andar-1,0.942
2026-06-25T11:45,andar-1,0.862
2026-06-25T12:00,andar-1,0.818
2026-06-25T12:15,andar-1,0.932
2026-06-25T12:30,andar-1,0.779
2026-06-25T12:45,andar-1,0.783
2026-06-25T13:00,andar-1,0.744
2026-06-25T13:15,andar-1,0.848
2026-06-25T13:30,andar-1,0.922
2026-06-25T13:45,andar-1,0.972
2026-06-25T14:00,andar-1,0.801
2026-06-25T14:15,andar-1,0.902
2026-06-25T14:30,andar-1,0.962
2026-06-25T14:45,andar-1,0.844
2026-06-25T15:00,andar-1,0.775
2026-06-25T15:15,andar-1,0.869
2026-06-25T15:30,andar-1,0.800
2026-06-25T15:45,andar-1,0.933
2026-06-25T16:00,andar-1,0.900
2026-06-25T16:15,andar-1,0.856
2026-06-25T16:30,andar-1,0.902
2026-06-25T16:45,andar-1,0.913
2026-06-25T17:00,andar-1,0.928
2026-06-25T17:15,andar-1,0.958
2026-06-25T17:30,andar-1,0.838
2026-06-25T17:45,andar-1,0.977
2026-06-25T18:00,andar-1,0.926
2026-06-25T18:15,andar-1,1.016
2026-06-25T18:30,andar-1,1.014
2026-06-25T18:45,andar-1,0.929
2026-06-25T19:00,andar-1,0.930
2026-06-25T19:15,andar-1,0.984
2026-06-25T19:30,andar-1,1.025
2026-06-25T19:45,andar-1,1.017
2026-06-25T20:00,andar-1,0.929
2026-06-25T20:15,andar-1,0.766
2026-06-25T20:30,andar-1,0.886
2026-06-25T20:45,andar-1,0.882
2026-06-25T21:00,andar-1,1.019
2026-06-25T21:15,andar-1,0.920
2026-06-25T21:30,andar-1,0.852
2026-06-25T21:45,andar-1,0.951
2026-06-25T22:00,andar-1,0.562
2026-06-25T22:15,andar-1,0.546
2026-06-25T22:30,andar-1,0.653
2026-06-25T22:45,andar-1,0.572
2026-06-25T23:00,andar-1,0.679
2026-06-25T23:15,andar-1,0.575
2026-06-25T23:30,andar-1,0.622
2026-06-25T23:45,andar-1,0.668
2026-06-26T00:00,andar-1,0.576
2026-06-26T00:15,andar-1,0.552
2026-06-26T00:30,andar-1,0.510
2026-06-26T00:45,andar-1,0.468
2026-06-26T01:00,andar-1,0.516
2026-06-26T01:15,andar-1,0.450
2026-06-26T01:30,andar-1,0.503
2026-06-26T01:45,andar-1,0.575
2026-06-26T02:00,andar-1,0.572
2026-06-26T02:15,andar-1,0.568
2026-06-26T02:30,andar-1,0.529
2026-06-26T02:45,andar-1,0.551
2026-06-26T03:00,andar-1,0.607
2026-06-26T03:15,andar-1,0.585
2026-06-26T03:30,andar-1,0.638
2026-06-26T03:45,andar-1,0.525
2026-06-26T04:00,andar-1,0.504
2026-06-26T04:15,andar-1,0.529
2026-06-26T04:30,andar-1,0.545
2026-06-26T04:45,andar-1,0.500
2026-06-26T05:00,andar-1,0.511
2026-06-26T05:15,andar-1,0.524
2026-06-26T05:30,andar-1,0.486
2026-06-26T05:45,andar-1,0.578
2026-06-26T06:00,andar-1,0.593
2026-06-26T06:15,andar-1,0.769
2026-06-26T06:30,andar-1,0.668
2026-06-26T06:45,andar-1,0.690
2026-06-26T07:00,andar-1,0.674
2026-06-26T07:15,andar-1,0.786
2026-06-26T07:30,andar-1,0.714
2026-06-26T07:45,andar-1,0.758
2026-06-26T08:00,andar-1,0.699
2026-06-26T08:15,andar-1,0.699
2026-06-26T08:30,andar-1,0.746
2026-06-26T08:45,andar-1,0.695
2026-06-26T09:00,andar-1,0.605
2026-06-26T09:15,andar-1,0.671
2026-06-26T09:30,andar-1,0.678
2026-06-26T09:45,andar-1,0.755
2026-06-26T10:00,andar-1,0.796
2026-06-26T10:15,andar-1,0.868
2026-06-26T10:30,andar-1,0.885
2026-06-26T10:45,andar-1,0.841
2026-06-26T11:00,andar-1,0.772
2026-06-26T11:15,andar-1,0.735
2026-06-26T11:30,andar-1,0.861
2026-06-26T11:45,andar-1,0.865
2026-06-26T12:00,andar-1,0.899
2026-06-26T12:15,andar-1,0.831
2026-06-26T12:30,andar-1,0.857
2026-06-26T12:45,andar-1,0.806
2026-06-26T13:00,andar-1,0.888
2026-06-26T13:15,andar-1,0.936
2026-06-26T13:30,andar-1,0.923
2026-06-26T13:45,andar-1,0.815
2026-06-26T14:00,andar-1,0.906
2026-06-26T14:15,andar-1,0.820
2026-06-26T14:30,andar-1,0.885
2026-06-26T14:45,andar-1,0.950
2026-06-26T15:00,andar-1,0.898
2026-06-26T15:15,andar-1,0.767
2026-06-26T15:30,andar-1,0.786
2026-06-26T15:45,andar-1,0.825
2026-06-26T16:00,andar-1,0.860
2026-06-26T16:15,andar-1,0.877
2026-06-26T16:30,andar-1,0.805
2026-06-26T16:45,andar-1,0.815
2026-06-26T17:00,andar-1,0.916
2026-06-26T17:15,andar-1,0.825
2026-06-26T17:30,andar-1,0.852
2026-06-26T17:45,andar-1,0.887
2026-06-26T18:00,andar-1,0.935
2026-06-26T18:15,andar-1,0.856
2026-06-26T18:30,andar-1,0.938
2026-06-26T18:45,andar-1,0.863
2026-06-26T19:00,andar-1,0.955
2026-06-26T19:15,andar-1,0.925
2026-06-26T19:30,andar-1,0.964
2026-06-26T19:45,andar-1,0.956
2026-06-26T20:00,andar-1,0.996
2026-06-26T20:15,andar-1,0.896
2026-06-26T20:30,andar-1,0.832
2026-06-26T20:45,andar-1,0.784
2026-06-26T21:00,andar-1,1.065
2026-06-26T21:15,andar-1,0.779
2026-06-26T21:30,andar-1,0.876
2026-06-26T21:45,andar-1,0.934
2026-06-26T22:00,andar-1,0.506
2026-06-26T22:15,andar-1,0.639
2026-06-26T22:30,andar-1,0.653
2026-06-26T22:45,andar-1,0.619
2026-06-26T23:00,andar-1,0.597
2026-06-26T23:15,andar-1,0.602
2026-06-26T23:30,andar-1,0.582
2026-06-26T23:45,andar-1,0.508
2026-06-27T00:00,andar-1,0.489
2026-06-27T00:15,andar-1,0.572
2026-06-27T00:30,andar-1,0.559
2026-06-27T00:45,andar-1,0.571
2026-06-27T01:00,andar-1,0.537
2026-06-27T01:15,andar-1,0.504
2026-06-27T01:30,andar-1,0.434
2026-06-27T01:45,andar-1,0.457
2026-06-27T02:00,andar-1,0.482
2026-06-27T02:15,andar-1,0.541
2026-06-27T02:30,andar-1,0.442
2026-06-27T02:45,andar-1,0.546
2026-06-27T03:00,andar-1,0.496
2026-06-27T03:15,andar-1,0.461
2026-06-27T03:30,andar-1,0.488
2026-06-27T03:45,andar-1,0.506
2026-06-27T04:00,andar-1,0.476
2026-06-27T04:15,andar-1,0.504
2026-06-27T04:30,andar-1,0.476
2026-06-27T04:45,andar-1,0.589
2026-06-27T05:00,andar-1,0.537
2026-06-27T05:15,andar-1,0.494
2026-06-27T05:30,andar-1,0.516
2026-06-27T05:45,andar-1,0.524
2026-06-27T06:00,andar-1,0.658
2026-06-27T06:15,andar-1,0.699
2026-06-27T06:30,andar-1,0.627
2026-06-27T06:45,andar-1,0.718
2026-06-27T07:00,andar-1,0.661
2026-06-27T07:15,andar-1,0.602
2026-06-27T07:30,andar-1,0.675
2026-06-27T07:45,andar-1,0.641
2026-06-27T08:00,andar-1,0.576
2026-06-27T08:15,andar-1,0.559
2026-06-27T08:30,andar-1,0.597
2026-06-27T08:45,andar-1,0.670
2026-06-27T09:00,andar-1,0.649
2026-06-27T09:15,andar-1,0.630
2026-06-27T09:30,andar-1,0.621
2026-06-27T09:45,andar-1,0.626
2026-06-27T10:00,andar-1,0.760
2026-06-27T10:15,andar-1,0.782
2026-06-27T10:30,andar-1,0.802
2026-06-27T10:45,andar-1,0.808
2026-06-27T11:00,andar-1,0.823
2026-06-27T11:15,andar-1,0.676
2026-06-27T11:30,andar-1,0.778
2026-06-27T11:45,andar-1,0.721
2026-06-27T12:00,andar-1,0.933
2026-06-27T12:15,andar-1,0.769
2026-06-27T12:30,andar-1,0.828
2026-06-27T12:45,andar-1,0.644
2026-06-27T13:00,andar-1,0.771
2026-06-27T13:15,andar-1,0.650
2026-06-27T13:30,andar-1,0.808
2026-06-27T13:45,andar-1,0.861
2026-06-27T14:00,andar-1,0.745
2026-06-27T14:15,andar-1,0.785
2026-06-27T14:30,andar-1,0.799
2026-06-27T14:45,andar-1,0.750
2026-06-27T15:00,andar-1,0.823
2026-06-27T15:15,andar-1,0.724
2026-06-27T15:30,andar-1,0.687
2026-06-27T15:45,andar-1,0.690
2026-06-27T16:00,andar-1,0.739
2026-06-27T16:15,andar-1,0.820
2026-06-27T16:30,andar-1,0.701
2026-06-27T16:45,andar-1,0.662
2026-06-27T17:00,andar-1,0.864
2026-06-27T17:15,andar-1,0.839
2026-06-27T17:30,andar-1,0.868
2026-06-27T17:45,andar-1,0.902
2026-06-27T18:00,andar-1,1.005
2026-06-27T18:15,andar-1,0.803
2026-06-27T18:30,andar-1,0.854
2026-06-27T18:45,andar-1,0.912
2026-06-27T19:00,andar-1,0.793
2026-06-27T19:15,andar-1,0.882
2026-06-27T19:30,andar-1,0.817
2026-06-27T19:45,andar-1,0.986
2026-06-27T20:00,andar-1,0.861
2026-06-27T20:15,andar-1,0.765
2026-06-27T20:30,andar-1,0.894
2026-06-27T20:45,andar-1,0.743
2026-06-27T21:00,andar-1,0.808
2026-06-27T21:15,andar-1,0.778
2026-06-27T21:30,andar-1,0.789
2026-06-27T21:45,andar-1,1.008
2026-06-27T22:00,andar-1,0.534
2026-06-27T22:15,andar-1,0.534
2026-06-27T22:30,andar-1,0.589
2026-06-27T22:45,andar-1,0.544
2026-06-27T23:00,andar-1,0.461
2026-06-27T23:15,andar-1,0.601
2026-06-27T23:30,andar-1,0.584
2026-06-27T23:45,andar-1,0.562
2026-06-28T00:00,andar-1,0.471
2026-06-28T00:15,andar-1,0.547
2026-06-28T00:30,andar-1,0.477
2026-06-28T00:45,andar-1,0.428
2026-06-28T01:00,andar-1,0.422
2026-06-28T01:15,andar-1,0.473
2026-06-28T01:30,andar-1,0.485
2026-06-28T01:45,andar-1,0.471
2026-06-28T02:00,andar-1,0.467
2026-06-28T02:15,andar-1,0.444
2026-06-28T02:30,andar-1,0.497
2026-06-28T02:45,andar-1,0.514
2026-06-28T03:00,andar-1,0.504
2026-06-28T03:15,andar-1,0.481
2026-06-28T03:30,andar-1,0.492
2026-06-28T03:45,andar-1,0.489
2026-06-28T04:00,andar-1,0.549
2026-06-28T04:15,andar-1,0.508
2026-06-28T04:30,andar-1,0.482
2026-06-28T04:45,andar-1,0.508
2026-06-28T05:00,andar-1,0.487
2026-06-28T05:15,andar-1,0.535
2026-06-28T05:30,andar-1,0.483
2026-06-28T05:45,andar-1,0.472
2026-06-28T06:00,andar-1,0.644
2026-06-28T06:15,andar-1,0.661
2026-06-28T06:30,andar-1,0.670
2026-06-28T06:45,andar-1,0.659
2026-06-28T07:00,andar-1,0.590
2026-06-28T07:15,andar-1,0.624
2026-06-28T07:30,andar-1,0.606
2026-06-28T07:45,andar-1,0.640
2026-06-28T08:00,andar-1,0.548
2026-06-28T08:15,andar-1,0.597
2026-06-28T08:30,andar-1,0.648
2026-06-28T08:45,andar-1,0.602
2026-06-28T09:00,andar-1,0.605
2026-06-28T09:15,andar-1,0.569
2026-06-28T09:30,andar-1,0.680
2026-06-28T09:45,andar-1,0.681
2026-06-28T10:00,andar-1,0.715
2026-06-28T10:15,andar-1,0.637
2026-06-28T10:30,andar-1,0.806
2026-06-28T10:45,andar-1,0.936
2026-06-28T11:00,andar-1,0.824
2026-06-28T11:15,andar-1,0.782
2026-06-28T11:30,andar-1,0.704
2026-06-28T11:45,andar-1,0.760
2026-06-28T12:00,andar-1,0.717
2026-06-28T12:15,andar-1,0.750
2026-06-28T12:30,andar-1,0.742
2026-06-28T12:45,andar-1,0.800
2026-06-28T13:00,andar-1,0.808
2026-06-28T13:15,andar-1,0.880
2026-06-28T13:30,andar-1,0.808
2026-06-28T13:45,andar-1,0.846
2026-06-28T14:00,andar-1,0.606
2026-06-28T14:15,andar-1,0.853
2026-06-28T14:30,andar-1,0.849
2026-06-28T14:45,andar-1,0.695
2026-06-28T15:00,andar-1,0.707
2026-06-28T15:15,andar-1,0.852
2026-06-28T15:30,andar-1,0.737
2026-06-28T15:45,andar-1,0.744
2026-06-28T16:00,andar-1,0.772
2026-06-28T16:15,andar-1,0.785
2026-06-28T16:30,andar-1,0.805
2026-06-28T16:45,andar-1,0.804
2026-06-28T17:00,andar-1,0.754
2026-06-28T17:15,andar-1,0.885
2026-06-28T17:30,andar-1,0.867
2026-06-28T17:45,andar-1,0.890
2026-06-28T18:00,andar-1,0.877
2026-06-28T18:15,andar-1,0.983
2026-06-28T18:30,andar-1,0.866
2026-06-28T18:45,andar-1,0.799
2026-06-28T19:00,andar-1,0.759
2026-06-28T19:15,andar-1,0.823
2026-06-28T19:30,andar-1,0.855
2026-06-28T19:45,andar-1,0.874
2026-06-28T20:00,andar-1,0.836
2026-06-28T20:15,andar-1,0.889
2026-06-28T20:30,andar-1,0.842
2026-06-28T20:45,andar-1,0.888
2026-06-28T21:00,andar-1,0.828
2026-06-28T21:15,andar-1,0.769
2026-06-28T21:30,andar-1,0.941
2026-06-28T21:45,andar-1,0.799
2026-06-28T22:00,andar-1,0.567
2026-06-28T22:15,andar-1,0.494
2026-06-28T22:30,andar-1,0.507
2026-06-28T22:45,andar-1,0.502
2026-06-28T23:00,andar-1,0.586
2026-06-28T23:15,andar-1,0.555
2026-06-28T23:30,andar-1,0.549
2026-06-28T23:45,andar-1,0.557
2026-06-29T00:00,andar-1,0.565
2026-06-29T00:15,andar-1,0.448
2026-06-29T00:30,andar-1,0.549
2026-06-29T00:45,andar-1,0.538
2026-06-29T01:00,andar-1,0.466
2026-06-29T01:15,andar-1,0.464
2026-06-29T01:30,andar-1,0.609
2026-06-29T01:45,andar-1,0.579
2026-06-29T02:00,andar-1,0.605
2026-06-29T02:15,andar-1,0.549
2026-06-29T02:30,andar-1,0.497
2026-06-29T02:45,andar-1,0.523
2026-06-29T03:00,andar-1,0.518
2026-06-29T03:15,andar-1,0.552
2026-06-29T03:30,andar-1,0.650
2026-06-29T03:45,andar-1,0.555
2026-06-29T04:00,andar-1,0.597
2026-06-29T04:15,andar-1,0.583
2026-06-29T04:30,andar-1,0.569
2026-06-29T04:45,andar-1,0.546
2026-06-29T05:00,andar-1,0.599
2026-06-29T05:15,andar-1,0.615
2026-06-29T05:30,andar-1,0.587
2026-06-29T05:45,andar-1,0.488
2026-06-29T06:00,andar-1,0.671
2026-06-29T06:15,andar-1,0.656
2026-06-29T06:30,andar-1,0.685
2026-06-29T06:45,andar-1,0.726
2026-06-29T07:00,andar-1,0.694
2026-06-29T07:15,andar-1,0.646
2026-06-29T07:30,andar-1,0.628
2026-06-29T07:45,andar-1,0.619
2026-06-29T08:00,andar-1,0.693
2026-06-29T08:15,andar-1,0.695
2026-06-29T08:30,andar-1,0.756
2026-06-29T08:45,andar-1,0.668
2026-06-29T09:00,andar-1,0.732
2026-06-29T09:15,andar-1,0.726
2026-06-29T09:30,andar-1,0.640
2026-06-29T09:45,andar-1,0.723
2026-06-29T10:00,andar-1,0.775
2026-06-29T10:15,andar-1,0.818
2026-06-29T10:30,andar-1,0.805
2026-06-29T10:45,andar-1,0.840
2026-06-29T11:00,andar-1,0.859
2026-06-29T11:15,andar-1,0.855
2026-06-29T11:30,andar-1,0.846
2026-06-29T11:45,andar-1,0.763
2026-06-29T12:00,andar-1,0.902
2026-06-29T12:15,andar-1,0.900
2026-06-29T12:30,andar-1,0.899
2026-06-29T12:45,andar-1,0.849
2026-06-29T13:00,andar-1,0.858
2026-06-29T13:15,andar-1,0.842
2026-06-29T13:30,andar-1,0.777
2026-06-29T13:45,andar-1,0.746
2026-06-29T14:00,andar-1,0.825
2026-06-29T14:15,andar-1,0.649
2026-06-29T14:30,andar-1,0.814
2026-06-29T14:45,andar-1,0.860
2026-06-29T15:00,andar-1,0.888
2026-06-29T15:15,andar-1,0.902
2026-06-29T15:30,andar-1,0.940
2026-06-29T15:45,andar-1,0.794
2026-06-29T16:00,andar-1,0.795
2026-06-29T16:15,andar-1,0.835
2026-06-29T16:30,andar-1,0.859
2026-06-29T16:45,andar-1,0.922
2026-06-29T17:00,andar-1,0.924
2026-06-29T17:15,andar-1,0.806
2026-06-29T17:30,andar-1,0.871
2026-06-29T17:45,andar-1,0.937
2026-06-29T18:00,andar-1,0.984
2026-06-29T18:15,andar-1,1.006
2026-06-29T18:30,andar-1,1.036
2026-06-29T18:45,andar-1,1.007
2026-06-29T19:00,andar-1,1.024
2026-06-29T19:15,andar-1,0.826
2026-06-29T19:30,andar-1,0.903
2026-06-29T19:45,andar-1,1.003
2026-06-29T20:00,andar-1,0.904
2026-06-29T20:15,andar-1,0.994
2026-06-29T20:30,andar-1,0.998
2026-06-29T20:45,andar-1,0.927
2026-06-29T21:00,andar-1,1.034
2026-06-29T21:15,andar-1,0.813
2026-06-29T21:30,andar-1,0.990
2026-06-29T21:45,andar-1,0.900
2026-06-29T22:00,andar-1,0.584
2026-06-29T22:15,andar-1,0.642
2026-06-29T22:30,andar-1,0.579
2026-06-29T22:45,andar-1,0.562
2026-06-29T23:00,andar-1,0.565
2026-06-29T23:15,andar-1,0.520
2026-06-29T23:30,andar-1,0.580
2026-06-29T23:45,andar-1,0.623
2026-06-30T00:00,andar-1,0.520
2026-06-30T00:15,andar-1,0.603
2026-06-30T00:30,andar-1,0.460
2026-06-30T00:45,andar-1,0.513
2026-06-30T01:00,andar-1,0.585
2026-06-30T01:15,andar-1,0.585
2026-06-30T01:30,andar-1,0.549
2026-06-30T01:45,andar-1,0.516
2026-06-30T02:00,andar-1,0.605
2026-06-30T02:15,andar-1,0.599
2026-06-30T02:30,andar-1,0.553
2026-06-30T02:45,andar-1,0.574
2026-06-30T03:00,andar-1,0.514
2026-06-30T03:15,andar-1,0.541
2026-06-30T03:30,andar-1,0.490
2026-06-30T03:45,andar-1,0.454
2026-06-30T04:00,andar-1,0.603
2026-06-30T04:15,andar-1,0.518
2026-06-30T04:30,andar-1,0.552
2026-06-30T04:45,andar-1,0.511
2026-06-30T05:00,andar-1,0.578
2026-06-30T05:15,andar-1,0.529
2026-06-30T05:30,andar-1,0.525
2026-06-30T05:45,andar-1,0.497
2026-06-30T06:00,andar-1,0.786
2026-06-30T06:15,andar-1,0.629
2026-06-30T06:30,andar-1,0.801
2026-06-30T06:45,andar-1,0.637
2026-06-30T07:00,andar-1,0.880
2026-06-30T07:15,andar-1,0.780
2026-06-30T07:30,andar-1,0.601
2026-06-30T07:45,andar-1,0.642
2026-06-30T08:00,andar-1,0.754
2026-06-30T08:15,andar-1,0.686
2026-06-30T08:30,andar-1,0.679
2026-06-30T08:45,andar-1,0.588
2026-06-30T09:00,andar-1,0.668
2026-06-30T09:15,andar-1,0.617
2026-06-30T09:30,andar-1,0.719
2026-06-30T09:45,andar-1,0.709
2026-06-30T10:00,andar-1,0.809
2026-06-30T10:15,andar-1,0.796
2026-06-30T10:30,andar-1,0.870
2026-06-30T10:45,andar-1,0.766
2026-06-30T11:00,andar-1,0.849
2026-06-30T11:15,andar-1,0.827
2026-06-30T11:30,andar-1,0.792
2026-06-30T11:45,andar-1,0.942
2026-06-30T12:00,andar-1,0.779
2026-06-30T12:15,andar-1,0.791
2026-06-30T12:30,andar-1,0.809
2026-06-30T12:45,andar-1,0.742
2026-06-30T13:00,andar-1,0.908
2026-06-30T13:15,andar-1,0.788
2026-06-30T13:30,andar-1,0.881
2026-06-30T13:45,andar-1,0.804
2026-06-30T14:00,andar-1,0.782
2026-06-30T14:15,andar-1,0.743
2026-06-30T14:30,andar-1,0.844
2026-06-30T14:45,andar-1,0.920
2026-06-30T15:00,andar-1,0.747
2026-06-30T15:15,andar-1,0.874
2026-06-30T15:30,andar-1,0.782
2026-06-30T15:45,andar-1,0.865
2026-06-30T16:00,andar-1,0.805
2026-06-30T16:15,andar-1,0.819
2026-06-30T16:30,andar-1,0.841
2026-06-30T16:45,andar-1,0.850
2026-06-30T17:00,andar-1,0.846
2026-06-30T17:15,andar-1,1.111
2026-06-30T17:30,andar-1,1.021
2026-06-30T17:45,andar-1,1.087
2026-06-30T18:00,andar-1,0.946
2026-06-30T18:15,andar-1,1.079
2026-06-30T18:30,andar-1,0.894
2026-06-30T18:45,andar-1,0.976
2026-06-30T19:00,andar-1,0.932
2026-06-30T19:15,andar-1,0.954
2026-06-30T19:30,andar-1,0.939
2026-06-30T19:45,andar-1,0.983
2026-06-30T20:00,andar-1,0.977
2026-06-30T20:15,andar-1,0.901
2026-06-30T20:30,andar-1,0.879
2026-06-30T20:45,andar-1,0.890
2026-06-30T21:00,andar-1,0.795
2026-06-30T21:15,andar-1,0.992
2026-06-30T21:30,andar-1,0.874
2026-06-30T21:45,andar-1,0.961
2026-06-30T22:00,andar-1,0.619
2026-06-30T22:15,andar-1,0.566
2026-06-30T22:30,andar-1,0.605
2026-06-30T22:45,andar-1,0.629
2026-06-30T23:00,andar-1,0.568
2026-06-30T23:15,andar-1,0.589
2026-06-30T23:30,andar-1,0.651
2026-06-30T23:45,andar-1,0.570
2026-07-01T00:00,andar-1,0.517
2026-07-01T00:15,andar-1,0.592
2026-07-01T00:30,andar-1,0.636
2026-07-01T00:45,andar-1,0.525
2026-07-01T01:00,andar-1,0.457
2026-07-01T01:15,andar-1,0.521
2026-07-01T01:30,andar-1,0.600
2026-07-01T01:45,andar-1,0.523
2026-07-01T02:00,andar-1,0.557
2026-07-01T02:15,andar-1,0.558
2026-07-01T02:30,andar-1,0.582
2026-07-01T02:45,andar-1,0.497
2026-07-01T03:00,andar-1,0.547
2026-07-01T03:15,andar-1,0.594
2026-07-01T03:30,andar-1,0.493
2026-07-01T03:45,andar-1,0.537
2026-07-01T04:00,andar-1,0.499
2026-07-01T04:15,andar-1,0.622
2026-07-01T04:30,andar-1,0.532
2026-07-01T04:45,andar-1,0.530
2026-07-01T05:00,andar-1,0.545
2026-07-01T05:15,andar-1,0.563
2026-07-01T05:30,andar-1,0.561
2026-07-01T05:45,andar-1,0.557
2026-07-01T06:00,andar-1,0.728
2026-07-01T06:15,andar-1,0.712
2026-07-01T06:30,andar-1,0.743
2026-07-01T06:45,andar-1,0.648
2026-07-01T07:00,andar-1,0.736
2026-07-01T07:15,andar-1,0.720
2026-07-01T07:30,andar-1,0.724
2026-07-01T07:45,andar-1,0.643
2026-07-01T08:00,andar-1,0.644
2026-07-01T08:15,andar-1,0.716
2026-07-01T08:30,andar-1,0.669
2026-07-01T08:45,andar-1,0.670
2026-07-01T09:00,andar-1,0.781
2026-07-01T09:15,andar-1,0.631
2026-07-01T09:30,andar-1,0.659
2026-07-01T09:45,andar-1,0.772
2026-07-01T10:00,andar-1,0.984
2026-07-01T10:15,andar-1,0.787
2026-07-01T10:30,andar-1,0.864
2026-07-01T10:45,andar-1,0.902
2026-07-01T11:00,andar-1,0.893
2026-07-01T11:15,andar-1,0.816
2026-07-01T11:30,andar-1,0.851
2026-07-01T11:45,andar-1,0.754
2026-07-01T12:00,andar-1,0.862
2026-07-01T12:15,andar-1,0.835
2026-07-01T12:30,andar-1,0.896
2026-07-01T12:45,andar-1,0.814
2026-07-01T13:00,andar-1,0.904
2026-07-01T13:15,andar-1,0.842
2026-07-01T13:30,andar-1,0.878
2026-07-01T13:45,andar-1,0.819
2026-07-01T14:00,andar-1,0.905
2026-07-01T14:15,andar-1,0.772
2026-07-01T14:30,andar-1,0.917
2026-07-01T14:45,andar-1,0.931
2026-07-01T15:00,andar-1,0.737
2026-07-01T15:15,andar-1,0.886
2026-07-01T15:30,andar-1,0.810
2026-07-01T15:45,andar-1,0.850
2026-07-01T16:00,andar-1,0.938
2026-07-01T16:15,andar-1,0.879
2026-07-01T16:30,andar-1,0.825
2026-07-01T16:45,andar-1,0.779
2026-07-01T17:00,andar-1,0.959
2026-07-01T17:15,andar-1,0.830
2026-07-01T17:30,andar-1,0.939
2026-07-01T17:45,andar-1,0.930
2026-07-01T18:00,andar-1,0.986
2026-07-01T18:15,andar-1,0.857
2026-07-01T18:30,andar-1,1.051
2026-07-01T18:45,andar-1,1.101
2026-07-01T19:00,andar-1,1.025
2026-07-01T19:15,andar-1,0.971
2026-07-01T19:30,andar-1,1.010
2026-07-01T19:45,andar-1,0.899
2026-07-01T20:00,andar-1,1.099
2026-07-01T20:15,andar-1,0.956
2026-07-01T20:30,andar-1,0.945
2026-07-01T20:45,andar-1,0.855
2026-07-01T21:00,andar-1,0.985
2026-07-01T21:15,andar-1,1.010
2026-07-01T21:30,andar-1,1.041
2026-07-01T21:45,andar-1,0.970
2026-07-01T22:00,andar-1,0.632
2026-07-01T22:15,andar-1,0.549
2026-07-01T22:30,andar-1,0.661
2026-07-01T22:45,andar-1,0.504
2026-07-01T23:00,andar-1,0.571
2026-07-01T23:15,andar-1,0.611
2026-07-01T23:30,andar-1,0.589
2026-07-01T23:45,andar-1,0.661
2026-07-02T00:00,andar-1,0.654
2026-07-02T00:15,andar-1,0.564
2026-07-02T00:30,andar-1,0.564
2026-07-02T00:45,andar-1,0.568
2026-07-02T01:00,andar-1,0.489
2026-07-02T01:15,andar-1,0.485
2026-07-02T01:30,andar-1,0.493
2026-07-02T01:45,andar-1,0.489
2026-07-02T02:00,andar-1,0.651
2026-07-02T02:15,andar-1,0.540
2026-07-02T02:30,andar-1,0.537
2026-07-02T02:45,andar-1,0.518
2026-07-02T03:00,andar-1,0.612
2026-07-02T03:15,andar-1,0.532
2026-07-02T03:30,andar-1,0.535
2026-07-02T03:45,andar-1,0.597
2026-07-02T04:00,andar-1,0.582
2026-07-02T04:15,andar-1,0.557
2026-07-02T04:30,andar-1,0.571
2026-07-02T04:45,andar-1,0.517
2026-07-02T05:00,andar-1,0.551
2026-07-02T05:15,andar-1,0.511
2026-07-02T05:30,andar-1,0.599
2026-07-02T05:45,andar-1,0.567
2026-07-02T06:00,andar-1,0.660
2026-07-02T06:15,andar-1,0.676
2026-07-02T06:30,andar-1,0.677
2026-07-02T06:45,andar-1,0.734
2026-07-02T07:00,andar-1,0.691
2026-07-02T07:15,andar-1,0.703
2026-07-02T07:30,andar-1,0.813
2026-07-02T07:45,andar-1,0.725
2026-07-02T08:00,andar-1,0.757
2026-07-02T08:15,andar-1,0.703
2026-07-02T08:30,andar-1,0.809
2026-07-02T08:45,andar-1,0.606
2026-07-02T09:00,andar-1,0.781
2026-07-02T09:15,andar-1,0.743
2026-07-02T09:30,andar-1,0.644
2026-07-02T09:45,andar-1,0.741
2026-07-02T10:00,andar-1,0.829
2026-07-02T10:15,andar-1,0.815
2026-07-02T10:30,andar-1,0.804
2026-07-02T10:45,andar-1,0.921
2026-07-02T11:00,andar-1,0.907
2026-07-02T11:15,andar-1,0.794
2026-07-02T11:30,andar-1,0.875
2026-07-02T11:45,andar-1,0.937
2026-07-02T12:00,andar-1,0.866
2026-07-02T12:15,andar-1,0.871
2026-07-02T12:30,andar-1,0.869
2026-07-02T12:45,andar-1,0.977
2026-07-02T13:00,andar-1,0.765
2026-07-02T13:15,andar-1,0.937
2026-07-02T13:30,andar-1,0.789
2026-07-02T13:45,andar-1,0.980
2026-07-02T14:00,andar-1,0.858
2026-07-02T14:15,andar-1,0.805
2026-07-02T14:30,andar-1,0.847
2026-07-02T14:45,andar-1,0.816
2026-07-02T15:00,andar-1,0.882
2026-07-02T15:15,andar-1,0.852
2026-07-02T15:30,andar-1,0.823
2026-07-02T15:45,andar-1,0.964
2026-07-02T16:00,andar-1,0.900
2026-07-02T16:15,andar-1,0.803
2026-07-02T16:30,andar-1,0.806
2026-07-02T16:45,andar-1,0.816
2026-07-02T17:00,andar-1,0.915
2026-07-02T17:15,andar-1,1.035
2026-07-02T17:30,andar-1,1.015
2026-07-02T17:45,andar-1,1.020
2026-07-02T18:00,andar-1,0.998
2026-07-02T18:15,andar-1,1.082
2026-07-02T18:30,andar-1,0.850
2026-07-02T18:45,andar-1,0.815
2026-07-02T19:00,andar-1,1.060
2026-07-02T19:15,andar-1,0.923
2026-07-02T19:30,andar-1,0.977
2026-07-02T19:45,andar-1,0.961
2026-07-02T20:00,andar-1,0.896
2026-07-02T20:15,andar-1,1.145
2026-07-02T20:30,andar-1,0.893
2026-07-02T20:45,andar-1,0.957
2026-07-02T21:00,andar-1,0.905
2026-07-02T21:15,andar-1,0.965
2026-07-02T21:30,andar-1,1.040
2026-07-02T21:45,andar-1,0.972
2026-07-02T22:00,andar-1,0.623
2026-07-02T22:15,andar-1,0.558
2026-07-02T22:30,andar-1,0.597
2026-07-02T22:45,andar-1,0.658
2026-07-02T23:00,andar-1,0.667
2026-07-02T23:15,andar-1,0.546
2026-07-02T23:30,andar-1,0.670
2026-07-02T23:45,andar-1,0.642
2026-07-03T00:00,andar-1,0.542
2026-07-03T00:15,andar-1,0.516
2026-07-03T00:30,andar-1,0.636
2026-07-03T00:45,andar-1,0.505
2026-07-03T01:00,andar-1,0.554
2026-07-03T01:15,andar-1,0.551
2026-07-03T01:30,andar-1,0.594
2026-07-03T01:45,andar-1,0.666
2026-07-03T02:00,andar-1,0.544
2026-07-03T02:15,andar-1,0.600
2026-07-03T02:30,andar-1,0.526
2026-07-03T02:45,andar-1,0.526
2026-07-03T03:00,andar-1,0.537
2026-07-03T03:15,andar-1,0.564
2026-07-03T03:30,andar-1,0.526
2026-07-03T03:45,andar-1,0.563
2026-07-03T04:00,andar-1,0.513
2026-07-03T04:15,andar-1,0.470
2026-07-03T04:30,andar-1,0.646
2026-07-03T04:45,andar-1,0.511
2026-07-03T05:00,andar-1,0.578
2026-07-03T05:15,andar-1,0.621
2026-07-03T05:30,andar-1,0.558
2026-07-03T05:45,andar-1,0.536
2026-07-03T06:00,andar-1,0.658
2026-07-03T06:15,andar-1,0.510
2026-07-03T06:30,andar-1,0.793
2026-07-03T06:45,andar-1,0.620
2026-07-03T07:00,andar-1,0.648
2026-07-03T07:15,andar-1,0.723
2026-07-03T07:30,andar-1,0.771
2026-07-03T07:45,andar-1,0.592
2026-07-03T08:00,andar-1,0.765
2026-07-03T08:15,andar-1,0.720
2026-07-03T08:30,andar-1,0.752
2026-07-03T08:45,andar-1,0.733
2026-07-03T09:00,andar-1,0.724
2026-07-03T09:15,andar-1,0.672
2026-07-03T09:30,andar-1,0.690
2026-07-03T09:45,andar-1,0.757
2026-07-03T10:00,andar-1,0.931
2026-07-03T10:15,andar-1,0.793
2026-07-03T10:30,andar-1,0.905
2026-07-03T10:45,andar-1,0.793
2026-07-03T11:00,andar-1,0.914
2026-07-03T11:15,andar-1,0.806
2026-07-03T11:30,andar-1,0.891
2026-07-03T11:45,andar-1,0.909
2026-07-03T12:00,andar-1,0.852
2026-07-03T12:15,andar-1,0.902
2026-07-03T12:30,andar-1,0.812
2026-07-03T12:45,andar-1,0.790
2026-07-03T13:00,andar-1,0.806
2026-07-03T13:15,andar-1,0.827
2026-07-03T13:30,andar-1,0.839
2026-07-03T13:45,andar-1,0.792
2026-07-03T14:00,andar-1,0.877
2026-07-03T14:15,andar-1,0.863
2026-07-03T14:30,andar-1,0.846
2026-07-03T14:45,andar-1,0.770
2026-07-03T15:00,andar-1,0.847
2026-07-03T15:15,andar-1,0.874
2026-07-03T15:30,andar-1,0.857
2026-07-03T15:45,andar-1,0.807
2026-07-03T16:00,andar-1,0.826
2026-07-03T16:15,andar-1,0.863
2026-07-03T16:30,andar-1,0.846
2026-07-03T16:45,andar-1,0.904
2026-07-03T17:00,andar-1,0.955
2026-07-03T17:15,andar-1,0.866
2026-07-03T17:30,andar-1,1.065
2026-07-03T17:45,andar-1,0.954
2026-07-03T18:00,andar-1,0.877
2026-07-03T18:15,andar-1,0.978
2026-07-03T18:30,andar-1,0.884
2026-07-03T18:45,andar-1,0.984
2026-07-03T19:00,andar-1,0.912
2026-07-03T19:15,andar-1,1.030
2026-07-03T19:30,andar-1,0.865
2026-07-03T19:45,andar-1,0.967
2026-07-03T20:00,andar-1,0.877
2026-07-03T20:15,andar-1,0.820
2026-07-03T20:30,andar-1,1.045
2026-07-03T20:45,andar-1,0.869
2026-07-03T21:00,andar-1,0.936
2026-07-03T21:15,andar-1,0.785
2026-07-03T21:30,andar-1,0.953
2026-07-03T21:45,andar-1,0.855
2026-07-03T22:00,andar-1,0.592
2026-07-03T22:15,andar-1,0.551
2026-07-03T22:30,andar-1,0.620
2026-07-03T22:45,andar-1,0.605
2026-07-03T23:00,andar-1,0.637
2026-07-03T23:15,andar-1,0.591
2026-07-03T23:30,andar-1,0.601
2026-07-03T23:45,andar-1,0.641
2026-07-04T00:00,andar-1,0.469
2026-07-04T00:15,andar-1,0.470
2026-07-04T00:30,andar-1,0.509
2026-07-04T00:45,andar-1,0.495
2026-07-04T01:00,andar-1,0.451
2026-07-04T01:15,andar-1,0.491
2026-07-04T01:30,andar-1,0.524
2026-07-04T01:45,andar-1,0.603
2026-07-04T02:00,andar-1,0.508
2026-07-04T02:15,andar-1,0.514
2026-07-04T02:30,andar-1,0.511
2026-07-04T02:45,andar-1,0.499
2026-07-04T03:00,andar-1,0.518
2026-07-04T03:15,andar-1,0.510
2026-07-04T03:30,andar-1,0.484
2026-07-04T03:45,andar-1,0.489
2026-07-04T04:00,andar-1,0.524
2026-07-04T04:15,andar-1,0.513
2026-07-04T04:30,andar-1,0.467
2026-07-04T04:45,andar-1,0.510
2026-07-04T05:00,andar-1,0.507
2026-07-04T05:15,andar-1,0.544
2026-07-04T05:30,andar-1,0.512
2026-07-04T05:45,andar-1,0.441
2026-07-04T06:00,andar-1,0.582
2026-07-04T06:15,andar-1,0.610
2026-07-04T06:30,andar-1,0.672
2026-07-04T06:45,andar-1,0.572
2026-07-04T07:00,andar-1,0.578
2026-07-04T07:15,andar-1,0.635
2026-07-04T07:30,andar-1,0.581
2026-07-04T07:45,andar-1,0.652
2026-07-04T08:00,andar-1,0.654
2026-07-04T08:15,andar-1,0.674
2026-07-04T08:30,andar-1,0.575
2026-07-04T08:45,andar-1,0.739
2026-07-04T09:00,andar-1,0.626
2026-07-04T09:15,andar-1,0.543
2026-07-04T09:30,andar-1,0.624
2026-07-04T09:45,andar-1,0.632
2026-07-04T10:00,andar-1,0.790
2026-07-04T10:15,andar-1,0.715
2026-07-04T10:30,andar-1,0.821
2026-07-04T10:45,andar-1,0.809
2026-07-04T11:00,andar-1,0.821
2026-07-04T11:15,andar-1,0.790
2026-07-04T11:30,andar-1,0.715
2026-07-04T11:45,andar-1,0.705
2026-07-04T12:00,andar-1,0.840
2026-07-04T12:15,andar-1,0.793
2026-07-04T12:30,andar-1,0.769
2026-07-04T12:45,andar-1,0.936
2026-07-04T13:00,andar-1,0.844
2026-07-04T13:15,andar-1,0.728
2026-07-04T13:30,andar-1,0.904
2026-07-04T13:45,andar-1,0.752
2026-07-04T14:00,andar-1,0.884
2026-07-04T14:15,andar-1,0.781
2026-07-04T14:30,andar-1,0.769
2026-07-04T14:45,andar-1,0.752
2026-07-04T15:00,andar-1,0.688
2026-07-04T15:15,andar-1,0.672
2026-07-04T15:30,andar-1,0.729
2026-07-04T15:45,andar-1,0.706
2026-07-04T16:00,andar-1,0.752
2026-07-04T16:15,andar-1,0.747
2026-07-04T16:30,andar-1,0.685
2026-07-04T16:45,andar-1,0.618
2026-07-04T17:00,andar-1,0.766
2026-07-04T17:15,andar-1,0.938
2026-07-04T17:30,andar-1,0.806
2026-07-04T17:45,andar-1,0.970
2026-07-04T18:00,andar-1,0.925
2026-07-04T18:15,andar-1,0.872
2026-07-04T18:30,andar-1,0.879
2026-07-04T18:45,andar-1,0.848
2026-07-04T19:00,andar-1,0.869
2026-07-04T19:15,andar-1,0.794
2026-07-04T19:30,andar-1,0.943
2026-07-04T19:45,andar-1,0.844
2026-07-04T20:00,andar-1,0.913
2026-07-04T20:15,andar-1,0.888
2026-07-04T20:30,andar-1,0.826
2026-07-04T20:45,andar-1,0.842
2026-07-04T21:00,andar-1,0.854
2026-07-04T21:15,andar-1,0.828
2026-07-04T21:30,andar-1,0.874
2026-07-04T21:45,andar-1,0.835
2026-07-04T22:00,andar-1,0.519
2026-07-04T22:15,andar-1,0.620
2026-07-04T22:30,andar-1,0.517
2026-07-04T22:45,andar-1,0.497
2026-07-04T23:00,andar-1,0.481
2026-07-04T23:15,andar-1,0.587
2026-07-04T23:30,andar-1,0.609
2026-07-04T23:45,andar-1,0.600
2026-07-05T00:00,andar-1,0.552
2026-07-05T00:15,andar-1,0.553
2026-07-05T00:30,andar-1,0.466
2026-07-05T00:45,andar-1,0.475
2026-07-05T01:00,andar-1,0.475
2026-07-05T01:15,andar-1,0.490
2026-07-05T01:30,andar-1,0.509
2026-07-05T01:45,andar-1,0.551
2026-07-05T02:00,andar-1,0.543
2026-07-05T02:15,andar-1,0.488
2026-07-05T02:30,andar-1,0.508
2026-07-05T02:45,andar-1,0.452
2026-07-05T03:00,andar-1,0.496
2026-07-05T03:15,andar-1,0.576
2026-07-05T03:30,andar-1,0.415
2026-07-05T03:45,andar-1,0.458
2026-07-05T04:00,andar-1,0.492
2026-07-05T04:15,andar-1,0.508
2026-07-05T04:30,andar-1,0.520
2026-07-05T04:45,andar-1,0.508
2026-07-05T05:00,andar-1,0.415
2026-07-05T05:15,andar-1,0.463
2026-07-05T05:30,andar-1,0.552
2026-07-05T05:45,andar-1,0.464
2026-07-05T06:00,andar-1,0.651
2026-07-05T06:15,andar-1,0.607
2026-07-05T06:30,andar-1,0.661
2026-07-05T06:45,andar-1,0.650
2026-07-05T07:00,andar-1,0.754
2026-07-05T07:15,andar-1,0.585
2026-07-05T07:30,andar-1,0.729
2026-07-05T07:45,andar-1,0.678
2026-07-05T08:00,andar-1,0.561
2026-07-05T08:15,andar-1,0.604
2026-07-05T08:30,andar-1,0.589
2026-07-05T08:45,andar-1,0.645
2026-07-05T09:00,andar-1,0.562
2026-07-05T09:15,andar-1,0.628
2026-07-05T09:30,andar-1,0.642
2026-07-05T09:45,andar-1,0.673
2026-07-05T10:00,andar-1,0.707
2026-07-05T10:15,andar-1,0.804
2026-07-05T10:30,andar-1,0.751
2026-07-05T10:45,andar-1,0.779
2026-07-05T11:00,andar-1,0.826
2026-07-05T11:15,andar-1,0.686
2026-07-05T11:30,andar-1,0.880
2026-07-05T11:45,andar-1,0.759
2026-07-05T12:00,andar-1,0.697
2026-07-05T12:15,andar-1,0.834
2026-07-05T12:30,andar-1,0.811
2026-07-05T12:45,andar-1,0.820
2026-07-05T13:00,andar-1,0.800
2026-07-05T13:15,andar-1,0.794
2026-07-05T13:30,andar-1,0.789
2026-07-05T13:45,andar-1,0.757
2026-07-05T14:00,andar-1,0.613
2026-07-05T14:15,andar-1,0.654
2026-07-05T14:30,andar-1,0.710
2026-07-05T14:45,andar-1,0.624
2026-07-05T15:00,andar-1,0.686
2026-07-05T15:15,andar-1,0.868
2026-07-05T15:30,andar-1,0.833
2026-07-05T15:45,andar-1,0.792
2026-07-05T16:00,andar-1,0.699
2026-07-05T16:15,andar-1,0.787
2026-07-05T16:30,andar-1,0.812
2026-07-05T16:45,andar-1,0.876
2026-07-05T17:00,andar-1,0.868
2026-07-05T17:15,andar-1,0.849
2026-07-05T17:30,andar-1,0.761
2026-07-05T17:45,andar-1,0.934
2026-07-05T18:00,andar-1,0.872
2026-07-05T18:15,andar-1,0.843
2026-07-05T18:30,andar-1,0.826
2026-07-05T18:45,andar-1,0.895
2026-07-05T19:00,andar-1,0.909
2026-07-05T19:15,andar-1,0.801
2026-07-05T19:30,andar-1,0.901
2026-07-05T19:45,andar-1,0.890
2026-07-05T20:00,andar-1,0.795
2026-07-05T20:15,andar-1,0.860
2026-07-05T20:30,andar-1,0.750
2026-07-05T20:45,andar-1,0.868
2026-07-05T21:00,andar-1,0.651
2026-07-05T21:15,andar-1,0.694
2026-07-05T21:30,andar-1,0.712
2026-07-05T21:45,andar-1,0.894
2026-07-05T22:00,andar-1,0.525
2026-07-05T22:15,andar-1,0.528
2026-07-05T22:30,andar-1,0.531
2026-07-05T22:45,andar-1,0.527
2026-07-05T23:00,andar-1,0.443
2026-07-05T23:15,andar-1,0.464
2026-07-05T23:30,andar-1,0.506
2026-07-05T23:45,andar-1,0.630
2026-07-06T00:00,andar-1,0.591
2026-07-06T00:15,andar-1,0.538
2026-07-06T00:30,andar-1,0.561
2026-07-06T00:45,andar-1,0.576
2026-07-06T01:00,andar-1,0.635
2026-07-06T01:15,andar-1,0.585
2026-07-06T01:30,andar-1,0.604
2026-07-06T01:45,andar-1,0.578
2026-07-06T02:00,andar-1,0.544
2026-07-06T02:15,andar-1,0.510
2026-07-06T02:30,andar-1,0.558
2026-07-06T02:45,andar-1,0.479
2026-07-06T03:00,andar-1,0.549
2026-07-06T03:15,andar-1,0.526
2026-07-06T03:30,andar-1,0.503
2026-07-06T03:45,andar-1,0.508
2026-07-06T04:00,andar-1,0.566
2026-07-06T04:15,andar-1,0.567
2026-07-06T04:30,andar-1,0.632
2026-07-06T04:45,andar-1,0.529
2026-07-06T05:00,andar-1,0.458
2026-07-06T05:15,andar-1,0.488
2026-07-06T05:30,andar-1,0.530
2026-07-06T05:45,andar-1,0.601
2026-07-06T06:00,andar-1,0.764
2026-07-06T06:15,andar-1,0.576
2026-07-06T06:30,andar-1,0.694
2026-07-06T06:45,andar-1,0.747
2026-07-06T07:00,andar-1,0.657
2026-07-06T07:15,andar-1,0.797
2026-07-06T07:30,andar-1,0.670
2026-07-06T07:45,andar-1,0.581
2026-07-06T08:00,andar-1,0.638
2026-07-06T08:15,andar-1,0.711
2026-07-06T08:30,andar-1,0.734
2026-07-06T08:45,andar-1,0.725
2026-07-06T09:00,andar-1,0.717
2026-07-06T09:15,andar-1,0.722
2026-07-06T09:30,andar-1,0.640
2026-07-06T09:45,andar-1,0.735
2026-07-06T10:00,andar-1,0.770
2026-07-06T10:15,andar-1,0.853
2026-07-06T10:30,andar-1,0.847
2026-07-06T10:45,andar-1,0.804
2026-07-06T11:00,andar-1,0.881
2026-07-06T11:15,andar-1,0.870
2026-07-06T11:30,andar-1,0.884
2026-07-06T11:45,andar-1,0.813
2026-07-06T12:00,andar-1,0.829
2026-07-06T12:15,andar-1,0.843
2026-07-06T12:30,andar-1,0.857
2026-07-06T12:45,andar-1,0.856
2026-07-06T13:00,andar-1,0.938
2026-07-06T13:15,andar-1,1.070
2026-07-06T13:30,andar-1,0.801
2026-07-06T13:45,andar-1,0.917
2026-07-06T14:00,andar-1,0.816
2026-07-06T14:15,andar-1,0.784
2026-07-06T14:30,andar-1,0.850
2026-07-06T14:45,andar-1,0.912
2026-07-06T15:00,andar-1,0.799
2026-07-06T15:15,andar-1,0.854
2026-07-06T15:30,andar-1,0.844
2026-07-06T15:45,andar-1,0.870
2026-07-06T16:00,andar-1,0.788
2026-07-06T16:15,andar-1,0.810
2026-07-06T16:30,andar-1,0.913
2026-07-06T16:45,andar-1,0.759
2026-07-06T17:00,andar-1,0.993
2026-07-06T17:15,andar-1,0.922
2026-07-06T17:30,andar-1,1.039
2026-07-06T17:45,andar-1,0.957
2026-07-06T18:00,andar-1,0.836
2026-07-06T18:15,andar-1,0.863
2026-07-06T18:30,andar-1,0.953
2026-07-06T18:45,andar-1,0.922
2026-07-06T19:00,andar-1,0.954
2026-07-06T19:15,andar-1,0.883
2026-07-06T19:30,andar-1,0.930
2026-07-06T19:45,andar-1,1.028
2026-07-06T20:00,andar-1,0.905
2026-07-06T20:15,andar-1,0.799
2026-07-06T20:30,andar-1,0.927
2026-07-06T20:45,andar-1,0.993
2026-07-06T21:00,andar-1,1.038
2026-07-06T21:15,andar-1,0.921
2026-07-06T21:30,andar-1,1.028
2026-07-06T21:45,andar-1,0.916
2026-07-06T22:00,andar-1,0.636
2026-07-06T22:15,andar-1,0.532
2026-07-06T22:30,andar-1,0.639
2026-07-06T22:45,andar-1,0.587
2026-07-06T23:00,andar-1,0.638
2026-07-06T23:15,andar-1,0.633
2026-07-06T23:30,andar-1,0.706
2026-07-06T23:45,andar-1,0.550
2026-07-07T00:00,andar-1,0.581
2026-07-07T00:15,andar-1,0.485
2026-07-07T00:30,andar-1,0.581
2026-07-07T00:45,andar-1,0.534
2026-07-07T01:00,andar-1,0.483
2026-07-07T01:15,andar-1,0.517
2026-07-07T01:30,andar-1,0.633
2026-07-07T01:45,andar-1,0.627
2026-07-07T02:00,andar-1,0.588
2026-07-07T02:15,andar-1,0.553
2026-07-07T02:30,andar-1,0.596
2026-07-07T02:45,andar-1,0.593
2026-07-07T03:00,andar-1,0.483
2026-07-07T03:15,andar-1,0.530
2026-07-07T03:30,andar-1,0.545
2026-07-07T03:45,andar-1,0.565
2026-07-07T04:00,andar-1,0.506
2026-07-07T04:15,andar-1,0.526
2026-07-07T04:30,andar-1,0.573
2026-07-07T04:45,andar-1,0.591
2026-07-07T05:00,andar-1,0.522
2026-07-07T05:15,andar-1,0.520
2026-07-07T05:30,andar-1,0.615
2026-07-07T05:45,andar-1,0.606
2026-07-07T06:00,andar-1,0.695
2026-07-07T06:15,andar-1,0.742
2026-07-07T06:30,andar-1,0.711
2026-07-07T06:45,andar-1,0.724
2026-07-07T07:00,andar-1,0.689
2026-07-07T07:15,andar-1,0.657
2026-07-07T07:30,andar-1,0.723
2026-07-07T07:45,andar-1,0.670
2026-07-07T08:00,andar-1,0.766
2026-07-07T08:15,andar-1,0.699
2026-07-07T08:30,andar-1,0.706
2026-07-07T08:45,andar-1,0.684
2026-07-07T09:00,andar-1,0.682
2026-07-07T09:15,andar-1,0.689
2026-07-07T09:30,andar-1,0.657
2026-07-07T09:45,andar-1,0.614
2026-07-07T10:00,andar-1,0.832
2026-07-07T10:15,andar-1,0.902
2026-07-07T10:30,andar-1,0.865
2026-07-07T10:45,andar-1,0.863
2026-07-07T11:00,andar-1,0.891
2026-07-07T11:15,andar-1,0.822
2026-07-07T11:30,andar-1,0.805
2026-07-07T11:45,andar-1,0.840
2026-07-07T12:00,andar-1,0.842
2026-07-07T12:15,andar-1,0.873
2026-07-07T12:30,andar-1,0.868
2026-07-07T12:45,andar-1,0.809
2026-07-07T13:00,andar-1,0.900
2026-07-07T13:15,andar-1,0.912
2026-07-07T13:30,andar-1,0.942
2026-07-07T13:45,andar-1,0.732
2026-07-07T14:00,andar-1,0.671
2026-07-07T14:15,andar-1,0.882
2026-07-07T14:30,andar-1,0.873
2026-07-07T14:45,andar-1,0.773
2026-07-07T15:00,andar-1,0.698
2026-07-07T15:15,andar-1,0.754
2026-07-07T15:30,andar-1,0.727
2026-07-07T15:45,andar-1,0.741
2026-07-07T16:00,andar-1,0.844
2026-07-07T16:15,andar-1,0.790
2026-07-07T16:30,andar-1,0.811
2026-07-07T16:45,andar-1,0.784
2026-07-07T17:00,andar-1,0.982
2026-07-07T17:15,andar-1,0.915
2026-07-07T17:30,andar-1,0.891
2026-07-07T17:45,andar-1,0.913
2026-07-07T18:00,andar-1,0.876
2026-07-07T18:15,andar-1,0.862
2026-07-07T18:30,andar-1,0.920
2026-07-07T18:45,andar-1,0.923
2026-07-07T19:00,andar-1,0.902
2026-07-07T19:15,andar-1,0.980
2026-07-07T19:30,andar-1,1.053
2026-07-07T19:45,andar-1,0.815
2026-07-07T20:00,andar-1,1.011
2026-07-07T20:15,andar-1,0.970
2026-07-07T20:30,andar-1,0.877
2026-07-07T20:45,andar-1,0.866
2026-07-07T21:00,andar-1,1.034
2026-07-07T21:15,andar-1,0.970
2026-07-07T21:30,andar-1,0.852
2026-07-07T21:45,andar-1,0.815
2026-07-07T22:00,andar-1,0.640
2026-07-07T22:15,andar-1,0.708
2026-07-07T22:30,andar-1,0.591
2026-07-07T22:45,andar-1,0.479
2026-07-07T23:00,andar-1,0.644
2026-07-07T23:15,andar-1,0.643
2026-07-07T23:30,andar-1,0.545
2026-07-07T23:45,andar-1,0.547
2026-07-08T00:00,andar-1,0.537
2026-07-08T00:15,andar-1,0.546
2026-07-08T00:30,andar-1,0.591
2026-07-08T00:45,andar-1,0.581
2026-07-08T01:00,andar-1,0.501
2026-07-08T01:15,andar-1,0.540
2026-07-08T01:30,andar-1,0.552
2026-07-08T01:45,andar-1,0.564
2026-07-08T02:00,andar-1,0.545
2026-07-08T02:15,andar-1,0.561
2026-07-08T02:30,andar-1,0.529
2026-07-08T02:45,andar-1,0.563
2026-07-08T03:00,andar-1,0.537
2026-07-08T03:15,andar-1,0.578
2026-07-08T03:30,andar-1,0.527
2026-07-08T03:45,andar-1,0.529
2026-07-08T04:00,andar-1,0.522
2026-07-08T04:15,andar-1,0.524
2026-07-08T04:30,andar-1,0.497
2026-07-08T04:45,andar-1,0.486
2026-07-08T05:00,andar-1,0.546
2026-07-08T05:15,andar-1,0.496
2026-07-08T05:30,andar-1,0.587
2026-07-08T05:45,andar-1,0.464
2026-07-08T06:00,andar-1,0.764
2026-07-08T06:15,andar-1,0.806
2026-07-08T06:30,andar-1,0.692
2026-07-08T06:45,andar-1,0.702
2026-07-08T07:00,andar-1,0.750
2026-07-08T07:15,andar-1,0.680
2026-07-08T07:30,andar-1,0.767
2026-07-08T07:45,andar-1,0.723
2026-07-08T08:00,andar-1,0.770
2026-07-08T08:15,andar-1,0.834
2026-07-08T08:30,andar-1,0.644
2026-07-08T08:45,andar-1,0.791
2026-07-08T09:00,andar-1,0.715
2026-07-08T09:15,andar-1,0.747
2026-07-08T09:30,andar-1,0.624
2026-07-08T09:45,andar-1,0.842
2026-07-08T10:00,andar-1,0.613
2026-07-08T10:15,andar-1,0.882
2026-07-08T10:30,andar-1,0.884
2026-07-08T10:45,andar-1,0.803
2026-07-08T11:00,andar-1,0.844
2026-07-08T11:15,andar-1,0.877
2026-07-08T11:30,andar-1,0.811
2026-07-08T11:45,andar-1,0.768
2026-07-08T12:00,andar-1,0.740
2026-07-08T12:15,andar-1,0.779
2026-07-08T12:30,andar-1,0.930
2026-07-08T12:45,andar-1,0.980
2026-07-08T13:00,andar-1,0.786
2026-07-08T13:15,andar-1,0.861
2026-07-08T13:30,andar-1,0.759
2026-07-08T13:45,andar-1,0.864
2026-07-08T14:00,andar-1,0.873
2026-07-08T14:15,andar-1,0.972
2026-07-08T14:30,andar-1,0.849
2026-07-08T14:45,andar-1,0.778
2026-07-08T15:00,andar-1,0.884
2026-07-08T15:15,andar-1,0.853
2026-07-08T15:30,andar-1,0.825
2026-07-08T15:45,andar-1,0.828
2026-07-08T16:00,andar-1,0.671
2026-07-08T16:15,andar-1,0.685
2026-07-08T16:30,andar-1,0.919
2026-07-08T16:45,andar-1,1.003
2026-07-08T17:00,andar-1,0.953
2026-07-08T17:15,andar-1,0.965
2026-07-08T17:30,andar-1,1.007
2026-07-08T17:45,andar-1,1.027
2026-07-08T18:00,andar-1,0.829
2026-07-08T18:15,andar-1,1.054
2026-07-08T18:30,andar-1,0.905
2026-07-08T18:45,andar-1,0.925
2026-07-08T19:00,andar-1,0.986
2026-07-08T19:15,andar-1,0.937
2026-07-08T19:30,andar-1,0.974
2026-07-08T19:45,andar-1,0.904
2026-07-08T20:00,andar-1,0.947
2026-07-08T20:15,andar-1,0.897
2026-07-08T20:30,andar-1,0.832
2026-07-08T20:45,andar-1,0.894
2026-07-08T21:00,andar-1,0.838
2026-07-08T21:15,andar-1,0.872
2026-07-08T21:30,andar-1,0.957
2026-07-08T21:45,andar-1,1.081
2026-07-08T22:00,andar-1,0.556
2026-07-08T22:15,andar-1,0.598
2026-07-08T22:30,andar-1,0.632
2026-07-08T22:45,andar-1,0.691
2026-07-08T23:00,andar-1,0.575
2026-07-08T23:15,andar-1,0.641
2026-07-08T23:30,andar-1,0.643
2026-07-08T23:45,andar-1,0.551
2026-07-09T00:00,andar-1,0.471
2026-07-09T00:15,andar-1,0.552
2026-07-09T00:30,andar-1,0.517
2026-07-09T00:45,andar-1,0.604
2026-07-09T01:00,andar-1,0.489
2026-07-09T01:15,andar-1,0.552
2026-07-09T01:30,andar-1,0.528
2026-07-09T01:45,andar-1,0.599
2026-07-09T02:00,andar-1,0.569
2026-07-09T02:15,andar-1,0.568
2026-07-09T02:30,andar-1,0.484
2026-07-09T02:45,andar-1,0.502
2026-07-09T03:00,andar-1,0.547
2026-07-09T03:15,andar-1,0.566
2026-07-09T03:30,andar-1,0.570
2026-07-09T03:45,andar-1,0.520
2026-07-09T04:00,andar-1,0.478
2026-07-09T04:15,andar-1,0.559
2026-07-09T04:30,andar-1,0.537
2026-07-09T04:45,andar-1,0.550
2026-07-09T05:00,andar-1,0.612
2026-07-09T05:15,andar-1,0.500
2026-07-09T05:30,andar-1,0.507
2026-07-09T05:45,andar-1,0.522
2026-07-09T06:00,andar-1,0.722
2026-07-09T06:15,andar-1,0.802
2026-07-09T06:30,andar-1,0.627
2026-07-09T06:45,andar-1,0.727
2026-07-09T07:00,andar-1,0.766
2026-07-09T07:15,andar-1,0.678
2026-07-09T07:30,andar-1,0.715
2026-07-09T07:45,andar-1,0.604
2026-07-09T08:00,andar-1,0.648
2026-07-09T08:15,andar-1,0.734
2026-07-09T08:30,andar-1,0.707
2026-07-09T08:45,andar-1,0.687
2026-07-09T09:00,andar-1,0.586
2026-07-09T09:15,andar-1,0.646
2026-07-09T09:30,andar-1,0.661
2026-07-09T09:45,andar-1,0.665
2026-07-09T10:00,andar-1,0.841
2026-07-09T10:15,andar-1,0.820
2026-07-09T10:30,andar-1,0.840
2026-07-09T10:45,andar-1,0.976
2026-07-09T11:00,andar-1,0.715
2026-07-09T11:15,andar-1,0.864
2026-07-09T11:30,andar-1,0.780
2026-07-09T11:45,andar-1,0.880
2026-07-09T12:00,andar-1,0.805
2026-07-09T12:15,andar-1,0.947
2026-07-09T12:30,andar-1,0.905
2026-07-09T12:45,andar-1,0.822
2026-07-09T13:00,andar-1,0.940
2026-07-09T13:15,andar-1,0.925
2026-07-09T13:30,andar-1,0.756
2026-07-09T13:45,andar-1,0.768
2026-07-09T14:00,andar-1,0.905
2026-07-09T14:15,andar-1,0.876
2026-07-09T14:30,andar-1,0.819
2026-07-09T14:45,andar-1,0.900
2026-07-09T15:00,andar-1,0.882
2026-07-09T15:15,andar-1,0.832
2026-07-09T15:30,andar-1,0.839
2026-07-09T15:45,andar-1,0.903
2026-07-09T16:00,andar-1,0.898
2026-07-09T16:15,andar-1,0.792
2026-07-09T16:30,andar-1,0.833
2026-07-09T16:45,andar-1,0.949
2026-07-09T17:00,andar-1,0.920
2026-07-09T17:15,andar-1,0.962
2026-07-09T17:30,andar-1,0.876
2026-07-09T17:45,andar-1,0.915
2026-07-09T18:00,andar-1,0.970
2026-07-09T18:15,andar-1,0.991
2026-07-09T18:30,andar-1,0.887
2026-07-09T18:45,andar-1,0.944
2026-07-09T19:00,andar-1,1.004
2026-07-09T19:15,andar-1,0.857
2026-07-09T19:30,andar-1,1.062
2026-07-09T19:45,andar-1,0.866
2026-07-09T20:00,andar-1,1.124
2026-07-09T20:15,andar-1,0.982
2026-07-09T20:30,andar-1,1.043
2026-07-09T20:45,andar-1,0.917
2026-07-09T21:00,andar-1,0.959
2026-07-09T21:15,andar-1,1.020
2026-07-09T21:30,andar-1,1.101
2026-07-09T21:45,andar-1,1.023
2026-07-09T22:00,andar-1,0.631
2026-07-09T22:15,andar-1,0.564
2026-07-09T22:30,andar-1,0.600
2026-07-09T22:45,andar-1,0.561
2026-07-09T23:00,andar-1,0.646
2026-07-09T23:15,andar-1,0.551
2026-07-09T23:30,andar-1,0.611
2026-07-09T23:45,andar-1,0.610
2026-07-10T00:00,andar-1,0.544
2026-07-10T00:15,andar-1,0.512
2026-07-10T00:30,andar-1,0.574
2026-07-10T00:45,andar-1,0.585
2026-07-10T01:00,andar-1,0.600
2026-07-10T01:15,andar-1,0.575
2026-07-10T01:30,andar-1,0.560
2026-07-10T01:45,andar-1,0.509
2026-07-10T02:00,andar-1,0.547
2026-07-10T02:15,andar-1,0.579
2026-07-10T02:30,andar-1,0.484
2026-07-10T02:45,andar-1,0.560
2026-07-10T03:00,andar-1,0.438
2026-07-10T03:15,andar-1,0.483
2026-07-10T03:30,andar-1,0.494
2026-07-10T03:45,andar-1,0.574
2026-07-10T04:00,andar-1,0.527
2026-07-10T04:15,andar-1,0.478
2026-07-10T04:30,andar-1,0.503
2026-07-10T04:45,andar-1,0.579
2026-07-10T05:00,andar-1,0.628
2026-07-10T05:15,andar-1,0.559
2026-07-10T05:30,andar-1,0.584
2026-07-10T05:45,andar-1,0.565
2026-07-10T06:00,andar-1,0.680
2026-07-10T06:15,andar-1,0.724
2026-07-10T06:30,andar-1,0.750
2026-07-10T06:45,andar-1,0.742
2026-07-10T07:00,andar-1,0.678
2026-07-10T07:15,andar-1,0.721
2026-07-10T07:30,andar-1,0.712
2026-07-10T07:45,andar-1,0.733
2026-07-10T08:00,andar-1,0.660
2026-07-10T08:15,andar-1,0.647
2026-07-10T08:30,andar-1,0.674
2026-07-10T08:45,andar-1,0.668
2026-07-10T09:00,andar-1,0.647
2026-07-10T09:15,andar-1,0.669
2026-07-10T09:30,andar-1,0.642
2026-07-10T09:45,andar-1,0.670
2026-07-10T10:00,andar-1,0.951
2026-07-10T10:15,andar-1,0.944
2026-07-10T10:30,andar-1,0.881
2026-07-10T10:45,andar-1,0.833
2026-07-10T11:00,andar-1,0.857
2026-07-10T11:15,andar-1,0.900
2026-07-10T11:30,andar-1,0.822
2026-07-10T11:45,andar-1,0.821
2026-07-10T12:00,andar-1,0.874
2026-07-10T12:15,andar-1,0.748
2026-07-10T12:30,andar-1,0.875
2026-07-10T12:45,andar-1,0.974
2026-07-10T13:00,andar-1,0.944
2026-07-10T13:15,andar-1,0.839
2026-07-10T13:30,andar-1,0.832
2026-07-10T13:45,andar-1,0.752
2026-07-10T14:00,andar-1,0.802
2026-07-10T14:15,andar-1,0.813
2026-07-10T14:30,andar-1,0.811
2026-07-10T14:45,andar-1,0.945
2026-07-10T15:00,andar-1,0.860
2026-07-10T15:15,andar-1,0.821
2026-07-10T15:30,andar-1,0.833
2026-07-10T15:45,andar-1,0.874
2026-07-10T16:00,andar-1,0.852
2026-07-10T16:15,andar-1,0.850
2026-07-10T16:30,andar-1,0.963
2026-07-10T16:45,andar-1,0.875
2026-07-10T17:00,andar-1,0.951
2026-07-10T17:15,andar-1,0.965
2026-07-10T17:30,andar-1,1.048
2026-07-10T17:45,andar-1,0.922
2026-07-10T18:00,andar-1,0.992
2026-07-10T18:15,andar-1,0.924
2026-07-10T18:30,andar-1,0.953
2026-07-10T18:45,andar-1,1.018
2026-07-10T19:00,andar-1,1.060
2026-07-10T19:15,andar-1,0.970
2026-07-10T19:30,andar-1,0.900
2026-07-10T19:45,andar-1,0.955
2026-07-10T20:00,andar-1,0.930
2026-07-10T20:15,andar-1,0.888
2026-07-10T20:30,andar-1,1.089
2026-07-10T20:45,andar-1,0.984
2026-07-10T21:00,andar-1,0.845
2026-07-10T21:15,andar-1,1.008
2026-07-10T21:30,andar-1,0.810
2026-07-10T21:45,andar-1,0.922
2026-07-10T22:00,andar-1,0.617
2026-07-10T22:15,andar-1,0.614
2026-07-10T22:30,andar-1,0.672
2026-07-10T22:45,andar-1,0.579
2026-07-10T23:00,andar-1,0.588
2026-07-10T23:15,andar-1,0.606
2026-07-10T23:30,andar-1,0.509
2026-07-10T23:45,andar-1,0.587
2026-07-11T00:00,andar-1,0.531
2026-07-11T00:15,andar-1,0.461
2026-07-11T00:30,andar-1,0.503
2026-07-11T00:45,andar-1,0.527
2026-07-11T01:00,andar-1,0.475
2026-07-11T01:15,andar-1,0.520
2026-07-11T01:30,andar-1,0.559
2026-07-11T01:45,andar-1,0.520
2026-07-11T02:00,andar-1,0.409
2026-07-11T02:15,andar-1,0.517
2026-07-11T02:30,andar-1,0.432
2026-07-11T02:45,andar-1,0.524
2026-07-11T03:00,andar-1,0.448
2026-07-11T03:15,andar-1,0.513
2026-07-11T03:30,andar-1,0.417
2026-07-11T03:45,andar-1,0.441
2026-07-11T04:00,andar-1,0.447
2026-07-11T04:15,andar-1,0.449
2026-07-11T04:30,andar-1,0.536
2026-07-11T04:45,andar-1,0.497
2026-07-11T05:00,andar-1,0.460
2026-07-11T05:15,andar-1,0.531
2026-07-11T05:30,andar-1,0.499
2026-07-11T05:45,andar-1,0.538
2026-07-11T06:00,andar-1,0.625
2026-07-11T06:15,andar-1,0.716
2026-07-11T06:30,andar-1,0.606
2026-07-11T06:45,andar-1,0.671
2026-07-11T07:00,andar-1,0.636
2026-07-11T07:15,andar-1,0.563
2026-07-11T07:30,andar-1,0.561
2026-07-11T07:45,andar-1,0.512
2026-07-11T08:00,andar-1,0.656
2026-07-11T08:15,andar-1,0.622
2026-07-11T08:30,andar-1,0.576
2026-07-11T08:45,andar-1,0.563
2026-07-11T09:00,andar-1,0.671
2026-07-11T09:15,andar-1,0.501
2026-07-11T09:30,andar-1,0.526
2026-07-11T09:45,andar-1,0.622
2026-07-11T10:00,andar-1,0.719
2026-07-11T10:15,andar-1,0.791
2026-07-11T10:30,andar-1,0.783
2026-07-11T10:45,andar-1,0.659
2026-07-11T11:00,andar-1,0.776
2026-07-11T11:15,andar-1,0.749
2026-07-11T11:30,andar-1,0.854
2026-07-11T11:45,andar-1,0.788
2026-07-11T12:00,andar-1,0.796
2026-07-11T12:15,andar-1,0.797
2026-07-11T12:30,andar-1,0.695
2026-07-11T12:45,andar-1,0.771
2026-07-11T13:00,andar-1,0.736
2026-07-11T13:15,andar-1,0.751
2026-07-11T13:30,andar-1,0.696
2026-07-11T13:45,andar-1,0.863
2026-07-11T14:00,andar-1,0.867
2026-07-11T14:15,andar-1,0.775
2026-07-11T14:30,andar-1,0.796
2026-07-11T14:45,andar-1,0.741
2026-07-11T15:00,andar-1,0.734
2026-07-11T15:15,andar-1,0.782
2026-07-11T15:30,andar-1,0.807
2026-07-11T15:45,andar-1,0.805
2026-07-11T16:00,andar-1,0.760
2026-07-11T16:15,andar-1,0.686
2026-07-11T16:30,andar-1,0.763
2026-07-11T16:45,andar-1,0.797
2026-07-11T17:00,andar-1,0.804
2026-07-11T17:15,andar-1,0.735
2026-07-11T17:30,andar-1,0.931
2026-07-11T17:45,andar-1,0.982
2026-07-11T18:00,andar-1,0.811
2026-07-11T18:15,andar-1,0.873
2026-07-11T18:30,andar-1,0.746
2026-07-11T18:45,andar-1,0.843
2026-07-11T19:00,andar-1,0.830
2026-07-11T19:15,andar-1,1.005
2026-07-11T19:30,andar-1,0.926
2026-07-11T19:45,andar-1,0.909
2026-07-11T20:00,andar-1,0.902
2026-07-11T20:15,andar-1,0.885
2026-07-11T20:30,andar-1,0.877
2026-07-11T20:45,andar-1,0.948
2026-07-11T21:00,andar-1,0.894
2026-07-11T21:15,andar-1,0.726
2026-07-11T21:30,andar-1,0.806
2026-07-11T21:45,andar-1,0.861
2026-07-11T22:00,andar-1,0.548
2026-07-11T22:15,andar-1,0.565
2026-07-11T22:30,andar-1,0.596
2026-07-11T22:45,andar-1,0.533
2026-07-11T23:00,andar-1,0.496
2026-07-11T23:15,andar-1,0.614
2026-07-11T23:30,andar-1,0.612
2026-07-11T23:45,andar-1,0.427
2026-07-12T00:00,andar-1,0.521
2026-07-12T00:15,andar-1,0.508
2026-07-12T00:30,andar-1,0.469
2026-07-12T00:45,andar-1,0.510
2026-07-12T01:00,andar-1,0.483
2026-07-12T01:15,andar-1,0.468
2026-07-12T01:30,andar-1,0.489
2026-07-12T01:45,andar-1,0.500
2026-07-12T02:00,andar-1,0.441
2026-07-12T02:15,andar-1,0.441
2026-07-12T02:30,andar-1,0.518
2026-07-12T02:45,andar-1,0.462
2026-07-12T03:00,andar-1,0.498
2026-07-12T03:15,andar-1,0.550
2026-07-12T03:30,andar-1,0.460
2026-07-12T03:45,andar-1,0.608
2026-07-12T04:00,andar-1,0.457
2026-07-12T04:15,andar-1,0.431
2026-07-12T04:30,andar-1,0.541
2026-07-12T04:45,andar-1,0.530
2026-07-12T05:00,andar-1,0.487
2026-07-12T05:15,andar-1,0.499
2026-07-12T05:30,andar-1,0.454
2026-07-12T05:45,andar-1,0.523
2026-07-12T06:00,andar-1,0.610
2026-07-12T06:15,andar-1,0.593
2026-07-12T06:30,andar-1,0.677
2026-07-12T06:45,andar-1,0.573
2026-07-12T07:00,andar-1,0.621
2026-07-12T07:15,andar-1,0.684
2026-07-12T07:30,andar-1,0.673
2026-07-12T07:45,andar-1,0.626
2026-07-12T08:00,andar-1,0.621
2026-07-12T08:15,andar-1,0.629
2026-07-12T08:30,andar-1,0.712
2026-07-12T08:45,andar-1,0.580
2026-07-12T09:00,andar-1,0.645
2026-07-12T09:15,andar-1,0.564
2026-07-12T09:30,andar-1,0.638
2026-07-12T09:45,andar-1,0.670
2026-07-12T10:00,andar-1,0.786
2026-07-12T10:15,andar-1,0.705
2026-07-12T10:30,andar-1,0.816
2026-07-12T10:45,andar-1,0.801
2026-07-12T11:00,andar-1,0.801
2026-07-12T11:15,andar-1,0.844
2026-07-12T11:30,andar-1,0.825
2026-07-12T11:45,andar-1,0.780
2026-07-12T12:00,andar-1,0.751
2026-07-12T12:15,andar-1,0.708
2026-07-12T12:30,andar-1,0.704
2026-07-12T12:45,andar-1,0.822
2026-07-12T13:00,andar-1,0.778
2026-07-12T13:15,andar-1,0.739
2026-07-12T13:30,andar-1,0.869
2026-07-12T13:45,andar-1,0.712
2026-07-12T14:00,andar-1,0.716
2026-07-12T14:15,andar-1,0.743
2026-07-12T14:30,andar-1,0.731
2026-07-12T14:45,andar-1,0.629
2026-07-12T15:00,andar-1,0.823
2026-07-12T15:15,andar-1,0.669
2026-07-12T15:30,andar-1,0.693
2026-07-12T15:45,andar-1,0.798
2026-07-12T16:00,andar-1,0.702
2026-07-12T16:15,andar-1,0.721
2026-07-12T16:30,andar-1,0.689
2026-07-12T16:45,andar-1,0.767
2026-07-12T17:00,andar-1,0.893
2026-07-12T17:15,andar-1,0.774
2026-07-12T17:30,andar-1,0.976
2026-07-12T17:45,andar-1,0.771
2026-07-12T18:00,andar-1,0.798
2026-07-12T18:15,andar-1,0.754
2026-07-12T18:30,andar-1,0.998
2026-07-12T18:45,andar-1,0.916
2026-07-12T19:00,andar-1,0.822
2026-07-12T19:15,andar-1,0.781
2026-07-12T19:30,andar-1,0.783
2026-07-12T19:45,andar-1,0.916
2026-07-12T20:00,andar-1,0.870
2026-07-12T20:15,andar-1,0.865
2026-07-12T20:30,andar-1,0.841
2026-07-12T20:45,andar-1,0.835
2026-07-12T21:00,andar-1,0.756
2026-07-12T21:15,andar-1,0.779
2026-07-12T21:30,andar-1,0.796
2026-07-12T21:45,andar-1,0.934
2026-07-12T22:00,andar-1,0.546
2026-07-12T22:15,andar-1,0.456
2026-07-12T22:30,andar-1,0.591
2026-07-12T22:45,andar-1,0.476
2026-07-12T23:00,andar-1,0.518
2026-07-12T23:15,andar-1,0.520
2026-07-12T23:30,andar-1,0.527
2026-07-12T23:45,andar-1,0.561
2026-07-13T00:00,andar-1,0.536
2026-07-13T00:15,andar-1,0.616
2026-07-13T00:30,andar-1,0.550
2026-07-13T00:45,andar-1,0.544
2026-07-13T01:00,andar-1,0.566
2026-07-13T01:15,andar-1,0.605
2026-07-13T01:30,andar-1,0.598
2026-07-13T01:45,andar-1,0.561
2026-07-13T02:00,andar-1,0.566
2026-07-13T02:15,andar-1,0.515
2026-07-13T02:30,andar-1,0.463
2026-07-13T02:45,andar-1,0.514
2026-07-13T03:00,andar-1,0.541
2026-07-13T03:15,andar-1,0.549
2026-07-13T03:30,andar-1,0.534
2026-07-13T03:45,andar-1,0.521
2026-07-13T04:00,andar-1,0.520
2026-07-13T04:15,andar-1,0.541
2026-07-13T04:30,andar-1,0.464
2026-07-13T04:45,andar-1,0.485
2026-07-13T05:00,andar-1,0.624
2026-07-13T05:15,andar-1,0.624
2026-07-13T05:30,andar-1,0.627
2026-07-13T05:45,andar-1,0.561
2026-07-13T06:00,andar-1,0.719
2026-07-13T06:15,andar-1,0.748
2026-07-13T06:30,andar-1,0.795
2026-07-13T06:45,andar-1,0.740
2026-07-13T07:00,andar-1,0.732
2026-07-13T07:15,andar-1,0.745
2026-07-13T07:30,andar-1,0.714
2026-07-13T07:45,andar-1,0.730
2026-07-13T08:00,andar-1,0.663
2026-07-13T08:15,andar-1,0.667
2026-07-13T08:30,andar-1,0.713
2026-07-13T08:45,andar-1,0.698
2026-07-13T09:00,andar-1,0.679
2026-07-13T09:15,andar-1,0.714
2026-07-13T09:30,andar-1,0.592
2026-07-13T09:45,andar-1,0.697
2026-07-13T10:00,andar-1,0.832
2026-07-13T10:15,andar-1,0.907
2026-07-13T10:30,andar-1,0.948
2026-07-13T10:45,andar-1,0.776
2026-07-13T11:00,andar-1,0.901
2026-07-13T11:15,andar-1,0.855
2026-07-13T11:30,andar-1,0.843
2026-07-13T11:45,andar-1,0.768
2026-07-13T12:00,andar-1,0.797
2026-07-13T12:15,andar-1,0.939
2026-07-13T12:30,andar-1,0.880
2026-07-13T12:45,andar-1,0.904
2026-07-13T13:00,andar-1,0.881
2026-07-13T13:15,andar-1,0.811
2026-07-13T13:30,andar-1,0.789
2026-07-13T13:45,andar-1,0.785
2026-07-13T14:00,andar-1,0.909
2026-07-13T14:15,andar-1,0.694
2026-07-13T14:30,andar-1,0.946
2026-07-13T14:45,andar-1,0.802
2026-07-13T15:00,andar-1,0.864
2026-07-13T15:15,andar-1,0.965
2026-07-13T15:30,andar-1,0.825
2026-07-13T15:45,andar-1,0.893
2026-07-13T16:00,andar-1,0.844
2026-07-13T16:15,andar-1,0.807
2026-07-13T16:30,andar-1,1.027
2026-07-13T16:45,andar-1,0.727
2026-07-13T17:00,andar-1,0.907
2026-07-13T17:15,andar-1,0.975
2026-07-13T17:30,andar-1,0.970
2026-07-13T17:45,andar-1,0.914
2026-07-13T18:00,andar-1,0.906
2026-07-13T18:15,andar-1,1.165
2026-07-13T18:30,andar-1,0.926
2026-07-13T18:45,andar-1,0.966
2026-07-13T19:00,andar-1,0.963
2026-07-13T19:15,andar-1,0.989
2026-07-13T19:30,andar-1,0.919
2026-07-13T19:45,andar-1,0.839
2026-07-13T20:00,andar-1,0.934
2026-07-13T20:15,andar-1,0.896
2026-07-13T20:30,andar-1,1.049
2026-07-13T20:45,andar-1,0.943
2026-07-13T21:00,andar-1,0.999
2026-07-13T21:15,andar-1,0.983
2026-07-13T21:30,andar-1,0.929
2026-07-13T21:45,andar-1,0.957
2026-07-13T22:00,andar-1,0.627
2026-07-13T22:15,andar-1,0.573
2026-07-13T22:30,andar-1,0.584
2026-07-13T22:45,andar-1,0.545
2026-07-13T23:00,andar-1,0.510
2026-07-13T23:15,andar-1,0.631
2026-07-13T23:30,andar-1,0.684
2026-07-13T23:45,andar-1,0.636
2026-07-14T00:00,andar-1,0.563
2026-07-14T00:15,andar-1,0.536
2026-07-14T00:30,andar-1,0.542
2026-07-14T00:45,andar-1,0.489
2026-07-14T01:00,andar-1,0.563
2026-07-14T01:15,andar-1,0.588
2026-07-14T01:30,andar-1,0.475
2026-07-14T01:45,andar-1,0.553
2026-07-14T02:00,andar-1,0.556
2026-07-14T02:15,andar-1,0.530
2026-07-14T02:30,andar-1,0.521
2026-07-14T02:45,andar-1,0.439
2026-07-14T03:00,andar-1,0.586
2026-07-14T03:15,andar-1,0.553
2026-07-14T03:30,andar-1,0.582
2026-07-14T03:45,andar-1,0.634
2026-07-14T04:00,andar-1,0.569
2026-07-14T04:15,andar-1,0.552
2026-07-14T04:30,andar-1,0.474
2026-07-14T04:45,andar-1,0.587
2026-07-14T05:00,andar-1,0.545
2026-07-14T05:15,andar-1,0.524
2026-07-14T05:30,andar-1,0.636
2026-07-14T05:45,andar-1,0.570
2026-07-14T06:00,andar-1,0.805
2026-07-14T06:15,andar-1,0.654
2026-07-14T06:30,andar-1,0.711
2026-07-14T06:45,andar-1,0.643
2026-07-14T07:00,andar-1,0.668
2026-07-14T07:15,andar-1,0.647
2026-07-14T07:30,andar-1,0.703
2026-07-14T07:45,andar-1,0.684
2026-07-14T08:00,andar-1,0.717
2026-07-14T08:15,andar-1,0.833
2026-07-14T08:30,andar-1,0.622
2026-07-14T08:45,andar-1,0.574
2026-07-14T09:00,andar-1,0.733
2026-07-14T09:15,andar-1,0.630
2026-07-14T09:30,andar-1,0.716
2026-07-14T09:45,andar-1,0.720
2026-07-14T10:00,andar-1,0.884
2026-07-14T10:15,andar-1,0.814
2026-07-14T10:30,andar-1,0.848
2026-07-14T10:45,andar-1,0.746
2026-07-14T11:00,andar-1,0.921
2026-07-14T11:15,andar-1,0.987
2026-07-14T11:30,andar-1,0.745
2026-07-14T11:45,andar-1,0.910
2026-07-14T12:00,andar-1,0.844
2026-07-14T12:15,andar-1,0.812
2026-07-14T12:30,andar-1,0.848
2026-07-14T12:45,andar-1,0.816
2026-07-14T13:00,andar-1,0.899
2026-07-14T13:15,andar-1,0.822
2026-07-14T13:30,andar-1,0.847
2026-07-14T13:45,andar-1,0.983
2026-07-14T14:00,andar-1,0.861
2026-07-14T14:15,andar-1,0.903
2026-07-14T14:30,andar-1,0.865
2026-07-14T14:45,andar-1,0.853
2026-07-14T15:00,andar-1,0.804
2026-07-14T15:15,andar-1,0.916
2026-07-14T15:30,andar-1,0.895
2026-07-14T15:45,andar-1,0.698
2026-07-14T16:00,andar-1,0.950
2026-07-14T16:15,andar-1,0.867
2026-07-14T16:30,andar-1,0.851
2026-07-14T16:45,andar-1,0.705
2026-07-14T17:00,andar-1,0.911
2026-07-14T17:15,andar-1,0.933
2026-07-14T17:30,andar-1,0.883
2026-07-14T17:45,andar-1,1.070
2026-07-14T18:00,andar-1,1.106
2026-07-14T18:15,andar-1,1.032
2026-07-14T18:30,andar-1,0.792
2026-07-14T18:45,andar-1,1.080
2026-07-14T19:00,andar-1,0.977
2026-07-14T19:15,andar-1,0.897
2026-07-14T19:30,andar-1,0.950
2026-07-14T19:45,andar-1,1.003
2026-07-14T20:00,andar-1,1.118
2026-07-14T20:15,andar-1,0.964
2026-07-14T20:30,andar-1,0.813
2026-07-14T20:45,andar-1,0.891
2026-07-14T21:00,andar-1,0.913
2026-07-14T21:15,andar-1,0.962
2026-07-14T21:30,andar-1,1.060
2026-07-14T21:45,andar-1,0.959
2026-07-14T22:00,andar-1,0.646
2026-07-14T22:15,andar-1,0.627
2026-07-14T22:30,andar-1,0.635
2026-07-14T22:45,andar-1,0.624
2026-07-14T23:00,andar-1,0.521
2026-07-14T23:15,andar-1,0.605
2026-07-14T23:30,andar-1,0.555
2026-07-14T23:45,andar-1,0.567
2026-07-15T00:00,andar-1,0.488
2026-07-15T00:15,andar-1,0.521
2026-07-15T00:30,andar-1,0.559
2026-07-15T00:45,andar-1,0.542
2026-07-15T01:00,andar-1,0.573
2026-07-15T01:15,andar-1,0.546
2026-07-15T01:30,andar-1,0.556
2026-07-15T01:45,andar-1,0.537
2026-07-15T02:00,andar-1,0.556
2026-07-15T02:15,andar-1,0.590
2026-07-15T02:30,andar-1,0.533
2026-07-15T02:45,andar-1,0.562
2026-07-15T03:00,andar-1,0.524
2026-07-15T03:15,andar-1,0.549
2026-07-15T03:30,andar-1,0.542
2026-07-15T03:45,andar-1,0.499
2026-07-15T04:00,andar-1,0.559
2026-07-15T04:15,andar-1,0.562
2026-07-15T04:30,andar-1,0.439
2026-07-15T04:45,andar-1,0.515
2026-07-15T05:00,andar-1,0.559
2026-07-15T05:15,andar-1,0.597
2026-07-15T05:30,andar-1,0.549
2026-07-15T05:45,andar-1,0.562
2026-07-15T06:00,andar-1,0.676
2026-07-15T06:15,andar-1,0.689
2026-07-15T06:30,andar-1,0.686
2026-07-15T06:45,andar-1,0.698
2026-07-15T07:00,andar-1,0.622
2026-07-15T07:15,andar-1,0.666
2026-07-15T07:30,andar-1,0.776
2026-07-15T07:45,andar-1,0.724
2026-07-15T08:00,andar-1,0.733
2026-07-15T08:15,andar-1,0.665
2026-07-15T08:30,andar-1,0.772
2026-07-15T08:45,andar-1,0.756
2026-07-15T09:00,andar-1,0.809
2026-07-15T09:15,andar-1,0.735
2026-07-15T09:30,andar-1,0.685
2026-07-15T09:45,andar-1,0.690
2026-07-15T10:00,andar-1,0.841
2026-07-15T10:15,andar-1,0.886
2026-07-15T10:30,andar-1,0.886
2026-07-15T10:45,andar-1,0.936
2026-07-15T11:00,andar-1,0.832
2026-07-15T11:15,andar-1,0.728
2026-07-15T11:30,andar-1,0.850
2026-07-15T11:45,andar-1,0.922
2026-07-15T12:00,andar-1,0.793
2026-07-15T12:15,andar-1,0.790
2026-07-15T12:30,andar-1,0.932
2026-07-15T12:45,andar-1,0.813
2026-07-15T13:00,andar-1,0.810
2026-07-15T13:15,andar-1,0.931
2026-07-15T13:30,andar-1,0.824
2026-07-15T13:45,andar-1,0.856
2026-07-15T14:00,andar-1,0.816
2026-07-15T14:15,andar-1,0.659
2026-07-15T14:30,andar-1,0.776
2026-07-15T14:45,andar-1,0.806
2026-07-15T15:00,andar-1,0.850
2026-07-15T15:15,andar-1,0.814
2026-07-15T15:30,andar-1,0.836
2026-07-15T15:45,andar-1,0.909
2026-07-15T16:00,andar-1,0.827
2026-07-15T16:15,andar-1,0.947
2026-07-15T16:30,andar-1,0.882
2026-07-15T16:45,andar-1,0.770
2026-07-15T17:00,andar-1,1.040
2026-07-15T17:15,andar-1,0.965
2026-07-15T17:30,andar-1,1.047
2026-07-15T17:45,andar-1,0.856
2026-07-15T18:00,andar-1,0.838
2026-07-15T18:15,andar-1,1.142
2026-07-15T18:30,andar-1,1.075
2026-07-15T18:45,andar-1,0.890
2026-07-15T19:00,andar-1,0.913
2026-07-15T19:15,andar-1,0.857
2026-07-15T19:30,andar-1,0.918
2026-07-15T19:45,andar-1,0.988
2026-07-15T20:00,andar-1,0.917
2026-07-15T20:15,andar-1,0.838
2026-07-15T20:30,andar-1,1.028
2026-07-15T20:45,andar-1,0.999
2026-07-15T21:00,andar-1,0.925
2026-07-15T21:15,andar-1,0.805
2026-07-15T21:30,andar-1,0.933
2026-07-15T21:45,andar-1,1.070
2026-07-15T22:00,andar-1,0.558
2026-07-15T22:15,andar-1,0.648
2026-07-15T22:30,andar-1,0.577
2026-07-15T22:45,andar-1,0.562
2026-07-15T23:00,andar-1,0.484
2026-07-15T23:15,andar-1,0.581
2026-07-15T23:30,andar-1,0.672
2026-07-15T23:45,andar-1,0.628
2026-07-16T00:00,andar-1,0.571
2026-07-16T00:15,andar-1,0.618
2026-07-16T00:30,andar-1,0.540
2026-07-16T00:45,andar-1,0.602
2026-07-16T01:00,andar-1,0.584
2026-07-16T01:15,andar-1,0.529
2026-07-16T01:30,andar-1,0.593
2026-07-16T01:45,andar-1,0.594
2026-07-16T02:00,andar-1,0.584
2026-07-16T02:15,andar-1,0.594
2026-07-16T02:30,andar-1,0.631
2026-07-16T02:45,andar-1,0.580
2026-07-16T03:00,andar-1,0.571
2026-07-16T03:15,andar-1,0.495
2026-07-16T03:30,andar-1,0.552
2026-07-16T03:45,andar-1,0.565
2026-07-16T04:00,andar-1,0.513
2026-07-16T04:15,andar-1,0.569
2026-07-16T04:30,andar-1,0.577
2026-07-16T04:45,andar-1,0.595
2026-07-16T05:00,andar-1,0.556
2026-07-16T05:15,andar-1,0.527
2026-07-16T05:30,andar-1,0.487
2026-07-16T05:45,andar-1,0.555
2026-07-16T06:00,andar-1,0.796
2026-07-16T06:15,andar-1,0.828
2026-07-16T06:30,andar-1,0.722
2026-07-16T06:45,andar-1,0.667
2026-07-16T07:00,andar-1,0.639
2026-07-16T07:15,andar-1,0.663
2026-07-16T07:30,andar-1,0.714
2026-07-16T07:45,andar-1,0.708
2026-07-16T08:00,andar-1,0.700
2026-07-16T08:15,andar-1,0.635
2026-07-16T08:30,andar-1,0.662
2026-07-16T08:45,andar-1,0.699
2026-07-16T09:00,andar-1,0.756
2026-07-16T09:15,andar-1,0.705
2026-07-16T09:30,andar-1,0.736
2026-07-16T09:45,andar-1,0.787
2026-07-16T10:00,andar-1,0.758
2026-07-16T10:15,andar-1,0.898
2026-07-16T10:30,andar-1,0.814
2026-07-16T10:45,andar-1,0.930
2026-07-16T11:00,andar-1,0.809
2026-07-16T11:15,andar-1,0.954
2026-07-16T11:30,andar-1,0.816
2026-07-16T11:45,andar-1,0.941
2026-07-16T12:00,andar-1,0.946
2026-07-16T12:15,andar-1,0.907
2026-07-16T12:30,andar-1,0.872
2026-07-16T12:45,andar-1,0.752
2026-07-16T13:00,andar-1,0.862
2026-07-16T13:15,andar-1,0.811
2026-07-16T13:30,andar-1,0.777
2026-07-16T13:45,andar-1,0.874
2026-07-16T14:00,andar-1,0.837
2026-07-16T14:15,andar-1,0.951
2026-07-16T14:30,andar-1,0.858
2026-07-16T14:45,andar-1,0.842
2026-07-16T15:00,andar-1,0.890
2026-07-16T15:15,andar-1,0.847
2026-07-16T15:30,andar-1,0.795
2026-07-16T15:45,andar-1,0.826
2026-07-16T16:00,andar-1,0.945
2026-07-16T16:15,andar-1,0.852
2026-07-16T16:30,andar-1,0.911
2026-07-16T16:45,andar-1,0.894
2026-07-16T17:00,andar-1,1.009
2026-07-16T17:15,andar-1,1.142
2026-07-16T17:30,andar-1,0.920
2026-07-16T17:45,andar-1,1.008
2026-07-16T18:00,andar-1,1.164
2026-07-16T18:15,andar-1,0.963
2026-07-16T18:30,andar-1,0.996
2026-07-16T18:45,andar-1,0.893
2026-07-16T19:00,andar-1,0.811
2026-07-16T19:15,andar-1,0.879
2026-07-16T19:30,andar-1,0.842
2026-07-16T19:45,andar-1,0.997
2026-07-16T20:00,andar-1,0.961
2026-07-16T20:15,andar-1,0.915
2026-07-16T20:30,andar-1,1.014
2026-07-16T20:45,andar-1,0.906
2026-07-16T21:00,andar-1,0.943
2026-07-16T21:15,andar-1,0.997
2026-07-16T21:30,andar-1,1.001
2026-07-16T21:45,andar-1,0.852
2026-07-16T22:00,andar-1,0.591
2026-07-16T22:15,andar-1,0.551
2026-07-16T22:30,andar-1,0.613
2026-07-16T22:45,andar-1,0.633
2026-07-16T23:00,andar-1,0.644
2026-07-16T23:15,andar-1,0.564
2026-07-16T23:30,andar-1,0.622
2026-07-16T23:45,andar-1,0.667
2026-07-17T00:00,andar-1,0.465
2026-07-17T00:15,andar-1,0.543
2026-07-17T00:30,andar-1,0.562
2026-07-17T00:45,andar-1,0.488
2026-07-17T01:00,andar-1,0.544
2026-07-17T01:15,andar-1,0.540
2026-07-17T01:30,andar-1,0.530
2026-07-17T01:45,andar-1,0.465
2026-07-17T02:00,andar-1,0.522
2026-07-17T02:15,andar-1,0.509
2026-07-17T02:30,andar-1,0.472
2026-07-17T02:45,andar-1,0.604
2026-07-17T03:00,andar-1,0.530
2026-07-17T03:15,andar-1,0.505
2026-07-17T03:30,andar-1,0.572
2026-07-17T03:45,andar-1,0.600
2026-07-17T04:00,andar-1,0.536
2026-07-17T04:15,andar-1,0.531
2026-07-17T04:30,andar-1,0.590
2026-07-17T04:45,andar-1,0.481
2026-07-17T05:00,andar-1,0.616
2026-07-17T05:15,andar-1,0.593
2026-07-17T05:30,andar-1,0.545
2026-07-17T05:45,andar-1,0.594
2026-07-17T06:00,andar-1,0.700
2026-07-17T06:15,andar-1,0.811
2026-07-17T06:30,andar-1,0.654
2026-07-17T06:45,andar-1,0.679
2026-07-17T07:00,andar-1,0.601
2026-07-17T07:15,andar-1,0.756
2026-07-17T07:30,andar-1,0.665
2026-07-17T07:45,andar-1,0.689
2026-07-17T08:00,andar-1,0.688
2026-07-17T08:15,andar-1,0.647
2026-07-17T08:30,andar-1,0.713
2026-07-17T08:45,andar-1,0.786
2026-07-17T09:00,andar-1,0.709
2026-07-17T09:15,andar-1,0.717
2026-07-17T09:30,andar-1,0.709
2026-07-17T09:45,andar-1,0.723
2026-07-17T10:00,andar-1,0.773
2026-07-17T10:15,andar-1,0.837
2026-07-17T10:30,andar-1,0.946
2026-07-17T10:45,andar-1,0.758
2026-07-17T11:00,andar-1,0.850
2026-07-17T11:15,andar-1,0.822
2026-07-17T11:30,andar-1,0.865
2026-07-17T11:45,andar-1,0.884
2026-07-17T12:00,andar-1,0.821
2026-07-17T12:15,andar-1,0.852
2026-07-17T12:30,andar-1,0.823
2026-07-17T12:45,andar-1,0.865
2026-07-17T13:00,andar-1,0.794
2026-07-17T13:15,andar-1,0.999
2026-07-17T13:30,andar-1,0.896
2026-07-17T13:45,andar-1,0.894
2026-07-17T14:00,andar-1,0.863
2026-07-17T14:15,andar-1,0.779
2026-07-17T14:30,andar-1,0.875
2026-07-17T14:45,andar-1,0.772
2026-07-17T15:00,andar-1,0.834
2026-07-17T15:15,andar-1,0.942
2026-07-17T15:30,andar-1,0.787
2026-07-17T15:45,andar-1,0.838
2026-07-17T16:00,andar-1,0.779
2026-07-17T16:15,andar-1,0.847
2026-07-17T16:30,andar-1,0.873
2026-07-17T16:45,andar-1,0.832
2026-07-17T17:00,andar-1,0.948
2026-07-17T17:15,andar-1,0.828
2026-07-17T17:30,andar-1,0.940
2026-07-17T17:45,andar-1,0.893
2026-07-17T18:00,andar-1,0.999
2026-07-17T18:15,andar-1,0.976
2026-07-17T18:30,andar-1,0.924
2026-07-17T18:45,andar-1,1.052
2026-07-17T19:00,andar-1,0.998
2026-07-17T19:15,andar-1,0.893
2026-07-17T19:30,andar-1,0.921
2026-07-17T19:45,andar-1,0.884
2026-07-17T20:00,andar-1,1.013
2026-07-17T20:15,andar-1,0.882
2026-07-17T20:30,andar-1,0.870
2026-07-17T20:45,andar-1,0.978
2026-07-17T21:00,andar-1,0.833
2026-07-17T21:15,andar-1,0.946
2026-07-17T21:30,andar-1,0.895
2026-07-17T21:45,andar-1,1.027
2026-07-17T22:00,andar-1,0.609
2026-07-17T22:15,andar-1,0.566
2026-07-17T22:30,andar-1,0.539
2026-07-17T22:45,andar-1,0.568
2026-07-17T23:00,andar-1,0.628
2026-07-17T23:15,andar-1,0.634
2026-07-17T23:30,andar-1,0.592
2026-07-17T23:45,andar-1,0.580
2026-07-18T00:00,andar-1,0.407
2026-07-18T00:15,andar-1,0.462
2026-07-18T00:30,andar-1,0.567
2026-07-18T00:45,andar-1,0.509
2026-07-18T01:00,andar-1,0.538
2026-07-18T01:15,andar-1,0.524
2026-07-18T01:30,andar-1,0.477
2026-07-18T01:45,andar-1,0.496
2026-07-18T02:00,andar-1,0.480
2026-07-18T02:15,andar-1,0.532
2026-07-18T02:30,andar-1,0.462
2026-07-18T02:45,andar-1,0.454
2026-07-18T03:00,andar-1,0.537
2026-07-18T03:15,andar-1,0.443
2026-07-18T03:30,andar-1,0.483
2026-07-18T03:45,andar-1,0.508
2026-07-18T04:00,andar-1,0.524
2026-07-18T04:15,andar-1,0.489
2026-07-18T04:30,andar-1,0.530
2026-07-18T04:45,andar-1,0.481
2026-07-18T05:00,andar-1,0.504
2026-07-18T05:15,andar-1,0.512
2026-07-18T05:30,andar-1,0.474
2026-07-18T05:45,andar-1,0.535
2026-07-18T06:00,andar-1,0.601
2026-07-18T06:15,andar-1,0.574
2026-07-18T06:30,andar-1,0.750
2026-07-18T06:45,andar-1,0.668
2026-07-18T07:00,andar-1,0.648
2026-07-18T07:15,andar-1,0.631
2026-07-18T07:30,andar-1,0.606
2026-07-18T07:45,andar-1,0.626
2026-07-18T08:00,andar-1,0.518
2026-07-18T08:15,andar-1,0.657
2026-07-18T08:30,andar-1,0.659
2026-07-18T08:45,andar-1,0.570
2026-07-18T09:00,andar-1,0.755
2026-07-18T09:15,andar-1,0.647
2026-07-18T09:30,andar-1,0.665
2026-07-18T09:45,andar-1,0.667
2026-07-18T10:00,andar-1,0.719
2026-07-18T10:15,andar-1,0.721
2026-07-18T10:30,andar-1,0.749
2026-07-18T10:45,andar-1,0.787
2026-07-18T11:00,andar-1,0.700
2026-07-18T11:15,andar-1,0.730
2026-07-18T11:30,andar-1,0.796
2026-07-18T11:45,andar-1,0.699
2026-07-18T12:00,andar-1,0.613
2026-07-18T12:15,andar-1,0.850
2026-07-18T12:30,andar-1,0.811
2026-07-18T12:45,andar-1,0.846
2026-07-18T13:00,andar-1,0.793
2026-07-18T13:15,andar-1,0.711
2026-07-18T13:30,andar-1,0.711
2026-07-18T13:45,andar-1,0.794
2026-07-18T14:00,andar-1,0.819
2026-07-18T14:15,andar-1,0.777
2026-07-18T14:30,andar-1,0.735
2026-07-18T14:45,andar-1,0.735
2026-07-18T15:00,andar-1,0.773
2026-07-18T15:15,andar-1,0.784
2026-07-18T15:30,andar-1,0.637
2026-07-18T15:45,andar-1,0.747
2026-07-18T16:00,andar-1,0.880
2026-07-18T16:15,andar-1,0.858
2026-07-18T16:30,andar-1,0.754
2026-07-18T16:45,andar-1,0.758
2026-07-18T17:00,andar-1,0.812
2026-07-18T17:15,andar-1,0.896
2026-07-18T17:30,andar-1,0.870
2026-07-18T17:45,andar-1,0.844
2026-07-18T18:00,andar-1,0.904
2026-07-18T18:15,andar-1,0.743
2026-07-18T18:30,andar-1,0.887
2026-07-18T18:45,andar-1,0.861
2026-07-18T19:00,andar-1,0.924
2026-07-18T19:15,andar-1,0.832
2026-07-18T19:30,andar-1,0.873
2026-07-18T19:45,andar-1,0.911
2026-07-18T20:00,andar-1,0.961
2026-07-18T20:15,andar-1,0.880
2026-07-18T20:30,andar-1,0.796
2026-07-18T20:45,andar-1,0.823
2026-07-18T21:00,andar-1,0.834
2026-07-18T21:15,andar-1,0.873
2026-07-18T21:30,andar-1,0.866
2026-07-18T21:45,andar-1,0.859
2026-07-18T22:00,andar-1,0.618
2026-07-18T22:15,andar-1,0.539
2026-07-18T22:30,andar-1,0.571
2026-07-18T22:45,andar-1,0.571
2026-07-18T23:00,andar-1,0.525
2026-07-18T23:15,andar-1,0.607
2026-07-18T23:30,andar-1,0.471
2026-07-18T23:45,andar-1,0.525
2026-07-19T00:00,andar-1,0.516
2026-07-19T00:15,andar-1,0.537
2026-07-19T00:30,andar-1,0.518
2026-07-19T00:45,andar-1,0.477
2026-07-19T01:00,andar-1,0.439
2026-07-19T01:15,andar-1,0.497
2026-07-19T01:30,andar-1,0.465
2026-07-19T01:45,andar-1,0.493
2026-07-19T02:00,andar-1,0.504
2026-07-19T02:15,andar-1,0.580
2026-07-19T02:30,andar-1,0.524
2026-07-19T02:45,andar-1,0.511
2026-07-19T03:00,andar-1,0.467
2026-07-19T03:15,andar-1,0.430
2026-07-19T03:30,andar-1,0.549
2026-07-19T03:45,andar-1,0.480
2026-07-19T04:00,andar-1,0.373
2026-07-19T04:15,andar-1,0.485
2026-07-19T04:30,andar-1,0.421
2026-07-19T04:45,andar-1,0.482
2026-07-19T05:00,andar-1,0.519
2026-07-19T05:15,andar-1,0.456
2026-07-19T05:30,andar-1,0.502
2026-07-19T05:45,andar-1,0.499
2026-07-19T06:00,andar-1,0.574
2026-07-19T06:15,andar-1,0.649
2026-07-19T06:30,andar-1,0.642
2026-07-19T06:45,andar-1,0.680
2026-07-19T07:00,andar-1,0.686
2026-07-19T07:15,andar-1,0.662
2026-07-19T07:30,andar-1,0.668
2026-07-19T07:45,andar-1,0.553
2026-07-19T08:00,andar-1,0.601
2026-07-19T08:15,andar-1,0.665
2026-07-19T08:30,andar-1,0.698
2026-07-19T08:45,andar-1,0.710
2026-07-19T09:00,andar-1,0.680
2026-07-19T09:15,andar-1,0.639
2026-07-19T09:30,andar-1,0.690
2026-07-19T09:45,andar-1,0.562
2026-07-19T10:00,andar-1,0.751
2026-07-19T10:15,andar-1,0.860
2026-07-19T10:30,andar-1,0.769
2026-07-19T10:45,andar-1,0.712
2026-07-19T11:00,andar-1,0.809
2026-07-19T11:15,andar-1,0.764
2026-07-19T11:30,andar-1,0.773
2026-07-19T11:45,andar-1,0.754
2026-07-19T12:00,andar-1,0.837
2026-07-19T12:15,andar-1,0.778
2026-07-19T12:30,andar-1,0.616
2026-07-19T12:45,andar-1,0.734
2026-07-19T13:00,andar-1,0.919
2026-07-19T13:15,andar-1,0.673
2026-07-19T13:30,andar-1,0.686
2026-07-19T13:45,andar-1,0.698
2026-07-19T14:00,andar-1,0.830
2026-07-19T14:15,andar-1,0.717
2026-07-19T14:30,andar-1,0.792
2026-07-19T14:45,andar-1,0.721
2026-07-19T15:00,andar-1,0.797
2026-07-19T15:15,andar-1,0.855
2026-07-19T15:30,andar-1,0.751
2026-07-19T15:45,andar-1,0.829
2026-07-19T16:00,andar-1,0.859
2026-07-19T16:15,andar-1,0.796
2026-07-19T16:30,andar-1,0.759
2026-07-19T16:45,andar-1,0.768
2026-07-19T17:00,andar-1,0.921
2026-07-19T17:15,andar-1,0.786
2026-07-19T17:30,andar-1,0.769
2026-07-19T17:45,andar-1,0.868
2026-07-19T18:00,andar-1,0.815
2026-07-19T18:15,andar-1,0.817
2026-07-19T18:30,andar-1,0.769
2026-07-19T18:45,andar-1,0.832
2026-07-19T19:00,andar-1,0.797
2026-07-19T19:15,andar-1,0.879
2026-07-19T19:30,andar-1,1.035
2026-07-19T19:45,andar-1,0.872
2026-07-19T20:00,andar-1,0.865
2026-07-19T20:15,andar-1,0.846
2026-07-19T20:30,andar-1,0.898
2026-07-19T20:45,andar-1,0.832
2026-07-19T21:00,andar-1,0.842
2026-07-19T21:15,andar-1,0.983
2026-07-19T21:30,andar-1,0.872
2026-07-19T21:45,andar-1,0.992
2026-07-19T22:00,andar-1,0.505
2026-07-19T22:15,andar-1,0.584
2026-07-19T22:30,andar-1,0.610
2026-07-19T22:45,andar-1,0.564
2026-07-19T23:00,andar-1,0.536
2026-07-19T23:15,andar-1,0.565
2026-07-19T23:30,andar-1,0.494
2026-07-19T23:45,andar-1,0.584
2026-07-20T00:00,andar-1,0.629
2026-07-20T00:15,andar-1,0.545
2026-07-20T00:30,andar-1,0.523
2026-07-20T00:45,andar-1,0.519
2026-07-20T01:00,andar-1,0.516
2026-07-20T01:15,andar-1,0.490
2026-07-20T01:30,andar-1,0.539
2026-07-20T01:45,andar-1,0.490
2026-07-20T02:00,andar-1,0.548
2026-07-20T02:15,andar-1,0.550
2026-07-20T02:30,andar-1,0.548
2026-07-20T02:45,andar-1,0.534
2026-07-20T03:00,andar-1,0.551
2026-07-20T03:15,andar-1,0.552
2026-07-20T03:30,andar-1,0.537
2026-07-20T03:45,andar-1,0.647
2026-07-20T04:00,andar-1,0.568
2026-07-20T04:15,andar-1,0.472
2026-07-20T04:30,andar-1,0.539
2026-07-20T04:45,andar-1,0.539
2026-07-20T05:00,andar-1,0.570
2026-07-20T05:15,andar-1,0.564
2026-07-20T05:30,andar-1,0.596
2026-07-20T05:45,andar-1,0.496
2026-07-20T06:00,andar-1,0.636
2026-07-20T06:15,andar-1,0.698
2026-07-20T06:30,andar-1,0.721
2026-07-20T06:45,andar-1,0.682
2026-07-20T07:00,andar-1,0.741
2026-07-20T07:15,andar-1,0.669
2026-07-20T07:30,andar-1,0.723
2026-07-20T07:45,andar-1,0.670
2026-07-20T08:00,andar-1,0.582
2026-07-20T08:15,andar-1,0.652
2026-07-20T08:30,andar-1,0.692
2026-07-20T08:45,andar-1,0.684
2026-07-20T09:00,andar-1,0.695
2026-07-20T09:15,andar-1,0.594
2026-07-20T09:30,andar-1,0.770
2026-07-20T09:45,andar-1,0.716
2026-07-20T10:00,andar-1,0.904
2026-07-20T10:15,andar-1,0.813
2026-07-20T10:30,andar-1,0.879
2026-07-20T10:45,andar-1,0.761
2026-07-20T11:00,andar-1,0.784
2026-07-20T11:15,andar-1,0.703
2026-07-20T11:30,andar-1,0.718
2026-07-20T11:45,andar-1,0.918
2026-07-20T12:00,andar-1,0.845
2026-07-20T12:15,andar-1,0.892
2026-07-20T12:30,andar-1,0.804
2026-07-20T12:45,andar-1,0.914
2026-07-20T13:00,andar-1,0.855
2026-07-20T13:15,andar-1,0.848
2026-07-20T13:30,andar-1,0.782
2026-07-20T13:45,andar-1,0.749
2026-07-20T14:00,andar-1,0.963
2026-07-20T14:15,andar-1,0.828
2026-07-20T14:30,andar-1,0.738
2026-07-20T14:45,andar-1,0.924
2026-07-20T15:00,andar-1,0.910
2026-07-20T15:15,andar-1,0.644
2026-07-20T15:30,andar-1,0.685
2026-07-20T15:45,andar-1,0.864
2026-07-20T16:00,andar-1,0.939
2026-07-20T16:15,andar-1,0.871
2026-07-20T16:30,andar-1,0.961
2026-07-20T16:45,andar-1,0.708
2026-07-20T17:00,andar-1,0.803
2026-07-20T17:15,andar-1,0.834
2026-07-20T17:30,andar-1,1.003
2026-07-20T17:45,andar-1,0.942
2026-07-20T18:00,andar-1,0.819
2026-07-20T18:15,andar-1,0.948
2026-07-20T18:30,andar-1,0.800
2026-07-20T18:45,andar-1,0.925
2026-07-20T19:00,andar-1,0.910
2026-07-20T19:15,andar-1,0.886
2026-07-20T19:30,andar-1,0.817
2026-07-20T19:45,andar-1,0.916
2026-07-20T20:00,andar-1,1.012
2026-07-20T20:15,andar-1,0.935
2026-07-20T20:30,andar-1,0.960
2026-07-20T20:45,andar-1,0.955
2026-07-20T21:00,andar-1,0.726
2026-07-20T21:15,andar-1,0.808
2026-07-20T21:30,andar-1,0.937
2026-07-20T21:45,andar-1,1.031
2026-07-20T22:00,andar-1,0.583
2026-07-20T22:15,andar-1,0.678
2026-07-20T22:30,andar-1,0.594
2026-07-20T22:45,andar-1,0.632
2026-07-20T23:00,andar-1,0.575
2026-07-20T23:15,andar-1,0.681
2026-07-20T23:30,andar-1,0.527
2026-07-20T23:45,andar-1,0.562
2026-07-21T00:00,andar-1,0.476
2026-07-21T00:15,andar-1,0.583
2026-07-21T00:30,andar-1,0.573
2026-07-21T00:45,andar-1,0.558
2026-07-21T01:00,andar-1,0.478
2026-07-21T01:15,andar-1,0.509
2026-07-21T01:30,andar-1,0.625
2026-07-21T01:45,andar-1,0.504
2026-07-21T02:00,andar-1,0.544
2026-07-21T02:15,andar-1,0.597
2026-07-21T02:30,andar-1,0.508
2026-07-21T02:45,andar-1,0.522
2026-07-21T03:00,andar-1,0.566
2026-07-21T03:15,andar-1,0.442
2026-07-21T03:30,andar-1,0.582
2026-07-21T03:45,andar-1,0.623
2026-07-21T04:00,andar-1,0.593
2026-07-21T04:15,andar-1,0.512
2026-07-21T04:30,andar-1,0.640
2026-07-21T04:45,andar-1,0.632
2026-07-21T05:00,andar-1,0.493
2026-07-21T05:15,andar-1,0.499
2026-07-21T05:30,andar-1,0.507
2026-07-21T05:45,andar-1,0.634
2026-07-21T06:00,andar-1,0.777
2026-07-21T06:15,andar-1,0.691
2026-07-21T06:30,andar-1,0.707
2026-07-21T06:45,andar-1,0.716
2026-07-21T07:00,andar-1,0.673
2026-07-21T07:15,andar-1,0.704
2026-07-21T07:30,andar-1,0.733
2026-07-21T07:45,andar-1,0.642
2026-07-21T08:00,andar-1,0.649
2026-07-21T08:15,andar-1,0.709
2026-07-21T08:30,andar-1,0.610
2026-07-21T08:45,andar-1,0.704
2026-07-21T09:00,andar-1,0.569
2026-07-21T09:15,andar-1,0.681
2026-07-21T09:30,andar-1,0.652
2026-07-21T09:45,andar-1,0.836
2026-07-21T10:00,andar-1,0.818
2026-07-21T10:15,andar-1,0.750
2026-07-21T10:30,andar-1,0.734
2026-07-21T10:45,andar-1,0.806
2026-07-21T11:00,andar-1,0.768
2026-07-21T11:15,andar-1,0.779
2026-07-21T11:30,andar-1,0.818
2026-07-21T11:45,andar-1,0.885
2026-07-21T12:00,andar-1,0.896
2026-07-21T12:15,andar-1,0.841
2026-07-21T12:30,andar-1,0.851
2026-07-21T12:45,andar-1,0.828
2026-07-21T13:00,andar-1,0.855
2026-07-21T13:15,andar-1,0.892
2026-07-21T13:30,andar-1,0.835
2026-07-21T13:45,andar-1,1.059
2026-07-21T14:00,andar-1,0.878
2026-07-21T14:15,andar-1,0.770
2026-07-21T14:30,andar-1,0.806
2026-07-21T14:45,andar-1,0.820
2026-07-21T15:00,andar-1,0.865
2026-07-21T15:15,andar-1,0.838
2026-07-21T15:30,andar-1,0.932
2026-07-21T15:45,andar-1,0.883
2026-07-21T16:00,andar-1,0.911
2026-07-21T16:15,andar-1,0.794
2026-07-21T16:30,andar-1,0.936
2026-07-21T16:45,andar-1,0.855
2026-07-21T17:00,andar-1,1.034
2026-07-21T17:15,andar-1,1.024
2026-07-21T17:30,andar-1,0.782
2026-07-21T17:45,andar-1,0.850
2026-07-21T18:00,andar-1,1.011
2026-07-21T18:15,andar-1,0.865
2026-07-21T18:30,andar-1,0.998
2026-07-21T18:45,andar-1,1.104
2026-07-21T19:00,andar-1,0.912
2026-07-21T19:15,andar-1,0.850
2026-07-21T19:30,andar-1,0.974
2026-07-21T19:45,andar-1,0.961
2026-07-21T20:00,andar-1,0.950
2026-07-21T20:15,andar-1,0.999
2026-07-21T20:30,andar-1,1.006
2026-07-21T20:45,andar-1,1.060
2026-07-21T21:00,andar-1,1.036
2026-07-21T21:15,andar-1,0.986
2026-07-21T21:30,andar-1,0.912
2026-07-21T21:45,andar-1,0.858
2026-07-21T22:00,andar-1,0.598
2026-07-21T22:15,andar-1,0.617
2026-07-21T22:30,andar-1,0.638
2026-07-21T22:45,andar-1,0.661
2026-07-21T23:00,andar-1,0.640
2026-07-21T23:15,andar-1,0.658
2026-07-21T23:30,andar-1,0.544
2026-07-21T23:45,andar-1,0.554
2026-07-22T00:00,andar-1,0.585
2026-07-22T00:15,andar-1,0.600
2026-07-22T00:30,andar-1,0.581
2026-07-22T00:45,andar-1,0.458
2026-07-22T01:00,andar-1,0.594
2026-07-22T01:15,andar-1,0.551
2026-07-22T01:30,andar-1,0.612
2026-07-22T01:45,andar-1,0.579
2026-07-22T02:00,andar-1,0.539
2026-07-22T02:15,andar-1,0.560
2026-07-22T02:30,andar-1,0.552
2026-07-22T02:45,andar-1,0.597
2026-07-22T03:00,andar-1,0.465
2026-07-22T03:15,andar-1,0.568
2026-07-22T03:30,andar-1,0.566
2026-07-22T03:45,andar-1,0.532
2026-07-22T04:00,andar-1,0.559
2026-07-22T04:15,andar-1,0.522
2026-07-22T04:30,andar-1,0.529
2026-07-22T04:45,andar-1,0.529
2026-07-22T05:00,andar-1,0.497
2026-07-22T05:15,andar-1,0.518
2026-07-22T05:30,andar-1,0.548
2026-07-22T05:45,andar-1,0.634
2026-07-22T06:00,andar-1,0.628
2026-07-22T06:15,andar-1,0.660
2026-07-22T06:30,andar-1,0.727
2026-07-22T06:45,andar-1,0.627
2026-07-22T07:00,andar-1,0.768
2026-07-22T07:15,andar-1,0.770
2026-07-22T07:30,andar-1,0.650
2026-07-22T07:45,andar-1,0.670
2026-07-22T08:00,andar-1,0.635
2026-07-22T08:15,andar-1,0.648
2026-07-22T08:30,andar-1,0.715
2026-07-22T08:45,andar-1,0.758
2026-07-22T09:00,andar-1,0.769
2026-07-22T09:15,andar-1,0.714
2026-07-22T09:30,andar-1,0.667
2026-07-22T09:45,andar-1,0.722
2026-07-22T10:00,andar-1,0.888
2026-07-22T10:15,andar-1,0.860
2026-07-22T10:30,andar-1,0.790
2026-07-22T10:45,andar-1,0.922
2026-07-22T11:00,andar-1,0.837
2026-07-22T11:15,andar-1,0.885
2026-07-22T11:30,andar-1,0.913
2026-07-22T11:45,andar-1,0.881
2026-07-22T12:00,andar-1,0.756
2026-07-22T12:15,andar-1,0.830
2026-07-22T12:30,andar-1,0.922
2026-07-22T12:45,andar-1,0.864
2026-07-22T13:00,andar-1,0.961
2026-07-22T13:15,andar-1,0.805
2026-07-22T13:30,andar-1,0.813
2026-07-22T13:45,andar-1,0.953
2026-07-22T14:00,andar-1,0.869
2026-07-22T14:15,andar-1,1.010
2026-07-22T14:30,andar-1,0.828
2026-07-22T14:45,andar-1,0.839
2026-07-22T15:00,andar-1,0.874
2026-07-22T15:15,andar-1,0.856
2026-07-22T15:30,andar-1,0.851
2026-07-22T15:45,andar-1,0.906
2026-07-22T16:00,andar-1,0.912
2026-07-22T16:15,andar-1,1.018
2026-07-22T16:30,andar-1,0.811
2026-07-22T16:45,andar-1,0.870
2026-07-22T17:00,andar-1,0.979
2026-07-22T17:15,andar-1,0.948
2026-07-22T17:30,andar-1,0.927
2026-07-22T17:45,andar-1,0.865
2026-07-22T18:00,andar-1,0.980
2026-07-22T18:15,andar-1,1.015
2026-07-22T18:30,andar-1,1.001
2026-07-22T18:45,andar-1,0.931
2026-07-22T19:00,andar-1,0.949
2026-07-22T19:15,andar-1,0.892
2026-07-22T19:30,andar-1,0.901
2026-07-22T19:45,andar-1,0.928
2026-07-22T20:00,andar-1,1.069
2026-07-22T20:15,andar-1,0.967
2026-07-22T20:30,andar-1,0.873
2026-07-22T20:45,andar-1,1.044
2026-07-22T21:00,andar-1,1.001
2026-07-22T21:15,andar-1,1.018
2026-07-22T21:30,andar-1,0.905
2026-07-22T21:45,andar-1,0.947
2026-07-22T22:00,andar-1,0.576
2026-07-22T22:15,andar-1,0.649
2026-07-22T22:30,andar-1,0.583
2026-07-22T22:45,andar-1,0.568
2026-07-22T23:00,andar-1,0.630
2026-07-22T23:15,andar-1,0.560
2026-07-22T23:30,andar-1,0.671
2026-07-22T23:45,andar-1,0.648
2026-07-23T00:00,andar-1,0.543
2026-07-23T00:15,andar-1,0.596
2026-07-23T00:30,andar-1,0.552
2026-07-23T00:45,andar-1,0.615
2026-07-23T01:00,andar-1,0.511
2026-07-23T01:15,andar-1,0.580
2026-07-23T01:30,andar-1,0.510
2026-07-23T01:45,andar-1,0.496
2026-07-23T02:00,andar-1,0.546
2026-07-23T02:15,andar-1,0.592
2026-07-23T02:30,andar-1,0.660
2026-07-23T02:45,andar-1,0.520
2026-07-23T03:00,andar-1,0.608
2026-07-23T03:15,andar-1,0.545
2026-07-23T03:30,andar-1,0.567
2026-07-23T03:45,andar-1,0.619
2026-07-23T04:00,andar-1,0.498
2026-07-23T04:15,andar-1,0.592
2026-07-23T04:30,andar-1,0.517
2026-07-23T04:45,andar-1,0.612
2026-07-23T05:00,andar-1,0.546
2026-07-23T05:15,andar-1,0.581
2026-07-23T05:30,andar-1,0.568
2026-07-23T05:45,andar-1,0.523
2026-07-23T06:00,andar-1,0.691
2026-07-23T06:15,andar-1,0.772
2026-07-23T06:30,andar-1,0.693
2026-07-23T06:45,andar-1,0.713
2026-07-23T07:00,andar-1,0.657
2026-07-23T07:15,andar-1,0.712
2026-07-23T07:30,andar-1,0.721
2026-07-23T07:45,andar-1,0.714
2026-07-23T08:00,andar-1,0.689
2026-07-23T08:15,andar-1,0.706
2026-07-23T08:30,andar-1,0.722
2026-07-23T08:45,andar-1,0.714
2026-07-23T09:00,andar-1,0.779
2026-07-23T09:15,andar-1,0.756
2026-07-23T09:30,andar-1,0.675
2026-07-23T09:45,andar-1,0.735
2026-07-23T10:00,andar-1,0.718
2026-07-23T10:15,andar-1,0.901
2026-07-23T10:30,andar-1,0.901
2026-07-23T10:45,andar-1,0.825
2026-07-23T11:00,andar-1,0.949
2026-07-23T11:15,andar-1,0.754
2026-07-23T11:30,andar-1,0.766
2026-07-23T11:45,andar-1,0.872
2026-07-23T12:00,andar-1,0.881
2026-07-23T12:15,andar-1,0.801
2026-07-23T12:30,andar-1,0.842
2026-07-23T12:45,andar-1,0.874
2026-07-23T13:00,andar-1,0.804
2026-07-23T13:15,andar-1,0.908
2026-07-23T13:30,andar-1,0.822
2026-07-23T13:45,andar-1,0.747
2026-07-23T14:00,andar-1,0.855
2026-07-23T14:15,andar-1,0.766
2026-07-23T14:30,andar-1,0.850
2026-07-23T14:45,andar-1,0.866
2026-07-23T15:00,andar-1,0.837
2026-07-23T15:15,andar-1,0.902
2026-07-23T15:30,andar-1,0.872
2026-07-23T15:45,andar-1,0.958
2026-07-23T16:00,andar-1,0.950
2026-07-23T16:15,andar-1,0.891
2026-07-23T16:30,andar-1,1.001
2026-07-23T16:45,andar-1,0.956
2026-07-23T17:00,andar-1,0.922
2026-07-23T17:15,andar-1,0.896
2026-07-23T17:30,andar-1,0.951
2026-07-23T17:45,andar-1,0.921
2026-07-23T18:00,andar-1,0.866
2026-07-23T18:15,andar-1,0.950
2026-07-23T18:30,andar-1,0.852
2026-07-23T18:45,andar-1,0.973
2026-07-23T19:00,andar-1,1.000
2026-07-23T19:15,andar-1,0.949
2026-07-23T19:30,andar-1,1.074
2026-07-23T19:45,andar-1,0.917
2026-07-23T20:00,andar-1,0.979
2026-07-23T20:15,andar-1,1.005
2026-07-23T20:30,andar-1,0.932
2026-07-23T20:45,andar-1,0.964
2026-07-23T21:00,andar-1,0.898
2026-07-23T21:15,andar-1,0.936
2026-07-23T21:30,andar-1,1.111
2026-07-23T21:45,andar-1,1.044
2026-07-23T22:00,andar-1,0.583
2026-07-23T22:15,andar-1,0.525
2026-07-23T22:30,andar-1,0.619
2026-07-23T22:45,andar-1,0.530
2026-07-23T23:00,andar-1,0.557
2026-07-23T23:15,andar-1,0.630
2026-07-23T23:30,andar-1,0.731
2026-07-23T23:45,andar-1,0.579
2026-07-24T00:00,andar-1,0.585
2026-07-24T00:15,andar-1,0.570
2026-07-24T00:30,andar-1,0.589
2026-07-24T00:45,andar-1,0.518
2026-07-24T01:00,andar-1,0.570
2026-07-24T01:15,andar-1,0.572
2026-07-24T01:30,andar-1,0.566
2026-07-24T01:45,andar-1,0.569
2026-07-24T02:00,andar-1,0.541
2026-07-24T02:15,andar-1,0.543
2026-07-24T02:30,andar-1,0.570
2026-07-24T02:45,andar-1,0.562
2026-07-24T03:00,andar-1,0.536
2026-07-24T03:15,andar-1,0.623
2026-07-24T03:30,andar-1,0.530
2026-07-24T03:45,andar-1,0.552
2026-07-24T04:00,andar-1,0.502
2026-07-24T04:15,andar-1,0.433
2026-07-24T04:30,andar-1,0.520
2026-07-24T04:45,andar-1,0.579
2026-07-24T05:00,andar-1,0.563
2026-07-24T05:15,andar-1,0.545
2026-07-24T05:30,andar-1,0.590
2026-07-24T05:45,andar-1,0.573
2026-07-24T06:00,andar-1,0.613
2026-07-24T06:15,andar-1,0.670
2026-07-24T06:30,andar-1,0.653
2026-07-24T06:45,andar-1,0.678
2026-07-24T07:00,andar-1,0.629
2026-07-24T07:15,andar-1,0.641
2026-07-24T07:30,andar-1,0.697
2026-07-24T07:45,andar-1,0.669
2026-07-24T08:00,andar-1,0.671
2026-07-24T08:15,andar-1,0.700
2026-07-24T08:30,andar-1,0.695
2026-07-24T08:45,andar-1,0.728
2026-07-24T09:00,andar-1,0.709
2026-07-24T09:15,andar-1,0.753
2026-07-24T09:30,andar-1,0.695
2026-07-24T09:45,andar-1,0.696
2026-07-24T10:00,andar-1,0.732
2026-07-24T10:15,andar-1,0.865
2026-07-24T10:30,andar-1,0.757
2026-07-24T10:45,andar-1,0.823
2026-07-24T11:00,andar-1,0.718
2026-07-24T11:15,andar-1,0.686
2026-07-24T11:30,andar-1,0.859
2026-07-24T11:45,andar-1,0.844
2026-07-24T12:00,andar-1,1.000
2026-07-24T12:15,andar-1,0.697
2026-07-24T12:30,andar-1,0.701
2026-07-24T12:45,andar-1,0.810
2026-07-24T13:00,andar-1,0.958
2026-07-24T13:15,andar-1,0.776
2026-07-24T13:30,andar-1,0.897
2026-07-24T13:45,andar-1,0.832
2026-07-24T14:00,andar-1,0.813
2026-07-24T14:15,andar-1,0.802
2026-07-24T14:30,andar-1,0.791
2026-07-24T14:45,andar-1,0.835
2026-07-24T15:00,andar-1,0.846
2026-07-24T15:15,andar-1,0.700
2026-07-24T15:30,andar-1,0.842
2026-07-24T15:45,andar-1,0.862
2026-07-24T16:00,andar-1,0.840
2026-07-24T16:15,andar-1,0.834
2026-07-24T16:30,andar-1,0.770
2026-07-24T16:45,andar-1,0.807
2026-07-24T17:00,andar-1,0.924
2026-07-24T17:15,andar-1,0.980
2026-07-24T17:30,andar-1,0.964
2026-07-24T17:45,andar-1,0.972
2026-07-24T18:00,andar-1,1.009
2026-07-24T18:15,andar-1,1.039
2026-07-24T18:30,andar-1,0.965
2026-07-24T18:45,andar-1,0.877
2026-07-24T19:00,andar-1,0.905
2026-07-24T19:15,andar-1,0.988
2026-07-24T19:30,andar-1,1.055
2026-07-24T19:45,andar-1,1.009
2026-07-24T20:00,andar-1,0.903
2026-07-24T20:15,andar-1,0.883
2026-07-24T20:30,andar-1,0.937
2026-07-24T20:45,andar-1,0.976
2026-07-24T21:00,andar-1,0.941
2026-07-24T21:15,andar-1,0.871
2026-07-24T21:30,andar-1,0.866
2026-07-24T21:45,andar-1,0.916
2026-07-24T22:00,andar-1,0.572
2026-07-24T22:15,andar-1,0.610
2026-07-24T22:30,andar-1,0.525
2026-07-24T22:45,andar-1,0.645
2026-07-24T23:00,andar-1,0.542
2026-07-24T23:15,andar-1,0.612
2026-07-24T23:30,andar-1,0.602
2026-07-24T23:45,andar-1,0.568
2026-07-25T00:00,andar-1,0.514
2026-07-25T00:15,andar-1,0.480
2026-07-25T00:30,andar-1,0.472
2026-07-25T00:45,andar-1,0.541
2026-07-25T01:00,andar-1,0.455
2026-07-25T01:15,andar-1,0.526
2026-07-25T01:30,andar-1,0.473
2026-07-25T01:45,andar-1,0.501
2026-07-25T02:00,andar-1,0.404
2026-07-25T02:15,andar-1,0.509
2026-07-25T02:30,andar-1,0.515
2026-07-25T02:45,andar-1,0.516
2026-07-25T03:00,andar-1,0.448
2026-07-25T03:15,andar-1,0.495
2026-07-25T03:30,andar-1,0.536
2026-07-25T03:45,andar-1,0.545
2026-07-25T04:00,andar-1,0.501
2026-07-25T04:15,andar-1,0.553
2026-07-25T04:30,andar-1,0.460
2026-07-25T04:45,andar-1,0.526
2026-07-25T05:00,andar-1,0.506
2026-07-25T05:15,andar-1,0.444
2026-07-25T05:30,andar-1,0.560
2026-07-25T05:45,andar-1,0.499
2026-07-25T06:00,andar-1,0.643
2026-07-25T06:15,andar-1,0.654
2026-07-25T06:30,andar-1,0.696
2026-07-25T06:45,andar-1,0.694
2026-07-25T07:00,andar-1,0.635
2026-07-25T07:15,andar-1,0.568
2026-07-25T07:30,andar-1,0.787
2026-07-25T07:45,andar-1,0.659
2026-07-25T08:00,andar-1,0.673
2026-07-25T08:15,andar-1,0.773
2026-07-25T08:30,andar-1,0.550
2026-07-25T08:45,andar-1,0.631
2026-07-25T09:00,andar-1,0.662
2026-07-25T09:15,andar-1,0.611
2026-07-25T09:30,andar-1,0.597
2026-07-25T09:45,andar-1,0.665
2026-07-25T10:00,andar-1,0.810
2026-07-25T10:15,andar-1,0.765
2026-07-25T10:30,andar-1,0.784
2026-07-25T10:45,andar-1,0.709
2026-07-25T11:00,andar-1,0.710
2026-07-25T11:15,andar-1,0.689
2026-07-25T11:30,andar-1,0.873
2026-07-25T11:45,andar-1,0.762
2026-07-25T12:00,andar-1,0.859
2026-07-25T12:15,andar-1,0.859
2026-07-25T12:30,andar-1,0.716
2026-07-25T12:45,andar-1,0.817
2026-07-25T13:00,andar-1,0.747
2026-07-25T13:15,andar-1,0.761
2026-07-25T13:30,andar-1,0.777
2026-07-25T13:45,andar-1,0.734
2026-07-25T14:00,andar-1,0.753
2026-07-25T14:15,andar-1,0.716
2026-07-25T14:30,andar-1,0.835
2026-07-25T14:45,andar-1,0.726
2026-07-25T15:00,andar-1,0.824
2026-07-25T15:15,andar-1,0.843
2026-07-25T15:30,andar-1,0.745
2026-07-25T15:45,andar-1,0.853
2026-07-25T16:00,andar-1,0.719
2026-07-25T16:15,andar-1,0.711
2026-07-25T16:30,andar-1,0.640
2026-07-25T16:45,andar-1,0.758
2026-07-25T17:00,andar-1,0.781
2026-07-25T17:15,andar-1,0.848
2026-07-25T17:30,andar-1,0.857
2026-07-25T17:45,andar-1,0.976
2026-07-25T18:00,andar-1,0.830
2026-07-25T18:15,andar-1,0.761
2026-07-25T18:30,andar-1,0.935
2026-07-25T18:45,andar-1,0.811
2026-07-25T19:00,andar-1,0.853
2026-07-25T19:15,andar-1,0.888
2026-07-25T19:30,andar-1,0.846
2026-07-25T19:45,andar-1,0.823
2026-07-25T20:00,andar-1,0.873
2026-07-25T20:15,andar-1,0.835
2026-07-25T20:30,andar-1,0.733
2026-07-25T20:45,andar-1,0.815
2026-07-25T21:00,andar-1,0.953
2026-07-25T21:15,andar-1,0.962
2026-07-25T21:30,andar-1,0.939
2026-07-25T21:45,andar-1,0.799
2026-07-25T22:00,andar-1,0.463
2026-07-25T22:15,andar-1,0.505
2026-07-25T22:30,andar-1,0.568
2026-07-25T22:45,andar-1,0.563
2026-07-25T23:00,andar-1,0.559
2026-07-25T23:15,andar-1,0.635
2026-07-25T23:30,andar-1,0.635
2026-07-25T23:45,andar-1,0.487
2026-07-26T00:00,andar-1,0.459
2026-07-26T00:15,andar-1,0.452
2026-07-26T00:30,andar-1,0.455
2026-07-26T00:45,andar-1,0.492
2026-07-26T01:00,andar-1,0.535
2026-07-26T01:15,andar-1,0.525
2026-07-26T01:30,andar-1,0.523
2026-07-26T01:45,andar-1,0.536
2026-07-26T02:00,andar-1,0.434
2026-07-26T02:15,andar-1,0.493
2026-07-26T02:30,andar-1,0.486
2026-07-26T02:45,andar-1,0.515
2026-07-26T03:00,andar-1,0.542
2026-07-26T03:15,andar-1,0.417
2026-07-26T03:30,andar-1,0.503
2026-07-26T03:45,andar-1,0.438
2026-07-26T04:00,andar-1,0.464
2026-07-26T04:15,andar-1,0.484
2026-07-26T04:30,andar-1,0.565
2026-07-26T04:45,andar-1,0.478
2026-07-26T05:00,andar-1,0.440
2026-07-26T05:15,andar-1,0.533
2026-07-26T05:30,andar-1,0.495
2026-07-26T05:45,andar-1,0.443
2026-07-26T06:00,andar-1,0.648
2026-07-26T06:15,andar-1,0.603
2026-07-26T06:30,andar-1,0.697
2026-07-26T06:45,andar-1,0.639
2026-07-26T07:00,andar-1,0.681
2026-07-26T07:15,andar-1,0.675
2026-07-26T07:30,andar-1,0.572
2026-07-26T07:45,andar-1,0.655
2026-07-26T08:00,andar-1,0.729
2026-07-26T08:15,andar-1,0.614
2026-07-26T08:30,andar-1,0.724
2026-07-26T08:45,andar-1,0.612
2026-07-26T09:00,andar-1,0.585
2026-07-26T09:15,andar-1,0.591
2026-07-26T09:30,andar-1,0.598
2026-07-26T09:45,andar-1,0.635
2026-07-26T10:00,andar-1,0.727
2026-07-26T10:15,andar-1,0.737
2026-07-26T10:30,andar-1,0.791
2026-07-26T10:45,andar-1,0.659
2026-07-26T11:00,andar-1,0.729
2026-07-26T11:15,andar-1,0.764
2026-07-26T11:30,andar-1,0.758
2026-07-26T11:45,andar-1,0.854
2026-07-26T12:00,andar-1,0.817
2026-07-26T12:15,andar-1,0.803
2026-07-26T12:30,andar-1,0.794
2026-07-26T12:45,andar-1,0.878
2026-07-26T13:00,andar-1,0.710
2026-07-26T13:15,andar-1,0.798
2026-07-26T13:30,andar-1,0.808
2026-07-26T13:45,andar-1,0.745
2026-07-26T14:00,andar-1,0.759
2026-07-26T14:15,andar-1,0.741
2026-07-26T14:30,andar-1,0.672
2026-07-26T14:45,andar-1,0.769
2026-07-26T15:00,andar-1,0.847
2026-07-26T15:15,andar-1,0.878
2026-07-26T15:30,andar-1,0.860
2026-07-26T15:45,andar-1,0.648
2026-07-26T16:00,andar-1,0.811
2026-07-26T16:15,andar-1,0.826
2026-07-26T16:30,andar-1,0.645
2026-07-26T16:45,andar-1,0.737
2026-07-26T17:00,andar-1,0.913
2026-07-26T17:15,andar-1,0.872
2026-07-26T17:30,andar-1,0.789
2026-07-26T17:45,andar-1,0.824
2026-07-26T18:00,andar-1,0.958
2026-07-26T18:15,andar-1,0.922
2026-07-26T18:30,andar-1,0.932
2026-07-26T18:45,andar-1,0.953
2026-07-26T19:00,andar-1,0.810
2026-07-26T19:15,andar-1,0.963
2026-07-26T19:30,andar-1,0.937
2026-07-26T19:45,andar-1,0.918
2026-07-26T20:00,andar-1,0.811
2026-07-26T20:15,andar-1,0.832
2026-07-26T20:30,andar-1,0.842
2026-07-26T20:45,andar-1,0.865
2026-07-26T21:00,andar-1,0.870
2026-07-26T21:15,andar-1,0.800
2026-07-26T21:30,andar-1,0.855
2026-07-26T21:45,andar-1,0.920
2026-07-26T22:00,andar-1,0.559
2026-07-26T22:15,andar-1,0.522
2026-07-26T22:30,andar-1,0.521
2026-07-26T22:45,andar-1,0.564
2026-07-26T23:00,andar-1,0.547
2026-07-26T23:15,andar-1,0.578
2026-07-26T23:30,andar-1,0.579
2026-07-26T23:45,andar-1,0.561
2026-07-27T00:00,andar-1,0.546
2026-07-27T00:15,andar-1,0.582
2026-07-27T00:30,andar-1,0.550
2026-07-27T00:45,andar-1,0.555
2026-07-27T01:00,andar-1,0.543
2026-07-27T01:15,andar-1,0.548
2026-07-27T01:30,andar-1,0.491
2026-07-27T01:45,andar-1,0.577
2026-07-27T02:00,andar-1,0.503
2026-07-27T02:15,andar-1,0.489
2026-07-27T02:30,andar-1,0.502
2026-07-27T02:45,andar-1,0.528
2026-07-27T03:00,andar-1,0.556
2026-07-27T03:15,andar-1,0.535
2026-07-27T03:30,andar-1,0.604
2026-07-27T03:45,andar-1,0.552
2026-07-27T04:00,andar-1,0.624
2026-07-27T04:15,andar-1,0.508
2026-07-27T04:30,andar-1,0.568
2026-07-27T04:45,andar-1,0.519
2026-07-27T05:00,andar-1,0.585
2026-07-27T05:15,andar-1,0.562
2026-07-27T05:30,andar-1,0.512
2026-07-27T05:45,andar-1,0.565
2026-07-27T06:00,andar-1,0.724
2026-07-27T06:15,andar-1,0.614
2026-07-27T06:30,andar-1,0.653
2026-07-27T06:45,andar-1,0.714
2026-07-27T07:00,andar-1,0.736
2026-07-27T07:15,andar-1,0.690
2026-07-27T07:30,andar-1,0.633
2026-07-27T07:45,andar-1,0.738
2026-07-27T08:00,andar-1,0.677
2026-07-27T08:15,andar-1,0.637
2026-07-27T08:30,andar-1,0.714
2026-07-27T08:45,andar-1,0.683
2026-07-27T09:00,andar-1,0.744
2026-07-27T09:15,andar-1,0.766
2026-07-27T09:30,andar-1,0.646
2026-07-27T09:45,andar-1,0.624
2026-07-27T10:00,andar-1,0.828
2026-07-27T10:15,andar-1,0.907
2026-07-27T10:30,andar-1,0.905
2026-07-27T10:45,andar-1,0.766
2026-07-27T11:00,andar-1,0.921
2026-07-27T11:15,andar-1,0.765
2026-07-27T11:30,andar-1,0.931
2026-07-27T11:45,andar-1,0.962
2026-07-27T12:00,andar-1,0.841
2026-07-27T12:15,andar-1,0.782
2026-07-27T12:30,andar-1,0.856
2026-07-27T12:45,andar-1,0.774
2026-07-27T13:00,andar-1,0.871
2026-07-27T13:15,andar-1,0.779
2026-07-27T13:30,andar-1,0.872
2026-07-27T13:45,andar-1,0.867
2026-07-27T14:00,andar-1,0.955
2026-07-27T14:15,andar-1,0.897
2026-07-27T14:30,andar-1,0.933
2026-07-27T14:45,andar-1,0.767
2026-07-27T15:00,andar-1,0.946
2026-07-27T15:15,andar-1,0.789
2026-07-27T15:30,andar-1,0.961
2026-07-27T15:45,andar-1,0.918
2026-07-27T16:00,andar-1,0.733
2026-07-27T16:15,andar-1,0.837
2026-07-27T16:30,andar-1,0.921
2026-07-27T16:45,andar-1,0.844
2026-07-27T17:00,andar-1,1.108
2026-07-27T17:15,andar-1,0.991
2026-07-27T17:30,andar-1,0.969
2026-07-27T17:45,andar-1,0.940
2026-07-27T18:00,andar-1,0.816
2026-07-27T18:15,andar-1,0.937
2026-07-27T18:30,andar-1,0.839
2026-07-27T18:45,andar-1,0.883
2026-07-27T19:00,andar-1,0.936
2026-07-27T19:15,andar-1,0.922
2026-07-27T19:30,andar-1,1.038
2026-07-27T19:45,andar-1,1.002
2026-07-27T20:00,andar-1,0.824
2026-07-27T20:15,andar-1,1.110
2026-07-27T20:30,andar-1,1.000
2026-07-27T20:45,andar-1,0.983
2026-07-27T21:00,andar-1,0.917
2026-07-27T21:15,andar-1,0.943
2026-07-27T21:30,andar-1,0.976
2026-07-27T21:45,andar-1,1.053
2026-07-27T22:00,andar-1,0.628
2026-07-27T22:15,andar-1,0.569
2026-07-27T22:30,andar-1,0.622
2026-07-27T22:45,andar-1,0.597
2026-07-27T23:00,andar-1,0.567
2026-07-27T23:15,andar-1,0.624
2026-07-27T23:30,andar-1,0.593
2026-07-27T23:45,andar-1,0.606
2026-07-28T00:00,andar-1,0.558
2026-07-28T00:15,andar-1,0.537
2026-07-28T00:30,andar-1,0.541
2026-07-28T00:45,andar-1,0.614
2026-07-28T01:00,andar-1,0.624
2026-07-28T01:15,andar-1,0.536
2026-07-28T01:30,andar-1,0.523
2026-07-28T01:45,andar-1,0.569
2026-07-28T02:00,andar-1,0.532
2026-07-28T02:15,andar-1,0.552
2026-07-28T02:30,andar-1,0.554
2026-07-28T02:45,andar-1,0.578
2026-07-28T03:00,andar-1,0.623
2026-07-28T03:15,andar-1,0.522
2026-07-28T03:30,andar-1,0.537
2026-07-28T03:45,andar-1,0.522
2026-07-28T04:00,andar-1,0.507
2026-07-28T04:15,andar-1,0.573
2026-07-28T04:30,andar-1,0.482
2026-07-28T04:45,andar-1,0.559
2026-07-28T05:00,andar-1,0.583
2026-07-28T05:15,andar-1,0.545
2026-07-28T05:30,andar-1,0.546
2026-07-28T05:45,andar-1,0.568
2026-07-28T06:00,andar-1,0.768
2026-07-28T06:15,andar-1,0.717
2026-07-28T06:30,andar-1,0.780
2026-07-28T06:45,andar-1,0.765
2026-07-28T07:00,andar-1,0.751
2026-07-28T07:15,andar-1,0.731
2026-07-28T07:30,andar-1,0.709
2026-07-28T07:45,andar-1,0.718
2026-07-28T08:00,andar-1,0.693
2026-07-28T08:15,andar-1,0.767
2026-07-28T08:30,andar-1,0.629
2026-07-28T08:45,andar-1,0.600
2026-07-28T09:00,andar-1,0.712
2026-07-28T09:15,andar-1,0.702
2026-07-28T09:30,andar-1,0.642
2026-07-28T09:45,andar-1,0.575
2026-07-28T10:00,andar-1,0.904
2026-07-28T10:15,andar-1,0.956
2026-07-28T10:30,andar-1,0.741
2026-07-28T10:45,andar-1,0.754
2026-07-28T11:00,andar-1,0.872
2026-07-28T11:15,andar-1,0.855
2026-07-28T11:30,andar-1,0.817
2026-07-28T11:45,andar-1,0.833
2026-07-28T12:00,andar-1,0.996
2026-07-28T12:15,andar-1,0.922
2026-07-28T12:30,andar-1,0.807
2026-07-28T12:45,andar-1,0.949
2026-07-28T13:00,andar-1,0.877
2026-07-28T13:15,andar-1,0.791
2026-07-28T13:30,andar-1,0.816
2026-07-28T13:45,andar-1,0.828
2026-07-28T14:00,andar-1,0.909
2026-07-28T14:15,andar-1,0.761
2026-07-28T14:30,andar-1,0.844
2026-07-28T14:45,andar-1,0.847
2026-07-28T15:00,andar-1,0.813
2026-07-28T15:15,andar-1,0.940
2026-07-28T15:30,andar-1,0.808
2026-07-28T15:45,andar-1,0.856
2026-07-28T16:00,andar-1,0.796
2026-07-28T16:15,andar-1,0.800
2026-07-28T16:30,andar-1,0.768
2026-07-28T16:45,andar-1,0.856
2026-07-28T17:00,andar-1,0.977
2026-07-28T17:15,andar-1,1.070
2026-07-28T17:30,andar-1,0.984
2026-07-28T17:45,andar-1,0.935
2026-07-28T18:00,andar-1,0.956
2026-07-28T18:15,andar-1,0.948
2026-07-28T18:30,andar-1,1.075
2026-07-28T18:45,andar-1,0.993
2026-07-28T19:00,andar-1,0.896
2026-07-28T19:15,andar-1,0.979
2026-07-28T19:30,andar-1,1.058
2026-07-28T19:45,andar-1,0.971
2026-07-28T20:00,andar-1,0.912
2026-07-28T20:15,andar-1,0.862
2026-07-28T20:30,andar-1,0.907
2026-07-28T20:45,andar-1,1.004
2026-07-28T21:00,andar-1,0.929
2026-07-28T21:15,andar-1,0.963
2026-07-28T21:30,andar-1,0.826
2026-07-28T21:45,andar-1,0.942
2026-07-28T22:00,andar-1,0.556
2026-07-28T22:15,andar-1,0.563
2026-07-28T22:30,andar-1,0.631
2026-07-28T22:45,andar-1,0.568
2026-07-28T23:00,andar-1,0.646
2026-07-28T23:15,andar-1,0.588
2026-07-28T23:30,andar-1,0.676
2026-07-28T23:45,andar-1,0.563
2026-07-29T00:00,andar-1,0.486
2026-07-29T00:15,andar-1,0.575
2026-07-29T00:30,andar-1,0.563
2026-07-29T00:45,andar-1,0.604
2026-07-29T01:00,andar-1,0.578
2026-07-29T01:15,andar-1,0.555
2026-07-29T01:30,andar-1,0.552
2026-07-29T01:45,andar-1,0.559
2026-07-29T02:00,andar-1,0.595
2026-07-29T02:15,andar-1,0.530
2026-07-29T02:30,andar-1,0.558
2026-07-29T02:45,andar-1,0.554
2026-07-29T03:00,andar-1,0.549
2026-07-29T03:15,andar-1,0.551
2026-07-29T03:30,andar-1,0.487
2026-07-29T03:45,andar-1,0.538
2026-07-29T04:00,andar-1,0.607
2026-07-29T04:15,andar-1,0.640
2026-07-29T04:30,andar-1,0.544
2026-07-29T04:45,andar-1,0.614
2026-07-29T05:00,andar-1,0.571
2026-07-29T05:15,andar-1,0.554
2026-07-29T05:30,andar-1,0.531
2026-07-29T05:45,andar-1,0.604
2026-07-29T06:00,andar-1,0.843
2026-07-29T06:15,andar-1,0.709
2026-07-29T06:30,andar-1,0.636
2026-07-29T06:45,andar-1,0.789
2026-07-29T07:00,andar-1,0.715
2026-07-29T07:15,andar-1,0.777
2026-07-29T07:30,andar-1,0.567
2026-07-29T07:45,andar-1,0.657
2026-07-29T08:00,andar-1,0.692
2026-07-29T08:15,andar-1,0.775
2026-07-29T08:30,andar-1,0.715
2026-07-29T08:45,andar-1,0.700
2026-07-29T09:00,andar-1,0.700
2026-07-29T09:15,andar-1,0.704
2026-07-29T09:30,andar-1,0.630
2026-07-29T09:45,andar-1,0.727
2026-07-29T10:00,andar-1,0.957
2026-07-29T10:15,andar-1,0.955
2026-07-29T10:30,andar-1,0.843
2026-07-29T10:45,andar-1,0.867
2026-07-29T11:00,andar-1,0.850
2026-07-29T11:15,andar-1,0.791
2026-07-29T11:30,andar-1,0.797
2026-07-29T11:45,andar-1,0.889
2026-07-29T12:00,andar-1,0.833
2026-07-29T12:15,andar-1,0.851
2026-07-29T12:30,andar-1,0.742
2026-07-29T12:45,andar-1,0.826
2026-07-29T13:00,andar-1,0.847
2026-07-29T13:15,andar-1,0.844
2026-07-29T13:30,andar-1,0.902
2026-07-29T13:45,andar-1,0.909
2026-07-29T14:00,andar-1,0.849
2026-07-29T14:15,andar-1,0.912
2026-07-29T14:30,andar-1,0.885
2026-07-29T14:45,andar-1,0.847
2026-07-29T15:00,andar-1,0.815
2026-07-29T15:15,andar-1,0.810
2026-07-29T15:30,andar-1,0.811
2026-07-29T15:45,andar-1,0.919
2026-07-29T16:00,andar-1,0.702
2026-07-29T16:15,andar-1,0.945
2026-07-29T16:30,andar-1,0.767
2026-07-29T16:45,andar-1,0.862
2026-07-29T17:00,andar-1,0.794
2026-07-29T17:15,andar-1,0.924
2026-07-29T17:30,andar-1,0.950
2026-07-29T17:45,andar-1,0.997
2026-07-29T18:00,andar-1,0.970
2026-07-29T18:15,andar-1,0.982
2026-07-29T18:30,andar-1,0.987
2026-07-29T18:45,andar-1,0.880
2026-07-29T19:00,andar-1,0.942
2026-07-29T19:15,andar-1,0.916
2026-07-29T19:30,andar-1,1.076
2026-07-29T19:45,andar-1,0.901
2026-07-29T20:00,andar-1,0.977
2026-07-29T20:15,andar-1,0.994
2026-07-29T20:30,andar-1,0.827
2026-07-29T20:45,andar-1,1.037
2026-07-29T21:00,andar-1,0.965
2026-07-29T21:15,andar-1,0.906
2026-07-29T21:30,andar-1,0.888
2026-07-29T21:45,andar-1,0.954
2026-07-29T22:00,andar-1,0.627
2026-07-29T22:15,andar-1,0.633
2026-07-29T22:30,andar-1,0.587
2026-07-29T22:45,andar-1,0.605
2026-07-29T23:00,andar-1,0.440
2026-07-29T23:15,andar-1,0.590
2026-07-29T23:30,andar-1,0.632
2026-07-29T23:45,andar-1,0.629
2026-07-30T00:00,andar-1,0.538
2026-07-30T00:15,andar-1,0.558
2026-07-30T00:30,andar-1,0.628
2026-07-30T00:45,andar-1,0.549
2026-07-30T01:00,andar-1,0.575
2026-07-30T01:15,andar-1,0.515
2026-07-30T01:30,andar-1,0.535
2026-07-30T01:45,andar-1,0.512
2026-07-30T02:00,andar-1,0.559
2026-07-30T02:15,andar-1,0.505
2026-07-30T02:30,andar-1,0.514
2026-07-30T02:45,andar-1,0.603
2026-07-30T03:00,andar-1,0.533
2026-07-30T03:15,andar-1,0.456
2026-07-30T03:30,andar-1,0.575
2026-07-30T03:45,andar-1,0.568
2026-07-30T04:00,andar-1,0.613
2026-07-30T04:15,andar-1,0.500
2026-07-30T04:30,andar-1,0.539
2026-07-30T04:45,andar-1,0.581
2026-07-30T05:00,andar-1,0.521
2026-07-30T05:15,andar-1,0.511
2026-07-30T05:30,andar-1,0.504
2026-07-30T05:45,andar-1,0.564
2026-07-30T06:00,andar-1,0.699
2026-07-30T06:15,andar-1,0.648
2026-07-30T06:30,andar-1,0.726
2026-07-30T06:45,andar-1,0.740
2026-07-30T07:00,andar-1,0.709
2026-07-30T07:15,andar-1,0.686
2026-07-30T07:30,andar-1,0.680
2026-07-30T07:45,andar-1,0.731
2026-07-30T08:00,andar-1,0.797
2026-07-30T08:15,andar-1,0.716
2026-07-30T08:30,andar-1,0.604
2026-07-30T08:45,andar-1,0.679
2026-07-30T09:00,andar-1,0.694
2026-07-30T09:15,andar-1,0.735
2026-07-30T09:30,andar-1,0.788
2026-07-30T09:45,andar-1,0.741
2026-07-30T10:00,andar-1,0.770
2026-07-30T10:15,andar-1,0.948
2026-07-30T10:30,andar-1,0.857
2026-07-30T10:45,andar-1,0.847
2026-07-30T11:00,andar-1,0.821
2026-07-30T11:15,andar-1,0.802
2026-07-30T11:30,andar-1,0.982
2026-07-30T11:45,andar-1,0.755
2026-07-30T12:00,andar-1,0.859
2026-07-30T12:15,andar-1,0.849
2026-07-30T12:30,andar-1,0.763
2026-07-30T12:45,andar-1,0.896
2026-07-30T13:00,andar-1,0.854
2026-07-30T13:15,andar-1,0.761
2026-07-30T13:30,andar-1,0.777
2026-07-30T13:45,andar-1,0.893
2026-07-30T14:00,andar-1,0.915
2026-07-30T14:15,andar-1,0.870
2026-07-30T14:30,andar-1,0.853
2026-07-30T14:45,andar-1,0.813
2026-07-30T15:00,andar-1,0.843
2026-07-30T15:15,andar-1,0.754
2026-07-30T15:30,andar-1,0.853
2026-07-30T15:45,andar-1,0.818
2026-07-30T16:00,andar-1,0.880
2026-07-30T16:15,andar-1,0.893
2026-07-30T16:30,andar-1,0.798
2026-07-30T16:45,andar-1,0.787
2026-07-30T17:00,andar-1,1.044
2026-07-30T17:15,andar-1,0.924
2026-07-30T17:30,andar-1,0.953
2026-07-30T17:45,andar-1,1.092
2026-07-30T18:00,andar-1,1.008
2026-07-30T18:15,andar-1,0.906
2026-07-30T18:30,andar-1,1.046
2026-07-30T18:45,andar-1,0.895
2026-07-30T19:00,andar-1,1.044
2026-07-30T19:15,andar-1,0.973
2026-07-30T19:30,andar-1,0.929
2026-07-30T19:45,andar-1,0.974
2026-07-30T20:00,andar-1,0.934
2026-07-30T20:15,andar-1,0.914
2026-07-30T20:30,andar-1,0.957
2026-07-30T20:45,andar-1,0.905
2026-07-30T21:00,andar-1,0.859
2026-07-30T21:15,andar-1,0.978
2026-07-30T21:30,andar-1,0.928
2026-07-30T21:45,andar-1,0.879
2026-07-30T22:00,andar-1,0.597
2026-07-30T22:15,andar-1,0.577
2026-07-30T22:30,andar-1,0.693
2026-07-30T22:45,andar-1,0.595
2026-07-30T23:00,andar-1,0.597
2026-07-30T23:15,andar-1,0.621
2026-07-30T23:30,andar-1,0.604
2026-07-30T23:45,andar-1,0.565
2026-07-31T00:00,andar-1,0.496
2026-07-31T00:15,andar-1,0.501
2026-07-31T00:30,andar-1,0.520
2026-07-31T00:45,andar-1,0.588
2026-07-31T01:00,andar-1,0.576
2026-07-31T01:15,andar-1,0.623
2026-07-31T01:30,andar-1,0.621
2026-07-31T01:45,andar-1,0.566
2026-07-31T02:00,andar-1,0.583
2026-07-31T02:15,andar-1,0.582
2026-07-31T02:30,andar-1,0.543
2026-07-31T02:45,andar-1,0.551
2026-07-31T03:00,andar-1,0.588
2026-07-31T03:15,andar-1,0.597
2026-07-31T03:30,andar-1,0.587
2026-07-31T03:45,andar-1,0.490
2026-07-31T04:00,andar-1,0.497
2026-07-31T04:15,andar-1,0.498
2026-07-31T04:30,andar-1,0.517
2026-07-31T04:45,andar-1,0.550
2026-07-31T05:00,andar-1,0.552
2026-07-31T05:15,andar-1,0.547
2026-07-31T05:30,andar-1,0.479
2026-07-31T05:45,andar-1,0.519
2026-07-31T06:00,andar-1,0.690
2026-07-31T06:15,andar-1,0.794
2026-07-31T06:30,andar-1,0.763
2026-07-31T06:45,andar-1,0.699
2026-07-31T07:00,andar-1,0.680
2026-07-31T07:15,andar-1,0.731
2026-07-31T07:30,andar-1,0.730
2026-07-31T07:45,andar-1,0.680
2026-07-31T08:00,andar-1,0.727
2026-07-31T08:15,andar-1,0.767
2026-07-31T08:30,andar-1,0.638
2026-07-31T08:45,andar-1,0.808
2026-07-31T09:00,andar-1,0.697
2026-07-31T09:15,andar-1,0.594
2026-07-31T09:30,andar-1,0.702
2026-07-31T09:45,andar-1,0.631
2026-07-31T10:00,andar-1,0.802
2026-07-31T10:15,andar-1,0.798
2026-07-31T10:30,andar-1,0.930
2026-07-31T10:45,andar-1,0.791
2026-07-31T11:00,andar-1,0.867
2026-07-31T11:15,andar-1,0.859
2026-07-31T11:30,andar-1,0.873
2026-07-31T11:45,andar-1,0.857
2026-07-31T12:00,andar-1,0.826
2026-07-31T12:15,andar-1,0.766
2026-07-31T12:30,andar-1,0.909
2026-07-31T12:45,andar-1,0.744
2026-07-31T13:00,andar-1,0.839
2026-07-31T13:15,andar-1,0.906
2026-07-31T13:30,andar-1,0.803
2026-07-31T13:45,andar-1,0.889
2026-07-31T14:00,andar-1,0.869
2026-07-31T14:15,andar-1,0.907
2026-07-31T14:30,andar-1,0.795
2026-07-31T14:45,andar-1,0.898
2026-07-31T15:00,andar-1,1.012
2026-07-31T15:15,andar-1,0.973
2026-07-31T15:30,andar-1,0.899
2026-07-31T15:45,andar-1,0.856
2026-07-31T16:00,andar-1,0.870
2026-07-31T16:15,andar-1,0.998
2026-07-31T16:30,andar-1,0.989
2026-07-31T16:45,andar-1,0.818
2026-07-31T17:00,andar-1,0.918
2026-07-31T17:15,andar-1,0.974
2026-07-31T17:30,andar-1,0.935
2026-07-31T17:45,andar-1,0.884
2026-07-31T18:00,andar-1,0.912
2026-07-31T18:15,andar-1,0.937
2026-07-31T18:30,andar-1,0.847
2026-07-31T18:45,andar-1,0.854
2026-07-31T19:00,andar-1,0.917
2026-07-31T19:15,andar-1,0.994
2026-07-31T19:30,andar-1,0.793
2026-07-31T19:45,andar-1,0.992
2026-07-31T20:00,andar-1,0.967
2026-07-31T20:15,andar-1,0.907
2026-07-31T20:30,andar-1,0.885
2026-07-31T20:45,andar-1,0.969
2026-07-31T21:00,andar-1,0.933
2026-07-31T21:15,andar-1,1.160
2026-07-31T21:30,andar-1,0.936
2026-07-31T21:45,andar-1,1.002
2026-07-31T22:00,andar-1,0.610
2026-07-31T22:15,andar-1,0.597
2026-07-31T22:30,andar-1,0.574
2026-07-31T22:45,andar-1,0.531
2026-07-31T23:00,andar-1,0.761
2026-07-31T23:15,andar-1,0.664
2026-07-31T23:30,andar-1,0.517
2026-07-31T23:45,andar-1,0.529
2026-08-01T00:00,andar-1,0.504
2026-08-01T00:15,andar-1,0.477
2026-08-01T00:30,andar-1,0.471
2026-08-01T00:45,andar-1,0.458
2026-08-01T01:00,andar-1,0.555
2026-08-01T01:15,andar-1,0.480
2026-08-01T01:30,andar-1,0.577
2026-08-01T01:45,andar-1,0.537
2026-08-01T02:00,andar-1,0.453
2026-08-01T02:15,andar-1,0.484
2026-08-01T02:30,andar-1,0.510
2026-08-01T02:45,andar-1,0.535
2026-08-01T03:00,andar-1,0.489
2026-08-01T03:15,andar-1,0.404
2026-08-01T03:30,andar-1,0.451
2026-08-01T03:45,andar-1,0.509
2026-08-01T04:00,andar-1,0.545
2026-08-01T04:15,andar-1,0.469
2026-08-01T04:30,andar-1,0.439
2026-08-01T04:45,andar-1,0.462
2026-08-01T05:00,andar-1,0.497
2026-08-01T05:15,andar-1,0.553
2026-08-01T05:30,andar-1,0.434
2026-08-01T05:45,andar-1,0.478
2026-08-01T06:00,andar-1,0.754
2026-08-01T06:15,andar-1,0.672
2026-08-01T06:30,andar-1,0.620
2026-08-01T06:45,andar-1,0.625
2026-08-01T07:00,andar-1,0.667
2026-08-01T07:15,andar-1,0.608
2026-08-01T07:30,andar-1,0.606
2026-08-01T07:45,andar-1,0.559
2026-08-01T08:00,andar-1,0.583
2026-08-01T08:15,andar-1,0.639
2026-08-01T08:30,andar-1,0.613
2026-08-01T08:45,andar-1,0.635
2026-08-01T09:00,andar-1,0.612
2026-08-01T09:15,andar-1,0.676
2026-08-01T09:30,andar-1,0.607
2026-08-01T09:45,andar-1,0.630
2026-08-01T10:00,andar-1,0.753
2026-08-01T10:15,andar-1,0.706
2026-08-01T10:30,andar-1,0.695
2026-08-01T10:45,andar-1,0.757
2026-08-01T11:00,andar-1,0.697
2026-08-01T11:15,andar-1,0.792
2026-08-01T11:30,andar-1,0.753
2026-08-01T11:45,andar-1,0.758
2026-08-01T12:00,andar-1,0.767
2026-08-01T12:15,andar-1,0.780
2026-08-01T12:30,andar-1,0.766
2026-08-01T12:45,andar-1,0.745
2026-08-01T13:00,andar-1,0.817
2026-08-01T13:15,andar-1,0.773
2026-08-01T13:30,andar-1,0.802
2026-08-01T13:45,andar-1,0.669
2026-08-01T14:00,andar-1,0.634
2026-08-01T14:15,andar-1,0.752
2026-08-01T14:30,andar-1,0.767
2026-08-01T14:45,andar-1,0.847
2026-08-01T15:00,andar-1,0.781
2026-08-01T15:15,andar-1,0.863
2026-08-01T15:30,andar-1,0.816
2026-08-01T15:45,andar-1,0.815
2026-08-01T16:00,andar-1,0.726
2026-08-01T16:15,andar-1,0.788
2026-08-01T16:30,andar-1,0.763
2026-08-01T16:45,andar-1,0.690
2026-08-01T17:00,andar-1,0.826
2026-08-01T17:15,andar-1,0.841
2026-08-01T17:30,andar-1,0.911
2026-08-01T17:45,andar-1,0.908
2026-08-01T18:00,andar-1,0.860
2026-08-01T18:15,andar-1,0.859
2026-08-01T18:30,andar-1,0.875
2026-08-01T18:45,andar-1,0.804
2026-08-01T19:00,andar-1,0.883
2026-08-01T19:15,andar-1,0.902
2026-08-01T19:30,andar-1,0.906
2026-08-01T19:45,andar-1,0.967
2026-08-01T20:00,andar-1,0.780
2026-08-01T20:15,andar-1,0.813
2026-08-01T20:30,andar-1,0.884
2026-08-01T20:45,andar-1,0.802
2026-08-01T21:00,andar-1,0.762
2026-08-01T21:15,andar-1,0.969
2026-08-01T21:30,andar-1,0.840
2026-08-01T21:45,andar-1,0.822
2026-08-01T22:00,andar-1,0.549
2026-08-01T22:15,andar-1,0.541
2026-08-01T22:30,andar-1,0.569
2026-08-01T22:45,andar-1,0.534
2026-08-01T23:00,andar-1,0.506
2026-08-01T23:15,andar-1,0.516
2026-08-01T23:30,andar-1,0.573
2026-08-01T23:45,andar-1,0.570
2026-08-02T00:00,andar-1,0.474
2026-08-02T00:15,andar-1,0.437
2026-08-02T00:30,andar-1,0.522
2026-08-02T00:45,andar-1,0.445
2026-08-02T01:00,andar-1,0.438
2026-08-02T01:15,andar-1,0.496
2026-08-02T01:30,andar-1,0.477
2026-08-02T01:45,andar-1,0.579
2026-08-02T02:00,andar-1,0.523
2026-08-02T02:15,andar-1,0.480
2026-08-02T02:30,andar-1,0.534
2026-08-02T02:45,andar-1,0.505
2026-08-02T03:00,andar-1,0.490
2026-08-02T03:15,andar-1,0.521
2026-08-02T03:30,andar-1,0.541
2026-08-02T03:45,andar-1,0.488
2026-08-02T04:00,andar-1,0.467
2026-08-02T04:15,andar-1,0.487
2026-08-02T04:30,andar-1,0.545
2026-08-02T04:45,andar-1,0.519
2026-08-02T05:00,andar-1,0.578
2026-08-02T05:15,andar-1,0.511
2026-08-02T05:30,andar-1,0.534
2026-08-02T05:45,andar-1,0.395
2026-08-02T06:00,andar-1,0.603
2026-08-02T06:15,andar-1,0.556
2026-08-02T06:30,andar-1,0.635
2026-08-02T06:45,andar-1,0.557
2026-08-02T07:00,andar-1,0.682
2026-08-02T07:15,andar-1,0.651
2026-08-02T07:30,andar-1,0.773
2026-08-02T07:45,andar-1,0.671
2026-08-02T08:00,andar-1,0.618
2026-08-02T08:15,andar-1,0.638
2026-08-02T08:30,andar-1,0.649
2026-08-02T08:45,andar-1,0.694
2026-08-02T09:00,andar-1,0.615
2026-08-02T09:15,andar-1,0.563
2026-08-02T09:30,andar-1,0.649
2026-08-02T09:45,andar-1,0.665
2026-08-02T10:00,andar-1,0.711
2026-08-02T10:15,andar-1,0.706
2026-08-02T10:30,andar-1,0.773
2026-08-02T10:45,andar-1,0.608
2026-08-02T11:00,andar-1,0.817
2026-08-02T11:15,andar-1,0.787
2026-08-02T11:30,andar-1,0.758
2026-08-02T11:45,andar-1,0.720
2026-08-02T12:00,andar-1,0.805
2026-08-02T12:15,andar-1,0.819
2026-08-02T12:30,andar-1,0.832
2026-08-02T12:45,andar-1,0.682
2026-08-02T13:00,andar-1,0.765
2026-08-02T13:15,andar-1,0.777
2026-08-02T13:30,andar-1,0.740
2026-08-02T13:45,andar-1,0.759
2026-08-02T14:00,andar-1,0.792
2026-08-02T14:15,andar-1,0.709
2026-08-02T14:30,andar-1,0.744
2026-08-02T14:45,andar-1,0.837
2026-08-02T15:00,andar-1,0.726
2026-08-02T15:15,andar-1,0.747
2026-08-02T15:30,andar-1,0.677
2026-08-02T15:45,andar-1,0.760
2026-08-02T16:00,andar-1,0.703
2026-08-02T16:15,andar-1,0.666
2026-08-02T16:30,andar-1,0.770
2026-08-02T16:45,andar-1,0.747
2026-08-02T17:00,andar-1,0.838
2026-08-02T17:15,andar-1,0.724
2026-08-02T17:30,andar-1,0.916
2026-08-02T17:45,andar-1,0.885
2026-08-02T18:00,andar-1,0.897
2026-08-02T18:15,andar-1,0.946
2026-08-02T18:30,andar-1,0.877
2026-08-02T18:45,andar-1,0.888
2026-08-02T19:00,andar-1,0.873
2026-08-02T19:15,andar-1,0.815
2026-08-02T19:30,andar-1,0.905
2026-08-02T19:45,andar-1,0.857
2026-08-02T20:00,andar-1,0.856
2026-08-02T20:15,andar-1,0.781
2026-08-02T20:30,andar-1,0.799
2026-08-02T20:45,andar-1,0.893
2026-08-02T21:00,andar-1,0.881
2026-08-02T21:15,andar-1,0.880
2026-08-02T21:30,andar-1,0.887
2026-08-02T21:45,andar-1,0.921
2026-08-02T22:00,andar-1,0.601
2026-08-02T22:15,andar-1,0.425
2026-08-02T22:30,andar-1,0.604
2026-08-02T22:45,andar-1,0.559
2026-08-02T23:00,andar-1,0.555
2026-08-02T23:15,andar-1,0.492
2026-08-02T23:30,andar-1,0.498
2026-08-02T23:45,andar-1,0.522
2026-08-03T00:00,andar-1,0.543
2026-08-03T00:15,andar-1,0.574
2026-08-03T00:30,andar-1,0.559
2026-08-03T00:45,andar-1,0.513
2026-08-03T01:00,andar-1,0.568
2026-08-03T01:15,andar-1,0.557
2026-08-03T01:30,andar-1,0.602
2026-08-03T01:45,andar-1,0.533
2026-08-03T02:00,andar-1,0.505
2026-08-03T02:15,andar-1,0.585
2026-08-03T02:30,andar-1,0.599
2026-08-03T02:45,andar-1,0.528
2026-08-03T03:00,andar-1,0.570
2026-08-03T03:15,andar-1,0.554
2026-08-03T03:30,andar-1,0.571
2026-08-03T03:45,andar-1,0.572
2026-08-03T04:00,andar-1,0.516
2026-08-03T04:15,andar-1,0.539
2026-08-03T04:30,andar-1,0.579
2026-08-03T04:45,andar-1,0.549
2026-08-03T05:00,andar-1,0.509
2026-08-03T05:15,andar-1,0.595
2026-08-03T05:30,andar-1,0.531
2026-08-03T05:45,andar-1,0.520
2026-08-03T06:00,andar-1,0.732
2026-08-03T06:15,andar-1,0.734
2026-08-03T06:30,andar-1,0.698
2026-08-03T06:45,andar-1,0.624
2026-08-03T07:00,andar-1,0.620
2026-08-03T07:15,andar-1,0.629
2026-08-03T07:30,andar-1,0.733
2026-08-03T07:45,andar-1,0.718
2026-08-03T08:00,andar-1,0.607
2026-08-03T08:15,andar-1,0.719
2026-08-03T08:30,andar-1,0.727
2026-08-03T08:45,andar-1,0.564
2026-08-03T09:00,andar-1,0.628
2026-08-03T09:15,andar-1,0.631
2026-08-03T09:30,andar-1,0.620
2026-08-03T09:45,andar-1,0.640
2026-08-03T10:00,andar-1,0.784
2026-08-03T10:15,andar-1,0.791
2026-08-03T10:30,andar-1,0.872
2026-08-03T10:45,andar-1,0.932
2026-08-03T11:00,andar-1,0.894
2026-08-03T11:15,andar-1,0.744
2026-08-03T11:30,andar-1,0.759
2026-08-03T11:45,andar-1,0.823
2026-08-03T12:00,andar-1,0.901
2026-08-03T12:15,andar-1,0.917
2026-08-03T12:30,andar-1,0.923
2026-08-03T12:45,andar-1,0.926
2026-08-03T13:00,andar-1,0.827
2026-08-03T13:15,andar-1,0.772
2026-08-03T13:30,andar-1,0.884
2026-08-03T13:45,andar-1,0.814
2026-08-03T14:00,andar-1,0.759
2026-08-03T14:15,andar-1,0.870
2026-08-03T14:30,andar-1,1.046
2026-08-03T14:45,andar-1,0.796
2026-08-03T15:00,andar-1,0.866
2026-08-03T15:15,andar-1,0.841
2026-08-03T15:30,andar-1,0.867
2026-08-03T15:45,andar-1,0.957
2026-08-03T16:00,andar-1,0.786
2026-08-03T16:15,andar-1,0.840
2026-08-03T16:30,andar-1,0.788
2026-08-03T16:45,andar-1,0.823
2026-08-03T17:00,andar-1,1.050
2026-08-03T17:15,andar-1,0.912
2026-08-03T17:30,andar-1,0.928
2026-08-03T17:45,andar-1,0.939
2026-08-03T18:00,andar-1,0.915
2026-08-03T18:15,andar-1,0.985
2026-08-03T18:30,andar-1,0.914
2026-08-03T18:45,andar-1,0.962
2026-08-03T19:00,andar-1,0.852
2026-08-03T19:15,andar-1,1.044
2026-08-03T19:30,andar-1,0.944
2026-08-03T19:45,andar-1,0.957
2026-08-03T20:00,andar-1,1.016
2026-08-03T20:15,andar-1,0.973
2026-08-03T20:30,andar-1,0.995
2026-08-03T20:45,andar-1,0.796
2026-08-03T21:00,andar-1,1.043
2026-08-03T21:15,andar-1,1.022
2026-08-03T21:30,andar-1,1.028
2026-08-03T21:45,andar-1,0.916
2026-08-03T22:00,andar-1,0.622
2026-08-03T22:15,andar-1,0.560
2026-08-03T22:30,andar-1,0.583
2026-08-03T22:45,andar-1,0.581
2026-08-03T23:00,andar-1,0.608
2026-08-03T23:15,andar-1,0.572
2026-08-03T23:30,andar-1,0.643
2026-08-03T23:45,andar-1,0.610
2026-08-04T00:00,andar-1,0.626
2026-08-04T00:15,andar-1,0.648
2026-08-04T00:30,andar-1,0.529
2026-08-04T00:45,andar-1,0.543
2026-08-04T01:00,andar-1,0.590
2026-08-04T01:15,andar-1,0.516
2026-08-04T01:30,andar-1,0.506
2026-08-04T01:45,andar-1,0.571
2026-08-04T02:00,andar-1,0.580
2026-08-04T02:15,andar-1,0.574
2026-08-04T02:30,andar-1,0.532
2026-08-04T02:45,andar-1,0.523
2026-08-04T03:00,andar-1,0.504
2026-08-04T03:15,andar-1,0.469
2026-08-04T03:30,andar-1,0.602
2026-08-04T03:45,andar-1,0.590
2026-08-04T04:00,andar-1,0.599
2026-08-04T04:15,andar-1,0.524
2026-08-04T04:30,andar-1,0.585
2026-08-04T04:45,andar-1,0.532
2026-08-04T05:00,andar-1,0.574
2026-08-04T05:15,andar-1,0.580
2026-08-04T05:30,andar-1,0.403
2026-08-04T05:45,andar-1,0.538
2026-08-04T06:00,andar-1,0.632
2026-08-04T06:15,andar-1,0.715
2026-08-04T06:30,andar-1,0.693
2026-08-04T06:45,andar-1,0.677
2026-08-04T07:00,andar-1,0.572
2026-08-04T07:15,andar-1,0.739
2026-08-04T07:30,andar-1,0.804
2026-08-04T07:45,andar-1,0.828
2026-08-04T08:00,andar-1,0.657
2026-08-04T08:15,andar-1,0.739
2026-08-04T08:30,andar-1,0.781
2026-08-04T08:45,andar-1,0.758
2026-08-04T09:00,andar-1,0.710
2026-08-04T09:15,andar-1,0.636
2026-08-04T09:30,andar-1,0.718
2026-08-04T09:45,andar-1,0.663
2026-08-04T10:00,andar-1,0.889
2026-08-04T10:15,andar-1,0.725
2026-08-04T10:30,andar-1,0.843
2026-08-04T10:45,andar-1,0.852
2026-08-04T11:00,andar-1,0.667
2026-08-04T11:15,andar-1,0.682
2026-08-04T11:30,andar-1,0.744
2026-08-04T11:45,andar-1,0.839
2026-08-04T12:00,andar-1,0.846
2026-08-04T12:15,andar-1,0.845
2026-08-04T12:30,andar-1,0.889
2026-08-04T12:45,andar-1,1.049
2026-08-04T13:00,andar-1,0.820
2026-08-04T13:15,andar-1,0.938
2026-08-04T13:30,andar-1,0.671
2026-08-04T13:45,andar-1,0.897
2026-08-04T14:00,andar-1,0.868
2026-08-04T14:15,andar-1,0.819
2026-08-04T14:30,andar-1,0.913
2026-08-04T14:45,andar-1,0.803
2026-08-04T15:00,andar-1,0.781
2026-08-04T15:15,andar-1,0.855
2026-08-04T15:30,andar-1,0.857
2026-08-04T15:45,andar-1,0.876
2026-08-04T16:00,andar-1,0.909
2026-08-04T16:15,andar-1,0.757
2026-08-04T16:30,andar-1,0.668
2026-08-04T16:45,andar-1,0.778
2026-08-04T17:00,andar-1,0.828
2026-08-04T17:15,andar-1,0.920
2026-08-04T17:30,andar-1,1.018
2026-08-04T17:45,andar-1,0.932
2026-08-04T18:00,andar-1,0.931
2026-08-04T18:15,andar-1,1.065
2026-08-04T18:30,andar-1,0.849
2026-08-04T18:45,andar-1,0.886
2026-08-04T19:00,andar-1,0.901
2026-08-04T19:15,andar-1,0.836
2026-08-04T19:30,andar-1,0.886
2026-08-04T19:45,andar-1,0.853
2026-08-04T20:00,andar-1,0.883
2026-08-04T20:15,andar-1,0.894
2026-08-04T20:30,andar-1,1.010
2026-08-04T20:45,andar-1,0.928
2026-08-04T21:00,andar-1,0.831
2026-08-04T21:15,andar-1,0.798
2026-08-04T21:30,andar-1,0.899
2026-08-04T21:45,andar-1,0.955
2026-08-04T22:00,andar-1,0.520
2026-08-04T22:15,andar-1,0.592
2026-08-04T22:30,andar-1,0.629
2026-08-04T22:45,andar-1,0.652
2026-08-04T23:00,andar-1,0.683
2026-08-04T23:15,andar-1,0.649
2026-08-04T23:30,andar-1,0.539
2026-08-04T23:45,andar-1,0.591
2026-08-05T00:00,andar-1,0.535
2026-08-05T00:15,andar-1,0.509
2026-08-05T00:30,andar-1,0.480
2026-08-05T00:45,andar-1,0.547
2026-08-05T01:00,andar-1,0.520
2026-08-05T01:15,andar-1,0.475
2026-08-05T01:30,andar-1,0.548
2026-08-05T01:45,andar-1,0.585
2026-08-05T02:00,andar-1,0.536
2026-08-05T02:15,andar-1,0.586
2026-08-05T02:30,andar-1,0.490
2026-08-05T02:45,andar-1,0.532
2026-08-05T03:00,andar-1,0.586
2026-08-05T03:15,andar-1,0.551
2026-08-05T03:30,andar-1,0.524
2026-08-05T03:45,andar-1,0.489
2026-08-05T04:00,andar-1,0.589
2026-08-05T04:15,andar-1,0.531
2026-08-05T04:30,andar-1,0.515
2026-08-05T04:45,andar-1,0.595
2026-08-05T05:00,andar-1,0.528
2026-08-05T05:15,andar-1,0.571
2026-08-05T05:30,andar-1,0.567
2026-08-05T05:45,andar-1,0.597
2026-08-05T06:00,andar-1,0.746
2026-08-05T06:15,andar-1,0.686
2026-08-05T06:30,andar-1,0.767
2026-08-05T06:45,andar-1,0.660
2026-08-05T07:00,andar-1,0.777
2026-08-05T07:15,andar-1,0.764
2026-08-05T07:30,andar-1,0.608
2026-08-05T07:45,andar-1,0.738
2026-08-05T08:00,andar-1,0.677
2026-08-05T08:15,andar-1,0.708
2026-08-05T08:30,andar-1,0.855
2026-08-05T08:45,andar-1,0.698
2026-08-05T09:00,andar-1,0.728
2026-08-05T09:15,andar-1,0.673
2026-08-05T09:30,andar-1,0.675
2026-08-05T09:45,andar-1,0.663
2026-08-05T10:00,andar-1,0.834
2026-08-05T10:15,andar-1,0.884
2026-08-05T10:30,andar-1,0.822
2026-08-05T10:45,andar-1,0.938
2026-08-05T11:00,andar-1,0.748
2026-08-05T11:15,andar-1,0.915
2026-08-05T11:30,andar-1,0.830
2026-08-05T11:45,andar-1,0.832
2026-08-05T12:00,andar-1,0.895
2026-08-05T12:15,andar-1,0.824
2026-08-05T12:30,andar-1,0.899
2026-08-05T12:45,andar-1,0.871
2026-08-05T13:00,andar-1,0.812
2026-08-05T13:15,andar-1,0.860
2026-08-05T13:30,andar-1,0.871
2026-08-05T13:45,andar-1,0.853
2026-08-05T14:00,andar-1,0.865
2026-08-05T14:15,andar-1,0.718
2026-08-05T14:30,andar-1,0.796
2026-08-05T14:45,andar-1,0.750
2026-08-05T15:00,andar-1,0.793
2026-08-05T15:15,andar-1,0.966
2026-08-05T15:30,andar-1,0.925
2026-08-05T15:45,andar-1,0.848
2026-08-05T16:00,andar-1,0.827
2026-08-05T16:15,andar-1,0.890
2026-08-05T16:30,andar-1,0.728
2026-08-05T16:45,andar-1,0.850
2026-08-05T17:00,andar-1,0.806
2026-08-05T17:15,andar-1,1.035
2026-08-05T17:30,andar-1,0.936
2026-08-05T17:45,andar-1,0.829
2026-08-05T18:00,andar-1,0.971
2026-08-05T18:15,andar-1,0.969
2026-08-05T18:30,andar-1,1.003
2026-08-05T18:45,andar-1,0.945
2026-08-05T19:00,andar-1,1.014
2026-08-05T19:15,andar-1,0.986
2026-08-05T19:30,andar-1,0.912
2026-08-05T19:45,andar-1,0.976
2026-08-05T20:00,andar-1,0.963
2026-08-05T20:15,andar-1,0.915
2026-08-05T20:30,andar-1,0.969
2026-08-05T20:45,andar-1,0.931
2026-08-05T21:00,andar-1,0.959
2026-08-05T21:15,andar-1,0.990
2026-08-05T21:30,andar-1,0.932
2026-08-05T21:45,andar-1,0.913
2026-08-05T22:00,andar-1,0.597
2026-08-05T22:15,andar-1,0.624
2026-08-05T22:30,andar-1,0.640
2026-08-05T22:45,andar-1,0.590
2026-08-05T23:00,andar-1,0.575
2026-08-05T23:15,andar-1,0.592
2026-08-05T23:30,andar-1,0.678
2026-08-05T23:45,andar-1,0.639
2026-08-06T00:00,andar-1,0.542
2026-08-06T00:15,andar-1,0.544
2026-08-06T00:30,andar-1,0.588
2026-08-06T00:45,andar-1,0.580
2026-08-06T01:00,andar-1,0.604
2026-08-06T01:15,andar-1,0.472
2026-08-06T01:30,andar-1,0.516
2026-08-06T01:45,andar-1,0.566
2026-08-06T02:00,andar-1,0.535
2026-08-06T02:15,andar-1,0.557
2026-08-06T02:30,andar-1,0.555
2026-08-06T02:45,andar-1,0.549
2026-08-06T03:00,andar-1,0.544
2026-08-06T03:15,andar-1,0.604
2026-08-06T03:30,andar-1,0.560
2026-08-06T03:45,andar-1,0.552
2026-08-06T04:00,andar-1,0.560
2026-08-06T04:15,andar-1,0.490
2026-08-06T04:30,andar-1,0.588
2026-08-06T04:45,andar-1,0.488
2026-08-06T05:00,andar-1,0.565
2026-08-06T05:15,andar-1,0.555
2026-08-06T05:30,andar-1,0.522
2026-08-06T05:45,andar-1,0.560
2026-08-06T06:00,andar-1,0.715
2026-08-06T06:15,andar-1,0.589
2026-08-06T06:30,andar-1,0.688
2026-08-06T06:45,andar-1,0.706
2026-08-06T07:00,andar-1,0.780
2026-08-06T07:15,andar-1,0.784
2026-08-06T07:30,andar-1,0.671
2026-08-06T07:45,andar-1,0.615
2026-08-06T08:00,andar-1,0.752
2026-08-06T08:15,andar-1,0.787
2026-08-06T08:30,andar-1,0.646
2026-08-06T08:45,andar-1,0.704
2026-08-06T09:00,andar-1,0.749
2026-08-06T09:15,andar-1,0.750
2026-08-06T09:30,andar-1,0.682
2026-08-06T09:45,andar-1,0.677
2026-08-06T10:00,andar-1,0.819
2026-08-06T10:15,andar-1,0.797
2026-08-06T10:30,andar-1,0.840
2026-08-06T10:45,andar-1,0.890
2026-08-06T11:00,andar-1,0.810
2026-08-06T11:15,andar-1,0.887
2026-08-06T11:30,andar-1,0.788
2026-08-06T11:45,andar-1,0.789
2026-08-06T12:00,andar-1,0.848
2026-08-06T12:15,andar-1,0.704
2026-08-06T12:30,andar-1,0.845
2026-08-06T12:45,andar-1,0.838
2026-08-06T13:00,andar-1,0.725
2026-08-06T13:15,andar-1,0.800
2026-08-06T13:30,andar-1,0.802
2026-08-06T13:45,andar-1,0.732
2026-08-06T14:00,andar-1,0.904
2026-08-06T14:15,andar-1,0.878
2026-08-06T14:30,andar-1,0.905
2026-08-06T14:45,andar-1,0.833
2026-08-06T15:00,andar-1,0.870
2026-08-06T15:15,andar-1,0.844
2026-08-06T15:30,andar-1,0.814
2026-08-06T15:45,andar-1,0.893
2026-08-06T16:00,andar-1,0.961
2026-08-06T16:15,andar-1,0.721
2026-08-06T16:30,andar-1,0.829
2026-08-06T16:45,andar-1,0.902
2026-08-06T17:00,andar-1,0.846
2026-08-06T17:15,andar-1,0.844
2026-08-06T17:30,andar-1,1.049
2026-08-06T17:45,andar-1,0.953
2026-08-06T18:00,andar-1,0.913
2026-08-06T18:15,andar-1,0.987
2026-08-06T18:30,andar-1,1.095
2026-08-06T18:45,andar-1,0.882
2026-08-06T19:00,andar-1,0.847
2026-08-06T19:15,andar-1,0.979
2026-08-06T19:30,andar-1,0.966
2026-08-06T19:45,andar-1,0.993
2026-08-06T20:00,andar-1,0.775
2026-08-06T20:15,andar-1,1.011
2026-08-06T20:30,andar-1,0.895
2026-08-06T20:45,andar-1,0.905
2026-08-06T21:00,andar-1,0.870
2026-08-06T21:15,andar-1,0.892
2026-08-06T21:30,andar-1,0.893
2026-08-06T21:45,andar-1,0.992
2026-08-06T22:00,andar-1,0.606
2026-08-06T22:15,andar-1,0.566
2026-08-06T22:30,andar-1,0.578
2026-08-06T22:45,andar-1,0.595
2026-08-06T23:00,andar-1,0.644
2026-08-06T23:15,andar-1,0.594
2026-08-06T23:30,andar-1,0.579
2026-08-06T23:45,andar-1,0.610
2026-08-07T00:00,andar-1,0.551
2026-08-07T00:15,andar-1,0.592
2026-08-07T00:30,andar-1,0.499
2026-08-07T00:45,andar-1,0.577
2026-08-07T01:00,andar-1,0.555
2026-08-07T01:15,andar-1,0.577
2026-08-07T01:30,andar-1,0.561
2026-08-07T01:45,andar-1,0.532
2026-08-07T02:00,andar-1,0.548
2026-08-07T02:15,andar-1,0.573
2026-08-07T02:30,andar-1,0.540
2026-08-07T02:45,andar-1,0.555
2026-08-07T03:00,andar-1,0.603
2026-08-07T03:15,andar-1,0.450
2026-08-07T03:30,andar-1,0.539
2026-08-07T03:45,andar-1,0.589
2026-08-07T04:00,andar-1,0.597
2026-08-07T04:15,andar-1,0.558
2026-08-07T04:30,andar-1,0.497
2026-08-07T04:45,andar-1,0.578
2026-08-07T05:00,andar-1,0.556
2026-08-07T05:15,andar-1,0.520
2026-08-07T05:30,andar-1,0.509
2026-08-07T05:45,andar-1,0.545
2026-08-07T06:00,andar-1,0.622
2026-08-07T06:15,andar-1,0.593
2026-08-07T06:30,andar-1,0.720
2026-08-07T06:45,andar-1,0.679
2026-08-07T07:00,andar-1,0.728
2026-08-07T07:15,andar-1,0.684
2026-08-07T07:30,andar-1,0.657
2026-08-07T07:45,andar-1,0.692
2026-08-07T08:00,andar-1,0.652
2026-08-07T08:15,andar-1,0.662
2026-08-07T08:30,andar-1,0.712
2026-08-07T08:45,andar-1,0.584
2026-08-07T09:00,andar-1,0.799
2026-08-07T09:15,andar-1,0.710
2026-08-07T09:30,andar-1,0.772
2026-08-07T09:45,andar-1,0.723
2026-08-07T10:00,andar-1,0.904
2026-08-07T10:15,andar-1,0.804
2026-08-07T10:30,andar-1,0.793
2026-08-07T10:45,andar-1,0.864
2026-08-07T11:00,andar-1,0.843
2026-08-07T11:15,andar-1,0.851
2026-08-07T11:30,andar-1,0.829
2026-08-07T11:45,andar-1,0.906
2026-08-07T12:00,andar-1,0.857
2026-08-07T12:15,andar-1,0.900
2026-08-07T12:30,andar-1,0.890
2026-08-07T12:45,andar-1,0.917
2026-08-07T13:00,andar-1,0.850
2026-08-07T13:15,andar-1,0.756
2026-08-07T13:30,andar-1,0.786
2026-08-07T13:45,andar-1,0.851
2026-08-07T14:00,andar-1,0.950
2026-08-07T14:15,andar-1,0.854
2026-08-07T14:30,andar-1,0.922
2026-08-07T14:45,andar-1,0.841
2026-08-07T15:00,andar-1,0.783
2026-08-07T15:15,andar-1,0.766
2026-08-07T15:30,andar-1,0.958
2026-08-07T15:45,andar-1,0.940
2026-08-07T16:00,andar-1,0.893
2026-08-07T16:15,andar-1,0.928
2026-08-07T16:30,andar-1,0.760
2026-08-07T16:45,andar-1,0.923
2026-08-07T17:00,andar-1,0.869
2026-08-07T17:15,andar-1,0.922
2026-08-07T17:30,andar-1,1.004
2026-08-07T17:45,andar-1,0.988
2026-08-07T18:00,andar-1,1.017
2026-08-07T18:15,andar-1,0.873
2026-08-07T18:30,andar-1,0.917
2026-08-07T18:45,andar-1,0.981
2026-08-07T19:00,andar-1,0.875
2026-08-07T19:15,andar-1,0.951
2026-08-07T19:30,andar-1,0.936
2026-08-07T19:45,andar-1,0.991
2026-08-07T20:00,andar-1,0.891
2026-08-07T20:15,andar-1,0.897
2026-08-07T20:30,andar-1,0.983
2026-08-07T20:45,andar-1,1.068
2026-08-07T21:00,andar-1,0.979
2026-08-07T21:15,andar-1,0.927
2026-08-07T21:30,andar-1,0.949
2026-08-07T21:45,andar-1,0.926
2026-08-07T22:00,andar-1,0.596
2026-08-07T22:15,andar-1,0.605
2026-08-07T22:30,andar-1,0.660
2026-08-07T22:45,andar-1,0.599
2026-08-07T23:00,andar-1,0.518
2026-08-07T23:15,andar-1,0.620
2026-08-07T23:30,andar-1,0.547
2026-08-07T23:45,andar-1,0.686
2026-08-08T00:00,andar-1,0.412
2026-08-08T00:15,andar-1,0.554
2026-08-08T00:30,andar-1,0.481
2026-08-08T00:45,andar-1,0.470
2026-08-08T01:00,andar-1,0.472
2026-08-08T01:15,andar-1,0.463
2026-08-08T01:30,andar-1,0.475
2026-08-08T01:45,andar-1,0.515
2026-08-08T02:00,andar-1,0.461
2026-08-08T02:15,andar-1,0.457
2026-08-08T02:30,andar-1,0.460
2026-08-08T02:45,andar-1,0.561
2026-08-08T03:00,andar-1,0.577
2026-08-08T03:15,andar-1,0.441
2026-08-08T03:30,andar-1,0.419
2026-08-08T03:45,andar-1,0.514
2026-08-08T04:00,andar-1,0.506
2026-08-08T04:15,andar-1,0.472
2026-08-08T04:30,andar-1,0.533
2026-08-08T04:45,andar-1,0.460
2026-08-08T05:00,andar-1,0.530
2026-08-08T05:15,andar-1,0.524
2026-08-08T05:30,andar-1,0.469
2026-08-08T05:45,andar-1,0.442
2026-08-08T06:00,andar-1,0.614
2026-08-08T06:15,andar-1,0.599
2026-08-08T06:30,andar-1,0.586
2026-08-08T06:45,andar-1,0.654
2026-08-08T07:00,andar-1,0.745
2026-08-08T07:15,andar-1,0.654
2026-08-08T07:30,andar-1,0.625
2026-08-08T07:45,andar-1,0.591
2026-08-08T08:00,andar-1,0.616
2026-08-08T08:15,andar-1,0.584
2026-08-08T08:30,andar-1,0.575
2026-08-08T08:45,andar-1,0.489
2026-08-08T09:00,andar-1,0.558
2026-08-08T09:15,andar-1,0.630
2026-08-08T09:30,andar-1,0.629
2026-08-08T09:45,andar-1,0.585
2026-08-08T10:00,andar-1,0.848
2026-08-08T10:15,andar-1,0.754
2026-08-08T10:30,andar-1,0.840
2026-08-08T10:45,andar-1,0.698
2026-08-08T11:00,andar-1,0.770
2026-08-08T11:15,andar-1,0.835
2026-08-08T11:30,andar-1,0.718
2026-08-08T11:45,andar-1,0.815
2026-08-08T12:00,andar-1,0.710
2026-08-08T12:15,andar-1,0.797
2026-08-08T12:30,andar-1,0.785
2026-08-08T12:45,andar-1,0.802
2026-08-08T13:00,andar-1,0.725
2026-08-08T13:15,andar-1,0.694
2026-08-08T13:30,andar-1,0.780
2026-08-08T13:45,andar-1,0.807
2026-08-08T14:00,andar-1,0.864
2026-08-08T14:15,andar-1,0.732
2026-08-08T14:30,andar-1,0.804
2026-08-08T14:45,andar-1,0.805
2026-08-08T15:00,andar-1,0.704
2026-08-08T15:15,andar-1,0.734
2026-08-08T15:30,andar-1,0.752
2026-08-08T15:45,andar-1,0.810
2026-08-08T16:00,andar-1,0.825
2026-08-08T16:15,andar-1,0.836
2026-08-08T16:30,andar-1,0.729
2026-08-08T16:45,andar-1,0.707
2026-08-08T17:00,andar-1,0.822
2026-08-08T17:15,andar-1,0.760
2026-08-08T17:30,andar-1,0.885
2026-08-08T17:45,andar-1,0.809
2026-08-08T18:00,andar-1,0.820
2026-08-08T18:15,andar-1,0.791
2026-08-08T18:30,andar-1,0.876
2026-08-08T18:45,andar-1,0.888
2026-08-08T19:00,andar-1,0.890
2026-08-08T19:15,andar-1,0.889
2026-08-08T19:30,andar-1,0.973
2026-08-08T19:45,andar-1,0.965
2026-08-08T20:00,andar-1,0.901
2026-08-08T20:15,andar-1,0.844
2026-08-08T20:30,andar-1,0.786
2026-08-08T20:45,andar-1,0.848
2026-08-08T21:00,andar-1,0.872
2026-08-08T21:15,andar-1,1.064
2026-08-08T21:30,andar-1,0.927
2026-08-08T21:45,andar-1,0.771
2026-08-08T22:00,andar-1,0.550
2026-08-08T22:15,andar-1,0.500
2026-08-08T22:30,andar-1,0.491
2026-08-08T22:45,andar-1,0.505
2026-08-08T23:00,andar-1,0.567
2026-08-08T23:15,andar-1,0.576
2026-08-08T23:30,andar-1,0.509
2026-08-08T23:45,andar-1,0.396
2026-08-09T00:00,andar-1,0.537
2026-08-09T00:15,andar-1,0.528
2026-08-09T00:30,andar-1,0.464
2026-08-09T00:45,andar-1,0.489
2026-08-09T01:00,andar-1,0.524
2026-08-09T01:15,andar-1,0.473
2026-08-09T01:30,andar-1,0.470
2026-08-09T01:45,andar-1,0.500
2026-08-09T02:00,andar-1,0.492
2026-08-09T02:15,andar-1,0.538
2026-08-09T02:30,andar-1,0.522
2026-08-09T02:45,andar-1,0.503
2026-08-09T03:00,andar-1,0.497
2026-08-09T03:15,andar-1,0.536
2026-08-09T03:30,andar-1,0.525
2026-08-09T03:45,andar-1,0.506
2026-08-09T04:00,andar-1,0.466
2026-08-09T04:15,andar-1,0.539
2026-08-09T04:30,andar-1,0.515
2026-08-09T04:45,andar-1,0.458
2026-08-09T05:00,andar-1,0.583
2026-08-09T05:15,andar-1,0.497
2026-08-09T05:30,andar-1,0.472
2026-08-09T05:45,andar-1,0.521
2026-08-09T06:00,andar-1,0.678
2026-08-09T06:15,andar-1,0.692
2026-08-09T06:30,andar-1,0.662
2026-08-09T06:45,andar-1,0.566
2026-08-09T07:00,andar-1,0.666
2026-08-09T07:15,andar-1,0.635
2026-08-09T07:30,andar-1,0.649
2026-08-09T07:45,andar-1,0.677
2026-08-09T08:00,andar-1,0.661
2026-08-09T08:15,andar-1,0.564
2026-08-09T08:30,andar-1,0.720
2026-08-09T08:45,andar-1,0.570
2026-08-09T09:00,andar-1,0.603
2026-08-09T09:15,andar-1,0.642
2026-08-09T09:30,andar-1,0.659
2026-08-09T09:45,andar-1,0.680
2026-08-09T10:00,andar-1,0.773
2026-08-09T10:15,andar-1,0.800
2026-08-09T10:30,andar-1,0.746
2026-08-09T10:45,andar-1,0.746
2026-08-09T11:00,andar-1,0.755
2026-08-09T11:15,andar-1,0.819
2026-08-09T11:30,andar-1,0.655
2026-08-09T11:45,andar-1,0.727
2026-08-09T12:00,andar-1,0.841
2026-08-09T12:15,andar-1,0.733
2026-08-09T12:30,andar-1,0.879
2026-08-09T12:45,andar-1,0.881
2026-08-09T13:00,andar-1,0.905
2026-08-09T13:15,andar-1,0.728
2026-08-09T13:30,andar-1,0.707
2026-08-09T13:45,andar-1,0.729
2026-08-09T14:00,andar-1,0.703
2026-08-09T14:15,andar-1,0.797
2026-08-09T14:30,andar-1,0.765
2026-08-09T14:45,andar-1,0.806
2026-08-09T15:00,andar-1,0.793
2026-08-09T15:15,andar-1,0.818
2026-08-09T15:30,andar-1,0.777
2026-08-09T15:45,andar-1,0.839
2026-08-09T16:00,andar-1,0.728
2026-08-09T16:15,andar-1,0.740
2026-08-09T16:30,andar-1,0.843
2026-08-09T16:45,andar-1,0.766
2026-08-09T17:00,andar-1,0.826
2026-08-09T17:15,andar-1,0.722
2026-08-09T17:30,andar-1,0.841
2026-08-09T17:45,andar-1,0.822
2026-08-09T18:00,andar-1,0.907
2026-08-09T18:15,andar-1,0.814
2026-08-09T18:30,andar-1,0.822
2026-08-09T18:45,andar-1,0.853
2026-08-09T19:00,andar-1,0.822
2026-08-09T19:15,andar-1,0.824
2026-08-09T19:30,andar-1,0.901
2026-08-09T19:45,andar-1,0.869
2026-08-09T20:00,andar-1,0.865
2026-08-09T20:15,andar-1,0.899
2026-08-09T20:30,andar-1,0.850
2026-08-09T20:45,andar-1,0.784
2026-08-09T21:00,andar-1,0.928
2026-08-09T21:15,andar-1,0.820
2026-08-09T21:30,andar-1,0.833
2026-08-09T21:45,andar-1,0.842
2026-08-09T22:00,andar-1,0.581
2026-08-09T22:15,andar-1,0.469
2026-08-09T22:30,andar-1,0.618
2026-08-09T22:45,andar-1,0.567
2026-08-09T23:00,andar-1,0.482
2026-08-09T23:15,andar-1,0.482
2026-08-09T23:30,andar-1,0.492
2026-08-09T23:45,andar-1,0.523
2026-08-10T00:00,andar-1,0.635
2026-08-10T00:15,andar-1,0.596
2026-08-10T00:30,andar-1,0.563
2026-08-10T00:45,andar-1,0.566
2026-08-10T01:00,andar-1,0.598
2026-08-10T01:15,andar-1,0.525
2026-08-10T01:30,andar-1,0.558
2026-08-10T01:45,andar-1,0.572
2026-08-10T02:00,andar-1,0.647
2026-08-10T02:15,andar-1,0.517
2026-08-10T02:30,andar-1,0.587
2026-08-10T02:45,andar-1,0.624
2026-08-10T03:00,andar-1,0.516
2026-08-10T03:15,andar-1,0.583
2026-08-10T03:30,andar-1,0.578
2026-08-10T03:45,andar-1,0.589
2026-08-10T04:00,andar-1,0.528
2026-08-10T04:15,andar-1,0.544
2026-08-10T04:30,andar-1,0.489
2026-08-10T04:45,andar-1,0.468
2026-08-10T05:00,andar-1,0.558
2026-08-10T05:15,andar-1,0.534
2026-08-10T05:30,andar-1,0.548
2026-08-10T05:45,andar-1,0.572
2026-08-10T06:00,andar-1,0.744
2026-08-10T06:15,andar-1,0.738
2026-08-10T06:30,andar-1,0.600
2026-08-10T06:45,andar-1,0.693
2026-08-10T07:00,andar-1,0.786
2026-08-10T07:15,andar-1,0.651
2026-08-10T07:30,andar-1,0.674
2026-08-10T07:45,andar-1,0.566
2026-08-10T08:00,andar-1,0.645
2026-08-10T08:15,andar-1,0.724
2026-08-10T08:30,andar-1,0.701
2026-08-10T08:45,andar-1,0.712
2026-08-10T09:00,andar-1,0.728
2026-08-10T09:15,andar-1,0.751
2026-08-10T09:30,andar-1,0.706
2026-08-10T09:45,andar-1,0.589
2026-08-10T10:00,andar-1,0.792
2026-08-10T10:15,andar-1,0.811
2026-08-10T10:30,andar-1,0.853
2026-08-10T10:45,andar-1,0.908
2026-08-10T11:00,andar-1,0.842
2026-08-10T11:15,andar-1,0.869
2026-08-10T11:30,andar-1,0.875
2026-08-10T11:45,andar-1,0.895
2026-08-10T12:00,andar-1,0.924
2026-08-10T12:15,andar-1,0.945
2026-08-10T12:30,andar-1,0.829
2026-08-10T12:45,andar-1,0.902
2026-08-10T13:00,andar-1,0.926
2026-08-10T13:15,andar-1,0.826
2026-08-10T13:30,andar-1,0.863
2026-08-10T13:45,andar-1,0.717
2026-08-10T14:00,andar-1,0.837
2026-08-10T14:15,andar-1,0.927
2026-08-10T14:30,andar-1,0.957
2026-08-10T14:45,andar-1,0.741
2026-08-10T15:00,andar-1,0.931
2026-08-10T15:15,andar-1,0.835
2026-08-10T15:30,andar-1,0.856
2026-08-10T15:45,andar-1,0.731
2026-08-10T16:00,andar-1,0.822
2026-08-10T16:15,andar-1,0.821
2026-08-10T16:30,andar-1,0.863
2026-08-10T16:45,andar-1,0.900
2026-08-10T17:00,andar-1,0.902
2026-08-10T17:15,andar-1,1.064
2026-08-10T17:30,andar-1,0.898
2026-08-10T17:45,andar-1,0.956
2026-08-10T18:00,andar-1,1.007
2026-08-10T18:15,andar-1,0.813
2026-08-10T18:30,andar-1,0.921
2026-08-10T18:45,andar-1,0.885
2026-08-10T19:00,andar-1,0.916
2026-08-10T19:15,andar-1,0.869
2026-08-10T19:30,andar-1,0.916
2026-08-10T19:45,andar-1,0.996
2026-08-10T20:00,andar-1,0.978
2026-08-10T20:15,andar-1,0.952
2026-08-10T20:30,andar-1,0.923
2026-08-10T20:45,andar-1,1.025
2026-08-10T21:00,andar-1,0.987
2026-08-10T21:15,andar-1,0.966
2026-08-10T21:30,andar-1,0.958
2026-08-10T21:45,andar-1,0.926
2026-08-10T22:00,andar-1,0.673
2026-08-10T22:15,andar-1,0.674
2026-08-10T22:30,andar-1,0.561
2026-08-10T22:45,andar-1,0.606
2026-08-10T23:00,andar-1,0.584
2026-08-10T23:15,andar-1,0.584
2026-08-10T23:30,andar-1,0.590
2026-08-10T23:45,andar-1,0.663
2026-08-11T00:00,andar-1,0.497
2026-08-11T00:15,andar-1,0.560
2026-08-11T00:30,andar-1,0.554
2026-08-11T00:45,andar-1,0.580
2026-08-11T01:00,andar-1,0.636
2026-08-11T01:15,andar-1,0.544
2026-08-11T01:30,andar-1,0.574
2026-08-11T01:45,andar-1,0.509
2026-08-11T02:00,andar-1,0.591
2026-08-11T02:15,andar-1,0.578
2026-08-11T02:30,andar-1,0.568
2026-08-11T02:45,andar-1,0.598
2026-08-11T03:00,andar-1,0.568
2026-08-11T03:15,andar-1,0.566
2026-08-11T03:30,andar-1,0.541
2026-08-11T03:45,andar-1,0.632
2026-08-11T04:00,andar-1,0.504
2026-08-11T04:15,andar-1,0.545
2026-08-11T04:30,andar-1,0.451
2026-08-11T04:45,andar-1,0.505
2026-08-11T05:00,andar-1,0.472
2026-08-11T05:15,andar-1,0.529
2026-08-11T05:30,andar-1,0.526
2026-08-11T05:45,andar-1,0.551
2026-08-11T06:00,andar-1,0.658
2026-08-11T06:15,andar-1,0.713
2026-08-11T06:30,andar-1,0.675
2026-08-11T06:45,andar-1,0.632
2026-08-11T07:00,andar-1,0.683
2026-08-11T07:15,andar-1,0.596
2026-08-11T07:30,andar-1,0.727
2026-08-11T07:45,andar-1,0.726
2026-08-11T08:00,andar-1,0.749
2026-08-11T08:15,andar-1,0.779
2026-08-11T08:30,andar-1,0.700
2026-08-11T08:45,andar-1,0.619
2026-08-11T09:00,andar-1,0.758
2026-08-11T09:15,andar-1,0.706
2026-08-11T09:30,andar-1,0.703
2026-08-11T09:45,andar-1,0.755
2026-08-11T10:00,andar-1,0.865
2026-08-11T10:15,andar-1,0.850
2026-08-11T10:30,andar-1,0.837
2026-08-11T10:45,andar-1,0.814
2026-08-11T11:00,andar-1,0.836
2026-08-11T11:15,andar-1,0.852
2026-08-11T11:30,andar-1,0.797
2026-08-11T11:45,andar-1,0.781
2026-08-11T12:00,andar-1,0.838
2026-08-11T12:15,andar-1,0.898
2026-08-11T12:30,andar-1,0.803
2026-08-11T12:45,andar-1,0.837
2026-08-11T13:00,andar-1,0.799
2026-08-11T13:15,andar-1,0.729
2026-08-11T13:30,andar-1,0.830
2026-08-11T13:45,andar-1,0.875
2026-08-11T14:00,andar-1,0.915
2026-08-11T14:15,andar-1,0.880
2026-08-11T14:30,andar-1,0.904
2026-08-11T14:45,andar-1,0.924
2026-08-11T15:00,andar-1,0.706
2026-08-11T15:15,andar-1,0.913
2026-08-11T15:30,andar-1,0.841
2026-08-11T15:45,andar-1,0.818
2026-08-11T16:00,andar-1,0.896
2026-08-11T16:15,andar-1,0.822
2026-08-11T16:30,andar-1,0.906
2026-08-11T16:45,andar-1,0.735
2026-08-11T17:00,andar-1,1.060
2026-08-11T17:15,andar-1,1.069
2026-08-11T17:30,andar-1,1.025
2026-08-11T17:45,andar-1,0.981
2026-08-11T18:00,andar-1,1.076
2026-08-11T18:15,andar-1,0.889
2026-08-11T18:30,andar-1,0.948
2026-08-11T18:45,andar-1,0.897
2026-08-11T19:00,andar-1,0.891
2026-08-11T19:15,andar-1,0.885
2026-08-11T19:30,andar-1,0.949
2026-08-11T19:45,andar-1,0.909
2026-08-11T20:00,andar-1,0.928
2026-08-11T20:15,andar-1,1.004
2026-08-11T20:30,andar-1,0.875
2026-08-11T20:45,andar-1,0.958
2026-08-11T21:00,andar-1,1.066
2026-08-11T21:15,andar-1,0.893
2026-08-11T21:30,andar-1,0.971
2026-08-11T21:45,andar-1,0.785
2026-08-11T22:00,andar-1,0.635
2026-08-11T22:15,andar-1,0.514
2026-08-11T22:30,andar-1,0.590
2026-08-11T22:45,andar-1,0.585
2026-08-11T23:00,andar-1,0.573
2026-08-11T23:15,andar-1,0.523
2026-08-11T23:30,andar-1,0.580
2026-08-11T23:45,andar-1,0.500
2026-08-12T00:00,andar-1,0.587
2026-08-12T00:15,andar-1,0.589
2026-08-12T00:30,andar-1,0.581
2026-08-12T00:45,andar-1,0.552
2026-08-12T01:00,andar-1,0.572
2026-08-12T01:15,andar-1,0.627
2026-08-12T01:30,andar-1,0.596
2026-08-12T01:45,andar-1,0.549
2026-08-12T02:00,andar-1,0.483
2026-08-12T02:15,andar-1,0.607
2026-08-12T02:30,andar-1,0.570
2026-08-12T02:45,andar-1,0.571
2026-08-12T03:00,andar-1,0.516
2026-08-12T03:15,andar-1,0.505
2026-08-12T03:30,andar-1,0.591
2026-08-12T03:45,andar-1,0.500
2026-08-12T04:00,andar-1,0.567
2026-08-12T04:15,andar-1,0.525
2026-08-12T04:30,andar-1,0.517
2026-08-12T04:45,andar-1,0.527
2026-08-12T05:00,andar-1,0.596
2026-08-12T05:15,andar-1,0.553
2026-08-12T05:30,andar-1,0.581
2026-08-12T05:45,andar-1,0.555
2026-08-12T06:00,andar-1,0.666
2026-08-12T06:15,andar-1,0.664
2026-08-12T06:30,andar-1,0.692
2026-08-12T06:45,andar-1,0.758
2026-08-12T07:00,andar-1,0.714
2026-08-12T07:15,andar-1,0.675
2026-08-12T07:30,andar-1,0.704
2026-08-12T07:45,andar-1,0.754
2026-08-12T08:00,andar-1,0.721
2026-08-12T08:15,andar-1,0.668
2026-08-12T08:30,andar-1,0.781
2026-08-12T08:45,andar-1,0.605
2026-08-12T09:00,andar-1,0.847
2026-08-12T09:15,andar-1,0.719
2026-08-12T09:30,andar-1,0.635
2026-08-12T09:45,andar-1,0.626
2026-08-12T10:00,andar-1,0.896
2026-08-12T10:15,andar-1,0.834
2026-08-12T10:30,andar-1,0.802
2026-08-12T10:45,andar-1,0.840
2026-08-12T11:00,andar-1,0.736
2026-08-12T11:15,andar-1,0.756
2026-08-12T11:30,andar-1,0.851
2026-08-12T11:45,andar-1,0.894
2026-08-12T12:00,andar-1,0.985
2026-08-12T12:15,andar-1,0.881
2026-08-12T12:30,andar-1,0.766
2026-08-12T12:45,andar-1,0.806
2026-08-12T13:00,andar-1,0.829
2026-08-12T13:15,andar-1,0.898
2026-08-12T13:30,andar-1,0.660
2026-08-12T13:45,andar-1,0.883
2026-08-12T14:00,andar-1,0.732
2026-08-12T14:15,andar-1,0.800
2026-08-12T14:30,andar-1,0.827
2026-08-12T14:45,andar-1,0.907
2026-08-12T15:00,andar-1,1.019
2026-08-12T15:15,andar-1,0.821
2026-08-12T15:30,andar-1,0.868
2026-08-12T15:45,andar-1,0.841
2026-08-12T16:00,andar-1,0.778
2026-08-12T16:15,andar-1,0.805
2026-08-12T16:30,andar-1,0.779
2026-08-12T16:45,andar-1,0.873
2026-08-12T17:00,andar-1,0.990
2026-08-12T17:15,andar-1,0.980
2026-08-12T17:30,andar-1,1.023
2026-08-12T17:45,andar-1,0.863
2026-08-12T18:00,andar-1,1.014
2026-08-12T18:15,andar-1,1.014
2026-08-12T18:30,andar-1,0.884
2026-08-12T18:45,andar-1,0.791
2026-08-12T19:00,andar-1,1.025
2026-08-12T19:15,andar-1,0.977
2026-08-12T19:30,andar-1,0.825
2026-08-12T19:45,andar-1,1.059
2026-08-12T20:00,andar-1,0.951
2026-08-12T20:15,andar-1,1.012
2026-08-12T20:30,andar-1,0.966
2026-08-12T20:45,andar-1,0.938
2026-08-12T21:00,andar-1,0.968
2026-08-12T21:15,andar-1,0.922
2026-08-12T21:30,andar-1,0.923
2026-08-12T21:45,andar-1,0.967
2026-08-12T22:00,andar-1,0.612
2026-08-12T22:15,andar-1,0.576
2026-08-12T22:30,andar-1,0.668
2026-08-12T22:45,andar-1,0.623
2026-08-12T23:00,andar-1,0.648
2026-08-12T23:15,andar-1,0.524
2026-08-12T23:30,andar-1,0.589
2026-08-12T23:45,andar-1,0.547
2026-08-13T00:00,andar-1,0.606
2026-08-13T00:15,andar-1,0.559
2026-08-13T00:30,andar-1,0.590
2026-08-13T00:45,andar-1,0.529
2026-08-13T01:00,andar-1,0.511
2026-08-13T01:15,andar-1,0.501
2026-08-13T01:30,andar-1,0.508
2026-08-13T01:45,andar-1,0.589
2026-08-13T02:00,andar-1,0.470
2026-08-13T02:15,andar-1,0.549
2026-08-13T02:30,andar-1,0.515
2026-08-13T02:45,andar-1,0.488
2026-08-13T03:00,andar-1,0.606
2026-08-13T03:15,andar-1,0.502
2026-08-13T03:30,andar-1,0.557
2026-08-13T03:45,andar-1,0.631
2026-08-13T04:00,andar-1,0.597
2026-08-13T04:15,andar-1,0.538
2026-08-13T04:30,andar-1,0.548
2026-08-13T04:45,andar-1,0.613
2026-08-13T05:00,andar-1,0.508
2026-08-13T05:15,andar-1,0.636
2026-08-13T05:30,andar-1,0.547
2026-08-13T05:45,andar-1,0.518
2026-08-13T06:00,andar-1,0.664
2026-08-13T06:15,andar-1,0.773
2026-08-13T06:30,andar-1,0.704
2026-08-13T06:45,andar-1,0.653
2026-08-13T07:00,andar-1,0.720
2026-08-13T07:15,andar-1,0.742
2026-08-13T07:30,andar-1,0.654
2026-08-13T07:45,andar-1,0.668
2026-08-13T08:00,andar-1,0.750
2026-08-13T08:15,andar-1,0.647
2026-08-13T08:30,andar-1,0.623
2026-08-13T08:45,andar-1,0.704
2026-08-13T09:00,andar-1,0.667
2026-08-13T09:15,andar-1,0.803
2026-08-13T09:30,andar-1,0.660
2026-08-13T09:45,andar-1,0.695
2026-08-13T10:00,andar-1,0.795
2026-08-13T10:15,andar-1,0.983
2026-08-13T10:30,andar-1,0.841
2026-08-13T10:45,andar-1,0.777
2026-08-13T11:00,andar-1,0.868
2026-08-13T11:15,andar-1,0.881
2026-08-13T11:30,andar-1,0.825
2026-08-13T11:45,andar-1,0.849
2026-08-13T12:00,andar-1,0.843
2026-08-13T12:15,andar-1,0.871
2026-08-13T12:30,andar-1,0.672
2026-08-13T12:45,andar-1,0.902
2026-08-13T13:00,andar-1,0.868
2026-08-13T13:15,andar-1,0.917
2026-08-13T13:30,andar-1,0.765
2026-08-13T13:45,andar-1,0.760
2026-08-13T14:00,andar-1,0.862
2026-08-13T14:15,andar-1,0.950
2026-08-13T14:30,andar-1,0.833
2026-08-13T14:45,andar-1,0.730
2026-08-13T15:00,andar-1,0.877
2026-08-13T15:15,andar-1,0.915
2026-08-13T15:30,andar-1,0.892
2026-08-13T15:45,andar-1,0.843
2026-08-13T16:00,andar-1,0.839
2026-08-13T16:15,andar-1,0.826
2026-08-13T16:30,andar-1,0.816
2026-08-13T16:45,andar-1,0.949
2026-08-13T17:00,andar-1,0.922
2026-08-13T17:15,andar-1,0.977
2026-08-13T17:30,andar-1,1.052
2026-08-13T17:45,andar-1,0.882
2026-08-13T18:00,andar-1,0.799
2026-08-13T18:15,andar-1,0.987
2026-08-13T18:30,andar-1,0.997
2026-08-13T18:45,andar-1,1.104
2026-08-13T19:00,andar-1,0.899
2026-08-13T19:15,andar-1,0.858
2026-08-13T19:30,andar-1,0.826
2026-08-13T19:45,andar-1,0.975
2026-08-13T20:00,andar-1,0.937
2026-08-13T20:15,andar-1,0.955
2026-08-13T20:30,andar-1,0.884
2026-08-13T20:45,andar-1,1.031
2026-08-13T21:00,andar-1,1.026
2026-08-13T21:15,andar-1,0.942
2026-08-13T21:30,andar-1,0.972
2026-08-13T21:45,andar-1,0.945
2026-08-13T22:00,andar-1,0.575
2026-08-13T22:15,andar-1,0.613
2026-08-13T22:30,andar-1,0.538
2026-08-13T22:45,andar-1,0.607
2026-08-13T23:00,andar-1,0.628
2026-08-13T23:15,andar-1,0.621
2026-08-13T23:30,andar-1,0.658
2026-08-13T23:45,andar-1,0.674
2026-08-14T00:00,andar-1,0.536
2026-08-14T00:15,andar-1,0.549
2026-08-14T00:30,andar-1,0.544
2026-08-14T00:45,andar-1,0.582
2026-08-14T01:00,andar-1,0.547
2026-08-14T01:15,andar-1,0.574
2026-08-14T01:30,andar-1,0.575
2026-08-14T01:45,andar-1,0.570
2026-08-14T02:00,andar-1,0.476
2026-08-14T02:15,andar-1,0.509
2026-08-14T02:30,andar-1,0.520
2026-08-14T02:45,andar-1,0.620
2026-08-14T03:00,andar-1,0.570
2026-08-14T03:15,andar-1,0.610
2026-08-14T03:30,andar-1,0.540
2026-08-14T03:45,andar-1,0.579
2026-08-14T04:00,andar-1,0.583
2026-08-14T04:15,andar-1,0.469
2026-08-14T04:30,andar-1,0.455
2026-08-14T04:45,andar-1,0.558
2026-08-14T05:00,andar-1,0.581
2026-08-14T05:15,andar-1,0.469
2026-08-14T05:30,andar-1,0.491
2026-08-14T05:45,andar-1,0.523
2026-08-14T06:00,andar-1,0.699
2026-08-14T06:15,andar-1,0.740
2026-08-14T06:30,andar-1,0.638
2026-08-14T06:45,andar-1,0.721
2026-08-14T07:00,andar-1,0.676
2026-08-14T07:15,andar-1,0.668
2026-08-14T07:30,andar-1,0.762
2026-08-14T07:45,andar-1,0.627
2026-08-14T08:00,andar-1,0.682
2026-08-14T08:15,andar-1,0.717
2026-08-14T08:30,andar-1,0.683
2026-08-14T08:45,andar-1,0.658
2026-08-14T09:00,andar-1,0.645
2026-08-14T09:15,andar-1,0.631
2026-08-14T09:30,andar-1,0.695
2026-08-14T09:45,andar-1,0.759
2026-08-14T10:00,andar-1,0.795
2026-08-14T10:15,andar-1,0.872
2026-08-14T10:30,andar-1,0.707
2026-08-14T10:45,andar-1,0.885
2026-08-14T11:00,andar-1,0.845
2026-08-14T11:15,andar-1,0.937
2026-08-14T11:30,andar-1,0.830
2026-08-14T11:45,andar-1,0.881
2026-08-14T12:00,andar-1,1.025
2026-08-14T12:15,andar-1,0.879
2026-08-14T12:30,andar-1,0.841
2026-08-14T12:45,andar-1,0.980
2026-08-14T13:00,andar-1,0.829
2026-08-14T13:15,andar-1,0.858
2026-08-14T13:30,andar-1,0.770
2026-08-14T13:45,andar-1,0.887
2026-08-14T14:00,andar-1,0.815
2026-08-14T14:15,andar-1,0.758
2026-08-14T14:30,andar-1,0.867
2026-08-14T14:45,andar-1,0.793
2026-08-14T15:00,andar-1,0.837
2026-08-14T15:15,andar-1,0.829
2026-08-14T15:30,andar-1,0.742
2026-08-14T15:45,andar-1,0.883
2026-08-14T16:00,andar-1,0.877
2026-08-14T16:15,andar-1,0.989
2026-08-14T16:30,andar-1,0.701
2026-08-14T16:45,andar-1,0.875
2026-08-14T17:00,andar-1,0.986
2026-08-14T17:15,andar-1,0.887
2026-08-14T17:30,andar-1,0.827
2026-08-14T17:45,andar-1,0.982
2026-08-14T18:00,andar-1,0.932
2026-08-14T18:15,andar-1,0.886
2026-08-14T18:30,andar-1,0.911
2026-08-14T18:45,andar-1,0.869
2026-08-14T19:00,andar-1,0.930
2026-08-14T19:15,andar-1,1.035
2026-08-14T19:30,andar-1,1.013
2026-08-14T19:45,andar-1,0.981
2026-08-14T20:00,andar-1,0.915
2026-08-14T20:15,andar-1,1.022
2026-08-14T20:30,andar-1,1.001
2026-08-14T20:45,andar-1,0.952
2026-08-14T21:00,andar-1,0.936
2026-08-14T21:15,andar-1,0.975
2026-08-14T21:30,andar-1,1.063
2026-08-14T21:45,andar-1,0.929
2026-08-14T22:00,andar-1,0.620
2026-08-14T22:15,andar-1,0.631
2026-08-14T22:30,andar-1,0.573
2026-08-14T22:45,andar-1,0.659
2026-08-14T23:00,andar-1,0.574
2026-08-14T23:15,andar-1,0.579
2026-08-14T23:30,andar-1,0.558
2026-08-14T23:45,andar-1,0.587
2026-08-15T00:00,andar-1,0.503
2026-08-15T00:15,andar-1,0.520
2026-08-15T00:30,andar-1,0.491
2026-08-15T00:45,andar-1,0.464
2026-08-15T01:00,andar-1,0.467
2026-08-15T01:15,andar-1,0.499
2026-08-15T01:30,andar-1,0.531
2026-08-15T01:45,andar-1,0.504
2026-08-15T02:00,andar-1,0.516
2026-08-15T02:15,andar-1,0.494
2026-08-15T02:30,andar-1,0.536
2026-08-15T02:45,andar-1,0.452
2026-08-15T03:00,andar-1,0.489
2026-08-15T03:15,andar-1,0.564
2026-08-15T03:30,andar-1,0.478
2026-08-15T03:45,andar-1,0.458
2026-08-15T04:00,andar-1,0.499
2026-08-15T04:15,andar-1,0.508
2026-08-15T04:30,andar-1,0.469
2026-08-15T04:45,andar-1,0.455
2026-08-15T05:00,andar-1,0.467
2026-08-15T05:15,andar-1,0.474
2026-08-15T05:30,andar-1,0.483
2026-08-15T05:45,andar-1,0.568
2026-08-15T06:00,andar-1,0.681
2026-08-15T06:15,andar-1,0.657
2026-08-15T06:30,andar-1,0.653
2026-08-15T06:45,andar-1,0.543
2026-08-15T07:00,andar-1,0.642
2026-08-15T07:15,andar-1,0.663
2026-08-15T07:30,andar-1,0.646
2026-08-15T07:45,andar-1,0.667
2026-08-15T08:00,andar-1,0.573
2026-08-15T08:15,andar-1,0.697
2026-08-15T08:30,andar-1,0.556
2026-08-15T08:45,andar-1,0.602
2026-08-15T09:00,andar-1,0.576
2026-08-15T09:15,andar-1,0.670
2026-08-15T09:30,andar-1,0.719
2026-08-15T09:45,andar-1,0.520
2026-08-15T10:00,andar-1,0.732
2026-08-15T10:15,andar-1,0.584
2026-08-15T10:30,andar-1,0.683
2026-08-15T10:45,andar-1,0.859
2026-08-15T11:00,andar-1,0.787
2026-08-15T11:15,andar-1,0.812
2026-08-15T11:30,andar-1,0.819
2026-08-15T11:45,andar-1,0.812
2026-08-15T12:00,andar-1,0.827
2026-08-15T12:15,andar-1,0.827
2026-08-15T12:30,andar-1,0.831
2026-08-15T12:45,andar-1,0.810
2026-08-15T13:00,andar-1,0.733
2026-08-15T13:15,andar-1,0.786
2026-08-15T13:30,andar-1,0.831
2026-08-15T13:45,andar-1,0.627
2026-08-15T14:00,andar-1,0.765
2026-08-15T14:15,andar-1,0.801
2026-08-15T14:30,andar-1,0.830
2026-08-15T14:45,andar-1,0.734
2026-08-15T15:00,andar-1,0.696
2026-08-15T15:15,andar-1,0.653
2026-08-15T15:30,andar-1,0.754
2026-08-15T15:45,andar-1,0.768
2026-08-15T16:00,andar-1,0.770
2026-08-15T16:15,andar-1,0.698
2026-08-15T16:30,andar-1,0.698
2026-08-15T16:45,andar-1,0.776
2026-08-15T17:00,andar-1,0.858
2026-08-15T17:15,andar-1,0.902
2026-08-15T17:30,andar-1,0.824
2026-08-15T17:45,andar-1,0.888
2026-08-15T18:00,andar-1,0.853
2026-08-15T18:15,andar-1,0.869
2026-08-15T18:30,andar-1,0.906
2026-08-15T18:45,andar-1,0.770
2026-08-15T19:00,andar-1,0.813
2026-08-15T19:15,andar-1,0.767
2026-08-15T19:30,andar-1,0.752
2026-08-15T19:45,andar-1,0.953
2026-08-15T20:00,andar-1,0.874
2026-08-15T20:15,andar-1,0.809
2026-08-15T20:30,andar-1,0.767
2026-08-15T20:45,andar-1,0.829
2026-08-15T21:00,andar-1,0.827
2026-08-15T21:15,andar-1,0.755
2026-08-15T21:30,andar-1,0.715
2026-08-15T21:45,andar-1,0.824
2026-08-15T22:00,andar-1,0.569
2026-08-15T22:15,andar-1,0.549
2026-08-15T22:30,andar-1,0.508
2026-08-15T22:45,andar-1,0.526
2026-08-15T23:00,andar-1,0.521
2026-08-15T23:15,andar-1,0.633
2026-08-15T23:30,andar-1,0.571
2026-08-15T23:45,andar-1,0.548
2026-08-16T00:00,andar-1,0.467
2026-08-16T00:15,andar-1,0.485
2026-08-16T00:30,andar-1,0.501
2026-08-16T00:45,andar-1,0.464
2026-08-16T01:00,andar-1,0.485
2026-08-16T01:15,andar-1,0.555
2026-08-16T01:30,andar-1,0.468
2026-08-16T01:45,andar-1,0.401
2026-08-16T02:00,andar-1,0.469
2026-08-16T02:15,andar-1,0.498
2026-08-16T02:30,andar-1,0.518
2026-08-16T02:45,andar-1,0.509
2026-08-16T03:00,andar-1,0.549
2026-08-16T03:15,andar-1,0.561
2026-08-16T03:30,andar-1,0.572
2026-08-16T03:45,andar-1,0.424
2026-08-16T04:00,andar-1,0.439
2026-08-16T04:15,andar-1,0.563
2026-08-16T04:30,andar-1,0.484
2026-08-16T04:45,andar-1,0.529
2026-08-16T05:00,andar-1,0.480
2026-08-16T05:15,andar-1,0.484
2026-08-16T05:30,andar-1,0.471
2026-08-16T05:45,andar-1,0.460
2026-08-16T06:00,andar-1,0.554
2026-08-16T06:15,andar-1,0.546
2026-08-16T06:30,andar-1,0.639
2026-08-16T06:45,andar-1,0.560
2026-08-16T07:00,andar-1,0.531
2026-08-16T07:15,andar-1,0.604
2026-08-16T07:30,andar-1,0.670
2026-08-16T07:45,andar-1,0.599
2026-08-16T08:00,andar-1,0.629
2026-08-16T08:15,andar-1,0.621
2026-08-16T08:30,andar-1,0.666
2026-08-16T08:45,andar-1,0.579
2026-08-16T09:00,andar-1,0.615
2026-08-16T09:15,andar-1,0.691
2026-08-16T09:30,andar-1,0.605
2026-08-16T09:45,andar-1,0.597
2026-08-16T10:00,andar-1,0.777
2026-08-16T10:15,andar-1,0.901
2026-08-16T10:30,andar-1,0.859
2026-08-16T10:45,andar-1,0.693
2026-08-16T11:00,andar-1,0.724
2026-08-16T11:15,andar-1,0.812
2026-08-16T11:30,andar-1,0.784
2026-08-16T11:45,andar-1,0.811
2026-08-16T12:00,andar-1,0.761
2026-08-16T12:15,andar-1,0.767
2026-08-16T12:30,andar-1,0.773
2026-08-16T12:45,andar-1,0.704
2026-08-16T13:00,andar-1,0.754
2026-08-16T13:15,andar-1,0.803
2026-08-16T13:30,andar-1,0.874
2026-08-16T13:45,andar-1,0.751
2026-08-16T14:00,andar-1,0.660
2026-08-16T14:15,andar-1,0.686
2026-08-16T14:30,andar-1,0.750
2026-08-16T14:45,andar-1,0.620
2026-08-16T15:00,andar-1,0.687
2026-08-16T15:15,andar-1,0.749
2026-08-16T15:30,andar-1,0.768
2026-08-16T15:45,andar-1,0.748
2026-08-16T16:00,andar-1,0.711
2026-08-16T16:15,andar-1,0.797
2026-08-16T16:30,andar-1,0.744
2026-08-16T16:45,andar-1,0.842
2026-08-16T17:00,andar-1,0.844
2026-08-16T17:15,andar-1,0.872
2026-08-16T17:30,andar-1,0.774
2026-08-16T17:45,andar-1,0.747
2026-08-16T18:00,andar-1,0.868
2026-08-16T18:15,andar-1,0.904
2026-08-16T18:30,andar-1,0.767
2026-08-16T18:45,andar-1,0.803
2026-08-16T19:00,andar-1,0.855
2026-08-16T19:15,andar-1,0.733
2026-08-16T19:30,andar-1,0.819
2026-08-16T19:45,andar-1,0.891
2026-08-16T20:00,andar-1,0.985
2026-08-16T20:15,andar-1,0.813
2026-08-16T20:30,andar-1,0.903
2026-08-16T20:45,andar-1,0.773
2026-08-16T21:00,andar-1,0.893
2026-08-16T21:15,andar-1,0.858
2026-08-16T21:30,andar-1,0.752
2026-08-16T21:45,andar-1,0.880
2026-08-16T22:00,andar-1,0.585
2026-08-16T22:15,andar-1,0.552
2026-08-16T22:30,andar-1,0.502
2026-08-16T22:45,andar-1,0.619
2026-08-16T23:00,andar-1,0.564
2026-08-16T23:15,andar-1,0.487
2026-08-16T23:30,andar-1,0.561
2026-08-16T23:45,andar-1,0.509
2026-08-17T00:00,andar-1,2.969
2026-08-17T00:15,andar-1,2.957
2026-08-17T00:30,andar-1,2.979
2026-08-17T00:45,andar-1,2.999
2026-08-17T01:00,andar-1,3.026
2026-08-17T01:15,andar-1,2.998
2026-08-17T01:30,andar-1,3.020
2026-08-17T01:45,andar-1,2.991
2026-08-17T02:00,andar-1,2.924
2026-08-17T02:15,andar-1,2.933
2026-08-17T02:30,andar-1,2.960
2026-08-17T02:45,andar-1,3.015
2026-08-17T03:00,andar-1,2.929
2026-08-17T03:15,andar-1,2.907
2026-08-17T03:30,andar-1,2.937
2026-08-17T03:45,andar-1,2.887
2026-08-17T04:00,andar-1,2.952
2026-08-17T04:15,andar-1,2.965
2026-08-17T04:30,andar-1,3.048
2026-08-17T04:45,andar-1,3.023
2026-08-17T05:00,andar-1,2.881
2026-08-17T05:15,andar-1,2.964
2026-08-17T05:30,andar-1,2.982
2026-08-17T05:45,andar-1,2.892
2026-08-17T06:00,andar-1,3.084
2026-08-17T06:15,andar-1,3.056
2026-08-17T06:30,andar-1,3.066
2026-08-17T06:45,andar-1,3.093
2026-08-17T07:00,andar-1,3.108
2026-08-17T07:15,andar-1,3.146
2026-08-17T07:30,andar-1,3.069
2026-08-17T07:45,andar-1,3.105
2026-08-17T08:00,andar-1,3.071
2026-08-17T08:15,andar-1,3.083
2026-08-17T08:30,andar-1,3.062
2026-08-17T08:45,andar-1,3.163
2026-08-17T09:00,andar-1,3.123
2026-08-17T09:15,andar-1,3.189
2026-08-17T09:30,andar-1,3.060
2026-08-17T09:45,andar-1,3.106
2026-08-17T10:00,andar-1,3.322
2026-08-17T10:15,andar-1,3.129
2026-08-17T10:30,andar-1,3.236
2026-08-17T10:45,andar-1,3.254
2026-08-17T11:00,andar-1,3.293
2026-08-17T11:15,andar-1,3.227
2026-08-17T11:30,andar-1,3.336
2026-08-17T11:45,andar-1,3.292
2026-08-17T12:00,andar-1,3.273
2026-08-17T12:15,andar-1,3.204
2026-08-17T12:30,andar-1,3.136
2026-08-17T12:45,andar-1,3.264
2026-08-17T13:00,andar-1,3.187
2026-08-17T13:15,andar-1,3.318
2026-08-17T13:30,andar-1,3.263
2026-08-17T13:45,andar-1,3.201
2026-08-17T14:00,andar-1,3.288
2026-08-17T14:15,andar-1,3.329
2026-08-17T14:30,andar-1,3.271
2026-08-17T14:45,andar-1,3.277
2026-08-17T15:00,andar-1,3.241
2026-08-17T15:15,andar-1,3.297
2026-08-17T15:30,andar-1,3.278
2026-08-17T15:45,andar-1,3.372
2026-08-17T16:00,andar-1,3.237
2026-08-17T16:15,andar-1,3.206
2026-08-17T16:30,andar-1,3.228
2026-08-17T16:45,andar-1,3.314
2026-08-17T17:00,andar-1,3.250
2026-08-17T17:15,andar-1,3.337
2026-08-17T17:30,andar-1,3.339
2026-08-17T17:45,andar-1,3.284
2026-08-17T18:00,andar-1,3.395
2026-08-17T18:15,andar-1,3.361
2026-08-17T18:30,andar-1,3.403
2026-08-17T18:45,andar-1,3.262
2026-08-17T19:00,andar-1,3.297
2026-08-17T19:15,andar-1,3.351
2026-08-17T19:30,andar-1,3.428
2026-08-17T19:45,andar-1,3.515
2026-08-17T20:00,andar-1,3.370
2026-08-17T20:15,andar-1,3.351
2026-08-17T20:30,andar-1,3.409
2026-08-17T20:45,andar-1,3.508
2026-08-17T21:00,andar-1,3.372
2026-08-17T21:15,andar-1,3.410
2026-08-17T21:30,andar-1,3.413
2026-08-17T21:45,andar-1,3.308
2026-08-17T22:00,andar-1,3.020
2026-08-17T22:15,andar-1,2.990
2026-08-17T22:30,andar-1,3.008
2026-08-17T22:45,andar-1,3.106
2026-08-17T23:00,andar-1,3.033
2026-08-17T23:15,andar-1,3.009
2026-08-17T23:30,andar-1,3.005
2026-08-17T23:45,andar-1,2.956
2026-08-18T00:00,andar-1,2.924
2026-08-18T00:15,andar-1,2.941
2026-08-18T00:30,andar-1,2.975
2026-08-18T00:45,andar-1,2.960
2026-08-18T01:00,andar-1,2.961
2026-08-18T01:15,andar-1,2.975
2026-08-18T01:30,andar-1,2.916
2026-08-18T01:45,andar-1,2.879
2026-08-18T02:00,andar-1,2.993
2026-08-18T02:15,andar-1,2.979
2026-08-18T02:30,andar-1,2.979
2026-08-18T02:45,andar-1,2.995
2026-08-18T03:00,andar-1,3.021
2026-08-18T03:15,andar-1,2.941
2026-08-18T03:30,andar-1,2.971
2026-08-18T03:45,andar-1,2.925
2026-08-18T04:00,andar-1,2.989
2026-08-18T04:15,andar-1,2.927
2026-08-18T04:30,andar-1,2.926
2026-08-18T04:45,andar-1,2.976
2026-08-18T05:00,andar-1,2.980
2026-08-18T05:15,andar-1,2.951
2026-08-18T05:30,andar-1,2.913
2026-08-18T05:45,andar-1,3.008
2026-08-18T06:00,andar-1,3.032
2026-08-18T06:15,andar-1,3.096
2026-08-18T06:30,andar-1,3.131
2026-08-18T06:45,andar-1,3.030
2026-08-18T07:00,andar-1,3.151
2026-08-18T07:15,andar-1,3.104
2026-08-18T07:30,andar-1,3.112
2026-08-18T07:45,andar-1,3.137
2026-08-18T08:00,andar-1,2.993
2026-08-18T08:15,andar-1,3.015
2026-08-18T08:30,andar-1,3.088
2026-08-18T08:45,andar-1,3.077
2026-08-18T09:00,andar-1,3.089
2026-08-18T09:15,andar-1,3.018
2026-08-18T09:30,andar-1,3.028
2026-08-18T09:45,andar-1,3.157
2026-08-18T10:00,andar-1,3.240
2026-08-18T10:15,andar-1,3.406
2026-08-18T10:30,andar-1,3.295
2026-08-18T10:45,andar-1,3.159
2026-08-18T11:00,andar-1,3.336
2026-08-18T11:15,andar-1,3.380
2026-08-18T11:30,andar-1,3.203
2026-08-18T11:45,andar-1,3.137
2026-08-18T12:00,andar-1,3.273
2026-08-18T12:15,andar-1,3.268
2026-08-18T12:30,andar-1,3.135
2026-08-18T12:45,andar-1,3.254
2026-08-18T13:00,andar-1,3.155
2026-08-18T13:15,andar-1,3.305
2026-08-18T13:30,andar-1,3.186
2026-08-18T13:45,andar-1,3.259
2026-08-18T14:00,andar-1,3.229
2026-08-18T14:15,andar-1,3.340
2026-08-18T14:30,andar-1,3.246
2026-08-18T14:45,andar-1,3.224
2026-08-18T15:00,andar-1,3.230
2026-08-18T15:15,andar-1,3.330
2026-08-18T15:30,andar-1,3.042
2026-08-18T15:45,andar-1,3.135
2026-08-18T16:00,andar-1,3.202
2026-08-18T16:15,andar-1,3.285
2026-08-18T16:30,andar-1,3.224
2026-08-18T16:45,andar-1,3.289
2026-08-18T17:00,andar-1,3.252
2026-08-18T17:15,andar-1,3.316
2026-08-18T17:30,andar-1,3.406
2026-08-18T17:45,andar-1,3.395
2026-08-18T18:00,andar-1,3.197
2026-08-18T18:15,andar-1,3.299
2026-08-18T18:30,andar-1,3.425
2026-08-18T18:45,andar-1,3.326
2026-08-18T19:00,andar-1,3.295
2026-08-18T19:15,andar-1,3.378
2026-08-18T19:30,andar-1,3.292
2026-08-18T19:45,andar-1,3.364
2026-08-18T20:00,andar-1,3.259
2026-08-18T20:15,andar-1,3.285
2026-08-18T20:30,andar-1,3.227
2026-08-18T20:45,andar-1,3.344
2026-08-18T21:00,andar-1,3.391
2026-08-18T21:15,andar-1,3.420
2026-08-18T21:30,andar-1,3.269
2026-08-18T21:45,andar-1,3.298
2026-08-18T22:00,andar-1,2.978
2026-08-18T22:15,andar-1,3.079
2026-08-18T22:30,andar-1,2.975
2026-08-18T22:45,andar-1,3.017
2026-08-18T23:00,andar-1,3.004
2026-08-18T23:15,andar-1,2.989
2026-08-18T23:30,andar-1,2.987
2026-08-18T23:45,andar-1,3.009
2026-08-19T00:00,andar-1,2.941
2026-08-19T00:15,andar-1,2.993
2026-08-19T00:30,andar-1,2.947
2026-08-19T00:45,andar-1,2.971
2026-08-19T01:00,andar-1,2.985
2026-08-19T01:15,andar-1,3.053
2026-08-19T01:30,andar-1,2.960
2026-08-19T01:45,andar-1,2.993
2026-08-19T02:00,andar-1,2.938
2026-08-19T02:15,andar-1,2.900
2026-08-19T02:30,andar-1,2.909
2026-08-19T02:45,andar-1,2.958
2026-08-19T03:00,andar-1,3.006
2026-08-19T03:15,andar-1,2.936
2026-08-19T03:30,andar-1,2.957
2026-08-19T03:45,andar-1,2.947
2026-08-19T04:00,andar-1,2.898
2026-08-19T04:15,andar-1,2.984
2026-08-19T04:30,andar-1,3.039
2026-08-19T04:45,andar-1,2.938
2026-08-19T05:00,andar-1,3.025
2026-08-19T05:15,andar-1,2.986
2026-08-19T05:30,andar-1,2.962
2026-08-19T05:45,andar-1,2.980
2026-08-19T06:00,andar-1,3.039
2026-08-19T06:15,andar-1,3.100
2026-08-19T06:30,andar-1,3.102
2026-08-19T06:45,andar-1,3.164
2026-08-19T07:00,andar-1,3.057
2026-08-19T07:15,andar-1,3.110
2026-08-19T07:30,andar-1,3.021
2026-08-19T07:45,andar-1,3.155
2026-08-19T08:00,andar-1,3.116
2026-08-19T08:15,andar-1,3.191
2026-08-19T08:30,andar-1,3.070
2026-08-19T08:45,andar-1,3.047
2026-08-19T09:00,andar-1,3.070
2026-08-19T09:15,andar-1,3.102
2026-08-19T09:30,andar-1,3.046
2026-08-19T09:45,andar-1,3.069
2026-08-19T10:00,andar-1,3.170
2026-08-19T10:15,andar-1,3.259
2026-08-19T10:30,andar-1,3.210
2026-08-19T10:45,andar-1,3.296
2026-08-19T11:00,andar-1,3.238
2026-08-19T11:15,andar-1,3.289
2026-08-19T11:30,andar-1,3.288
2026-08-19T11:45,andar-1,3.101
2026-08-19T12:00,andar-1,3.331
2026-08-19T12:15,andar-1,3.325
2026-08-19T12:30,andar-1,3.151
2026-08-19T12:45,andar-1,3.348
2026-08-19T13:00,andar-1,3.304
2026-08-19T13:15,andar-1,3.213
2026-08-19T13:30,andar-1,3.202
2026-08-19T13:45,andar-1,3.303
2026-08-19T14:00,andar-1,3.210
2026-08-19T14:15,andar-1,3.255
2026-08-19T14:30,andar-1,3.316
2026-08-19T14:45,andar-1,3.260
2026-08-19T15:00,andar-1,3.180
2026-08-19T15:15,andar-1,3.260
2026-08-19T15:30,andar-1,3.229
2026-08-19T15:45,andar-1,3.214
2026-08-19T16:00,andar-1,3.239
2026-08-19T16:15,andar-1,3.139
2026-08-19T16:30,andar-1,3.322
2026-08-19T16:45,andar-1,3.206
2026-08-19T17:00,andar-1,3.387
2026-08-19T17:15,andar-1,3.411
2026-08-19T17:30,andar-1,3.421
2026-08-19T17:45,andar-1,3.332
2026-08-19T18:00,andar-1,3.384
2026-08-19T18:15,andar-1,3.415
2026-08-19T18:30,andar-1,3.322
2026-08-19T18:45,andar-1,3.241
2026-08-19T19:00,andar-1,3.400
2026-08-19T19:15,andar-1,3.333
2026-08-19T19:30,andar-1,3.320
2026-08-19T19:45,andar-1,3.398
2026-08-19T20:00,andar-1,3.253
2026-08-19T20:15,andar-1,3.275
2026-08-19T20:30,andar-1,3.258
2026-08-19T20:45,andar-1,3.412
2026-08-19T21:00,andar-1,3.270
2026-08-19T21:15,andar-1,3.248
2026-08-19T21:30,andar-1,3.437
2026-08-19T21:45,andar-1,3.329
2026-08-19T22:00,andar-1,2.931
2026-08-19T22:15,andar-1,2.998
2026-08-19T22:30,andar-1,3.027
2026-08-19T22:45,andar-1,2.999
2026-08-19T23:00,andar-1,2.931
2026-08-19T23:15,andar-1,2.984
2026-08-19T23:30,andar-1,3.073
2026-08-19T23:45,andar-1,2.950
2026-08-20T00:00,andar-1,2.902
2026-08-20T00:15,andar-1,2.970
2026-08-20T00:30,andar-1,2.919
2026-08-20T00:45,andar-1,2.937
2026-08-20T01:00,andar-1,2.892
2026-08-20T01:15,andar-1,2.886
2026-08-20T01:30,andar-1,2.964
2026-08-20T01:45,andar-1,2.924
2026-08-20T02:00,andar-1,2.975
2026-08-20T02:15,andar-1,2.912
2026-08-20T02:30,andar-1,2.922
2026-08-20T02:45,andar-1,2.962
2026-08-20T03:00,andar-1,2.987
2026-08-20T03:15,andar-1,2.885
2026-08-20T03:30,andar-1,2.959
2026-08-20T03:45,andar-1,2.969
2026-08-20T04:00,andar-1,3.036
2026-08-20T04:15,andar-1,2.965
2026-08-20T04:30,andar-1,2.837
2026-08-20T04:45,andar-1,2.952
2026-08-20T05:00,andar-1,2.893
2026-08-20T05:15,andar-1,2.958
2026-08-20T05:30,andar-1,2.944
2026-08-20T05:45,andar-1,2.970
2026-08-20T06:00,andar-1,3.067
2026-08-20T06:15,andar-1,3.139
2026-08-20T06:30,andar-1,3.216
2026-08-20T06:45,andar-1,3.105
2026-08-20T07:00,andar-1,3.111
2026-08-20T07:15,andar-1,2.991
2026-08-20T07:30,andar-1,3.133
2026-08-20T07:45,andar-1,3.094
2026-08-20T08:00,andar-1,3.062
2026-08-20T08:15,andar-1,3.126
2026-08-20T08:30,andar-1,3.048
2026-08-20T08:45,andar-1,3.194
2026-08-20T09:00,andar-1,3.124
2026-08-20T09:15,andar-1,3.164
2026-08-20T09:30,andar-1,3.115
2026-08-20T09:45,andar-1,3.165
2026-08-20T10:00,andar-1,3.226
2026-08-20T10:15,andar-1,3.260
2026-08-20T10:30,andar-1,3.440
2026-08-20T10:45,andar-1,3.173
2026-08-20T11:00,andar-1,3.230
2026-08-20T11:15,andar-1,3.241
2026-08-20T11:30,andar-1,3.349
2026-08-20T11:45,andar-1,3.290
2026-08-20T12:00,andar-1,3.236
2026-08-20T12:15,andar-1,3.273
2026-08-20T12:30,andar-1,3.119
2026-08-20T12:45,andar-1,3.284
2026-08-20T13:00,andar-1,3.253
2026-08-20T13:15,andar-1,3.261
2026-08-20T13:30,andar-1,3.237
2026-08-20T13:45,andar-1,3.346
2026-08-20T14:00,andar-1,3.231
2026-08-20T14:15,andar-1,3.351
2026-08-20T14:30,andar-1,3.204
2026-08-20T14:45,andar-1,3.288
2026-08-20T15:00,andar-1,3.161
2026-08-20T15:15,andar-1,3.366
2026-08-20T15:30,andar-1,3.211
2026-08-20T15:45,andar-1,3.239
2026-08-20T16:00,andar-1,3.195
2026-08-20T16:15,andar-1,3.189
2026-08-20T16:30,andar-1,3.347
2026-08-20T16:45,andar-1,3.375
2026-08-20T17:00,andar-1,3.410
2026-08-20T17:15,andar-1,3.312
2026-08-20T17:30,andar-1,3.337
2026-08-20T17:45,andar-1,3.499
2026-08-20T18:00,andar-1,3.339
2026-08-20T18:15,andar-1,3.459
2026-08-20T18:30,andar-1,3.263
2026-08-20T18:45,andar-1,3.424
2026-08-20T19:00,andar-1,3.325
2026-08-20T19:15,andar-1,3.258
2026-08-20T19:30,andar-1,3.475
2026-08-20T19:45,andar-1,3.399
2026-08-20T20:00,andar-1,3.308
2026-08-20T20:15,andar-1,3.364
2026-08-20T20:30,andar-1,3.430
2026-08-20T20:45,andar-1,3.363
2026-08-20T21:00,andar-1,3.393
2026-08-20T21:15,andar-1,3.275
2026-08-20T21:30,andar-1,3.460
2026-08-20T21:45,andar-1,3.512
2026-08-20T22:00,andar-1,2.964
2026-08-20T22:15,andar-1,2.970
2026-08-20T22:30,andar-1,2.926
2026-08-20T22:45,andar-1,2.997
2026-08-20T23:00,andar-1,3.012
2026-08-20T23:15,andar-1,3.041
2026-08-20T23:30,andar-1,3.009
2026-08-20T23:45,andar-1,2.974
2026-08-21T00:00,andar-1,2.939
2026-08-21T00:15,andar-1,2.989
2026-08-21T00:30,andar-1,2.964
2026-08-21T00:45,andar-1,3.023
2026-08-21T01:00,andar-1,2.880
2026-08-21T01:15,andar-1,2.918
2026-08-21T01:30,andar-1,2.900
2026-08-21T01:45,andar-1,2.919
2026-08-21T02:00,andar-1,2.938
2026-08-21T02:15,andar-1,2.996
2026-08-21T02:30,andar-1,3.033
2026-08-21T02:45,andar-1,2.981
2026-08-21T03:00,andar-1,2.945
2026-08-21T03:15,andar-1,2.866
2026-08-21T03:30,andar-1,2.945
2026-08-21T03:45,andar-1,2.979
2026-08-21T04:00,andar-1,2.895
2026-08-21T04:15,andar-1,2.935
2026-08-21T04:30,andar-1,2.995
2026-08-21T04:45,andar-1,2.952
2026-08-21T05:00,andar-1,2.895
2026-08-21T05:15,andar-1,2.916
2026-08-21T05:30,andar-1,2.944
2026-08-21T05:45,andar-1,2.991
2026-08-21T06:00,andar-1,3.157
2026-08-21T06:15,andar-1,3.128
2026-08-21T06:30,andar-1,3.084
2026-08-21T06:45,andar-1,3.136
2026-08-21T07:00,andar-1,3.051
2026-08-21T07:15,andar-1,3.151
2026-08-21T07:30,andar-1,3.092
2026-08-21T07:45,andar-1,3.073
2026-08-21T08:00,andar-1,3.092
2026-08-21T08:15,andar-1,3.068
2026-08-21T08:30,andar-1,3.140
2026-08-21T08:45,andar-1,3.177
2026-08-21T09:00,andar-1,3.176
2026-08-21T09:15,andar-1,3.166
2026-08-21T09:30,andar-1,3.195
2026-08-21T09:45,andar-1,3.071
2026-08-21T10:00,andar-1,3.185
2026-08-21T10:15,andar-1,3.279
2026-08-21T10:30,andar-1,3.359
2026-08-21T10:45,andar-1,3.242
2026-08-21T11:00,andar-1,3.181
2026-08-21T11:15,andar-1,3.180
2026-08-21T11:30,andar-1,3.258
2026-08-21T11:45,andar-1,3.286
2026-08-21T12:00,andar-1,3.155
2026-08-21T12:15,andar-1,3.228
2026-08-21T12:30,andar-1,3.309
2026-08-21T12:45,andar-1,3.209
2026-08-21T13:00,andar-1,3.285
2026-08-21T13:15,andar-1,3.214
2026-08-21T13:30,andar-1,3.273
2026-08-21T13:45,andar-1,3.263
2026-08-21T14:00,andar-1,3.287
2026-08-21T14:15,andar-1,3.254
2026-08-21T14:30,andar-1,3.262
2026-08-21T14:45,andar-1,3.142
2026-08-21T15:00,andar-1,3.288
2026-08-21T15:15,andar-1,3.349
2026-08-21T15:30,andar-1,3.334
2026-08-21T15:45,andar-1,3.351
2026-08-21T16:00,andar-1,3.282
2026-08-21T16:15,andar-1,3.205
2026-08-21T16:30,andar-1,3.314
2026-08-21T16:45,andar-1,3.209
2026-08-21T17:00,andar-1,3.316
2026-08-21T17:15,andar-1,3.367
2026-08-21T17:30,andar-1,3.348
2026-08-21T17:45,andar-1,3.267
2026-08-21T18:00,andar-1,3.367
2026-08-21T18:15,andar-1,3.381
2026-08-21T18:30,andar-1,3.345
2026-08-21T18:45,andar-1,3.202
2026-08-21T19:00,andar-1,3.403
2026-08-21T19:15,andar-1,3.353
2026-08-21T19:30,andar-1,3.349
2026-08-21T19:45,andar-1,3.204
2026-08-21T20:00,andar-1,3.389
2026-08-21T20:15,andar-1,3.271
2026-08-21T20:30,andar-1,3.274
2026-08-21T20:45,andar-1,3.488
2026-08-21T21:00,andar-1,3.365
2026-08-21T21:15,andar-1,3.473
2026-08-21T21:30,andar-1,3.358
2026-08-21T21:45,andar-1,3.368
2026-08-21T22:00,andar-1,3.079
2026-08-21T22:15,andar-1,2.986
2026-08-21T22:30,andar-1,3.016
2026-08-21T22:45,andar-1,3.008
2026-08-21T23:00,andar-1,2.993
2026-08-21T23:15,andar-1,2.840
2026-08-21T23:30,andar-1,2.888
2026-08-21T23:45,andar-1,3.019
2026-08-22T00:00,andar-1,2.916
2026-08-22T00:15,andar-1,2.909
2026-08-22T00:30,andar-1,2.868
2026-08-22T00:45,andar-1,2.865
2026-08-22T01:00,andar-1,2.894
2026-08-22T01:15,andar-1,2.883
2026-08-22T01:30,andar-1,2.920
2026-08-22T01:45,andar-1,2.866
2026-08-22T02:00,andar-1,2.869
2026-08-22T02:15,andar-1,2.903
2026-08-22T02:30,andar-1,2.879
2026-08-22T02:45,andar-1,2.924
2026-08-22T03:00,andar-1,2.897
2026-08-22T03:15,andar-1,2.848
2026-08-22T03:30,andar-1,2.852
2026-08-22T03:45,andar-1,2.918
2026-08-22T04:00,andar-1,2.882
2026-08-22T04:15,andar-1,2.895
2026-08-22T04:30,andar-1,2.838
2026-08-22T04:45,andar-1,2.916
2026-08-22T05:00,andar-1,2.861
2026-08-22T05:15,andar-1,2.862
2026-08-22T05:30,andar-1,2.945
2026-08-22T05:45,andar-1,2.843
2026-08-22T06:00,andar-1,3.040
2026-08-22T06:15,andar-1,3.047
2026-08-22T06:30,andar-1,3.146
2026-08-22T06:45,andar-1,3.047
2026-08-22T07:00,andar-1,3.014
2026-08-22T07:15,andar-1,3.066
2026-08-22T07:30,andar-1,3.056
2026-08-22T07:45,andar-1,3.033
2026-08-22T08:00,andar-1,3.082
2026-08-22T08:15,andar-1,3.052
2026-08-22T08:30,andar-1,2.935
2026-08-22T08:45,andar-1,3.017
2026-08-22T09:00,andar-1,3.052
2026-08-22T09:15,andar-1,3.092
2026-08-22T09:30,andar-1,2.938
2026-08-22T09:45,andar-1,3.032
2026-08-22T10:00,andar-1,3.318
2026-08-22T10:15,andar-1,3.073
2026-08-22T10:30,andar-1,3.165
2026-08-22T10:45,andar-1,3.129
2026-08-22T11:00,andar-1,3.195
2026-08-22T11:15,andar-1,3.169
2026-08-22T11:30,andar-1,3.141
2026-08-22T11:45,andar-1,3.133
2026-08-22T12:00,andar-1,3.257
2026-08-22T12:15,andar-1,3.157
2026-08-22T12:30,andar-1,3.218
2026-08-22T12:45,andar-1,3.177
2026-08-22T13:00,andar-1,3.124
2026-08-22T13:15,andar-1,3.167
2026-08-22T13:30,andar-1,3.112
2026-08-22T13:45,andar-1,3.064
2026-08-22T14:00,andar-1,3.055
2026-08-22T14:15,andar-1,3.146
2026-08-22T14:30,andar-1,3.179
2026-08-22T14:45,andar-1,3.156
2026-08-22T15:00,andar-1,3.100
2026-08-22T15:15,andar-1,3.076
2026-08-22T15:30,andar-1,3.101
2026-08-22T15:45,andar-1,3.200
2026-08-22T16:00,andar-1,3.187
2026-08-22T16:15,andar-1,3.154
2026-08-22T16:30,andar-1,3.147
2026-08-22T16:45,andar-1,3.185
2026-08-22T17:00,andar-1,3.360
2026-08-22T17:15,andar-1,3.166
2026-08-22T17:30,andar-1,3.270
2026-08-22T17:45,andar-1,3.303
2026-08-22T18:00,andar-1,3.147
2026-08-22T18:15,andar-1,3.282
2026-08-22T18:30,andar-1,3.271
2026-08-22T18:45,andar-1,3.283
2026-08-22T19:00,andar-1,3.175
2026-08-22T19:15,andar-1,3.141
2026-08-22T19:30,andar-1,3.298
2026-08-22T19:45,andar-1,3.283
2026-08-22T20:00,andar-1,3.183
2026-08-22T20:15,andar-1,3.127
2026-08-22T20:30,andar-1,3.197
2026-08-22T20:45,andar-1,3.249
2026-08-22T21:00,andar-1,3.296
2026-08-22T21:15,andar-1,3.146
2026-08-22T21:30,andar-1,3.212
2026-08-22T21:45,andar-1,3.189
2026-08-22T22:00,andar-1,2.973
2026-08-22T22:15,andar-1,2.893
2026-08-22T22:30,andar-1,2.964
2026-08-22T22:45,andar-1,3.002
2026-08-22T23:00,andar-1,2.979
2026-08-22T23:15,andar-1,2.941
2026-08-22T23:30,andar-1,2.883
2026-08-22T23:45,andar-1,2.924
2026-08-23T00:00,andar-1,2.907
2026-08-23T00:15,andar-1,2.884
2026-08-23T00:30,andar-1,2.918
2026-08-23T00:45,andar-1,2.942
2026-08-23T01:00,andar-1,2.875
2026-08-23T01:15,andar-1,2.941
2026-08-23T01:30,andar-1,2.855
2026-08-23T01:45,andar-1,2.866
2026-08-23T02:00,andar-1,2.826
2026-08-23T02:15,andar-1,2.856
2026-08-23T02:30,andar-1,2.867
2026-08-23T02:45,andar-1,2.936
2026-08-23T03:00,andar-1,2.933
2026-08-23T03:15,andar-1,2.899
2026-08-23T03:30,andar-1,2.924
2026-08-23T03:45,andar-1,2.851
2026-08-23T04:00,andar-1,2.929
2026-08-23T04:15,andar-1,2.880
2026-08-23T04:30,andar-1,3.000
2026-08-23T04:45,andar-1,2.878
2026-08-23T05:00,andar-1,2.862
2026-08-23T05:15,andar-1,2.896
2026-08-23T05:30,andar-1,2.817
2026-08-23T05:45,andar-1,2.963
2026-08-23T06:00,andar-1,3.006
2026-08-23T06:15,andar-1,3.031
2026-08-23T06:30,andar-1,3.004
2026-08-23T06:45,andar-1,3.037
2026-08-23T07:00,andar-1,2.983
2026-08-23T07:15,andar-1,3.031
2026-08-23T07:30,andar-1,3.077
2026-08-23T07:45,andar-1,3.017
2026-08-23T08:00,andar-1,3.057
2026-08-23T08:15,andar-1,2.994
2026-08-23T08:30,andar-1,3.051
2026-08-23T08:45,andar-1,3.113
2026-08-23T09:00,andar-1,3.074
2026-08-23T09:15,andar-1,2.999
2026-08-23T09:30,andar-1,3.055
2026-08-23T09:45,andar-1,2.920
2026-08-23T10:00,andar-1,3.192
2026-08-23T10:15,andar-1,3.059
2026-08-23T10:30,andar-1,3.118
2026-08-23T10:45,andar-1,3.122
2026-08-23T11:00,andar-1,3.227
2026-08-23T11:15,andar-1,3.147
2026-08-23T11:30,andar-1,3.151
2026-08-23T11:45,andar-1,3.256
2026-08-23T12:00,andar-1,3.174
2026-08-23T12:15,andar-1,3.191
2026-08-23T12:30,andar-1,3.078
2026-08-23T12:45,andar-1,3.232
2026-08-23T13:00,andar-1,3.102
2026-08-23T13:15,andar-1,3.081
2026-08-23T13:30,andar-1,3.153
2026-08-23T13:45,andar-1,3.155
2026-08-23T14:00,andar-1,3.145
2026-08-23T14:15,andar-1,3.132
2026-08-23T14:30,andar-1,3.098
2026-08-23T14:45,andar-1,3.198
2026-08-23T15:00,andar-1,3.209
2026-08-23T15:15,andar-1,3.099
2026-08-23T15:30,andar-1,3.221
2026-08-23T15:45,andar-1,3.177
2026-08-23T16:00,andar-1,3.172
2026-08-23T16:15,andar-1,3.128
2026-08-23T16:30,andar-1,3.116
2026-08-23T16:45,andar-1,3.075
2026-08-23T17:00,andar-1,3.219
2026-08-23T17:15,andar-1,3.389
2026-08-23T17:30,andar-1,3.226
2026-08-23T17:45,andar-1,3.408
2026-08-23T18:00,andar-1,3.280
2026-08-23T18:15,andar-1,3.406
2026-08-23T18:30,andar-1,3.211
2026-08-23T18:45,andar-1,3.275
2026-08-23T19:00,andar-1,3.192
2026-08-23T19:15,andar-1,3.312
2026-08-23T19:30,andar-1,3.267
2026-08-23T19:45,andar-1,3.145
2026-08-23T20:00,andar-1,3.301
2026-08-23T20:15,andar-1,3.197
2026-08-23T20:30,andar-1,3.301
2026-08-23T20:45,andar-1,3.239
2026-08-23T21:00,andar-1,3.237
2026-08-23T21:15,andar-1,3.268
2026-08-23T21:30,andar-1,3.244
2026-08-23T21:45,andar-1,3.337
2026-08-23T22:00,andar-1,2.916
2026-08-23T22:15,andar-1,2.921
2026-08-23T22:30,andar-1,3.016
2026-08-23T22:45,andar-1,2.891
2026-08-23T23:00,andar-1,2.862
2026-08-23T23:15,andar-1,2.940
2026-08-23T23:30,andar-1,2.870
2026-08-23T23:45,andar-1,2.957
2026-08-24T00:00,andar-1,2.967
2026-08-24T00:15,andar-1,3.053
2026-08-24T00:30,andar-1,3.006
2026-08-24T00:45,andar-1,2.956
2026-08-24T01:00,andar-1,2.899
2026-08-24T01:15,andar-1,3.062
2026-08-24T01:30,andar-1,2.936
2026-08-24T01:45,andar-1,3.056
2026-08-24T02:00,andar-1,2.863
2026-08-24T02:15,andar-1,2.974
2026-08-24T02:30,andar-1,2.967
2026-08-24T02:45,andar-1,2.988
2026-08-24T03:00,andar-1,2.914
2026-08-24T03:15,andar-1,2.942
2026-08-24T03:30,andar-1,3.030
2026-08-24T03:45,andar-1,2.991
2026-08-24T04:00,andar-1,2.947
2026-08-24T04:15,andar-1,2.972
2026-08-24T04:30,andar-1,2.832
2026-08-24T04:45,andar-1,2.979
2026-08-24T05:00,andar-1,2.943
2026-08-24T05:15,andar-1,2.914
2026-08-24T05:30,andar-1,2.912
2026-08-24T05:45,andar-1,3.020
2026-08-24T06:00,andar-1,3.038
2026-08-24T06:15,andar-1,3.143
2026-08-24T06:30,andar-1,3.019
2026-08-24T06:45,andar-1,3.089
2026-08-24T07:00,andar-1,3.120
2026-08-24T07:15,andar-1,3.054
2026-08-24T07:30,andar-1,3.101
2026-08-24T07:45,andar-1,3.142
2026-08-24T08:00,andar-1,3.075
2026-08-24T08:15,andar-1,3.085
2026-08-24T08:30,andar-1,3.126
2026-08-24T08:45,andar-1,3.108
2026-08-24T09:00,andar-1,3.155
2026-08-24T09:15,andar-1,3.118
2026-08-24T09:30,andar-1,3.167
2026-08-24T09:45,andar-1,3.149
2026-08-24T10:00,andar-1,3.313
2026-08-24T10:15,andar-1,3.234
2026-08-24T10:30,andar-1,3.172
2026-08-24T10:45,andar-1,3.254
2026-08-24T11:00,andar-1,3.324
2026-08-24T11:15,andar-1,3.386
2026-08-24T11:30,andar-1,3.130
2026-08-24T11:45,andar-1,3.291
2026-08-24T12:00,andar-1,3.239
2026-08-24T12:15,andar-1,3.269
2026-08-24T12:30,andar-1,3.174
2026-08-24T12:45,andar-1,3.181
2026-08-24T13:00,andar-1,3.160
2026-08-24T13:15,andar-1,3.240
2026-08-24T13:30,andar-1,3.241
2026-08-24T13:45,andar-1,3.274
2026-08-24T14:00,andar-1,3.228
2026-08-24T14:15,andar-1,3.222
2026-08-24T14:30,andar-1,3.284
2026-08-24T14:45,andar-1,3.322
2026-08-24T15:00,andar-1,3.376
2026-08-24T15:15,andar-1,3.216
2026-08-24T15:30,andar-1,3.322
2026-08-24T15:45,andar-1,3.183
2026-08-24T16:00,andar-1,3.276
2026-08-24T16:15,andar-1,3.282
2026-08-24T16:30,andar-1,3.266
2026-08-24T16:45,andar-1,3.229
2026-08-24T17:00,andar-1,3.214
2026-08-24T17:15,andar-1,3.350
2026-08-24T17:30,andar-1,3.388
2026-08-24T17:45,andar-1,3.413
2026-08-24T18:00,andar-1,3.371
2026-08-24T18:15,andar-1,3.362
2026-08-24T18:30,andar-1,3.358
2026-08-24T18:45,andar-1,3.398
2026-08-24T19:00,andar-1,3.319
2026-08-24T19:15,andar-1,3.362
2026-08-24T19:30,andar-1,3.358
2026-08-24T19:45,andar-1,3.450
2026-08-24T20:00,andar-1,3.459
2026-08-24T20:15,andar-1,3.366
2026-08-24T20:30,andar-1,3.283
2026-08-24T20:45,andar-1,3.321
2026-08-24T21:00,andar-1,3.249
2026-08-24T21:15,andar-1,3.278
2026-08-24T21:30,andar-1,3.385
2026-08-24T21:45,andar-1,3.433
2026-08-24T22:00,andar-1,2.940
2026-08-24T22:15,andar-1,2.919
2026-08-24T22:30,andar-1,2.996
2026-08-24T22:45,andar-1,3.007
2026-08-24T23:00,andar-1,2.939
2026-08-24T23:15,andar-1,2.934
2026-08-24T23:30,andar-1,3.076
2026-08-24T23:45,andar-1,2.987
2026-08-25T00:00,andar-1,2.988
2026-08-25T00:15,andar-1,2.901
2026-08-25T00:30,andar-1,2.953
2026-08-25T00:45,andar-1,3.007
2026-08-25T01:00,andar-1,2.929
2026-08-25T01:15,andar-1,2.916
2026-08-25T01:30,andar-1,2.890
2026-08-25T01:45,andar-1,2.908
2026-08-25T02:00,andar-1,2.944
2026-08-25T02:15,andar-1,2.929
2026-08-25T02:30,andar-1,2.929
2026-08-25T02:45,andar-1,2.962
2026-08-25T03:00,andar-1,2.860
2026-08-25T03:15,andar-1,2.906
2026-08-25T03:30,andar-1,2.963
2026-08-25T03:45,andar-1,2.947
2026-08-25T04:00,andar-1,2.898
2026-08-25T04:15,andar-1,2.984
2026-08-25T04:30,andar-1,2.923
2026-08-25T04:45,andar-1,3.027
2026-08-25T05:00,andar-1,2.958
2026-08-25T05:15,andar-1,2.934
2026-08-25T05:30,andar-1,2.873
2026-08-25T05:45,andar-1,2.933
2026-08-25T06:00,andar-1,3.158
2026-08-25T06:15,andar-1,3.080
2026-08-25T06:30,andar-1,3.050
2026-08-25T06:45,andar-1,3.159
2026-08-25T07:00,andar-1,2.970
2026-08-25T07:15,andar-1,3.155
2026-08-25T07:30,andar-1,3.023
2026-08-25T07:45,andar-1,3.045
2026-08-25T08:00,andar-1,3.137
2026-08-25T08:15,andar-1,3.070
2026-08-25T08:30,andar-1,3.133
2026-08-25T08:45,andar-1,3.031
2026-08-25T09:00,andar-1,3.034
2026-08-25T09:15,andar-1,2.990
2026-08-25T09:30,andar-1,3.006
2026-08-25T09:45,andar-1,3.195
2026-08-25T10:00,andar-1,3.217
2026-08-25T10:15,andar-1,3.218
2026-08-25T10:30,andar-1,3.154
2026-08-25T10:45,andar-1,3.309
2026-08-25T11:00,andar-1,3.245
2026-08-25T11:15,andar-1,3.226
2026-08-25T11:30,andar-1,3.257
2026-08-25T11:45,andar-1,3.331
2026-08-25T12:00,andar-1,3.180
2026-08-25T12:15,andar-1,3.190
2026-08-25T12:30,andar-1,3.281
2026-08-25T12:45,andar-1,3.253
2026-08-25T13:00,andar-1,3.231
2026-08-25T13:15,andar-1,3.193
2026-08-25T13:30,andar-1,3.228
2026-08-25T13:45,andar-1,3.104
2026-08-25T14:00,andar-1,3.264
2026-08-25T14:15,andar-1,3.259
2026-08-25T14:30,andar-1,3.324
2026-08-25T14:45,andar-1,3.302
2026-08-25T15:00,andar-1,3.157
2026-08-25T15:15,andar-1,3.188
2026-08-25T15:30,andar-1,3.196
2026-08-25T15:45,andar-1,3.349
2026-08-25T16:00,andar-1,3.227
2026-08-25T16:15,andar-1,3.331
2026-08-25T16:30,andar-1,3.198
2026-08-25T16:45,andar-1,3.316
2026-08-25T17:00,andar-1,3.422
2026-08-25T17:15,andar-1,3.392
2026-08-25T17:30,andar-1,3.448
2026-08-25T17:45,andar-1,3.440
2026-08-25T18:00,andar-1,3.199
2026-08-25T18:15,andar-1,3.371
2026-08-25T18:30,andar-1,3.300
2026-08-25T18:45,andar-1,3.264
2026-08-25T19:00,andar-1,3.339
2026-08-25T19:15,andar-1,3.377
2026-08-25T19:30,andar-1,3.254
2026-08-25T19:45,andar-1,3.405
2026-08-25T20:00,andar-1,3.417
2026-08-25T20:15,andar-1,3.479
2026-08-25T20:30,andar-1,3.291
2026-08-25T20:45,andar-1,3.487
2026-08-25T21:00,andar-1,3.383
2026-08-25T21:15,andar-1,3.391
2026-08-25T21:30,andar-1,3.437
2026-08-25T21:45,andar-1,3.380
2026-08-25T22:00,andar-1,3.077
2026-08-25T22:15,andar-1,2.946
2026-08-25T22:30,andar-1,2.917
2026-08-25T22:45,andar-1,2.935
2026-08-25T23:00,andar-1,3.028
2026-08-25T23:15,andar-1,3.022
2026-08-25T23:30,andar-1,2.966
2026-08-25T23:45,andar-1,2.991
2026-08-26T00:00,andar-1,2.985
2026-08-26T00:15,andar-1,2.949
2026-08-26T00:30,andar-1,2.984
2026-08-26T00:45,andar-1,2.963
2026-08-26T01:00,andar-1,2.973
2026-08-26T01:15,andar-1,2.966
2026-08-26T01:30,andar-1,2.890
2026-08-26T01:45,andar-1,3.002
2026-08-26T02:00,andar-1,3.001
2026-08-26T02:15,andar-1,3.001
2026-08-26T02:30,andar-1,3.074
2026-08-26T02:45,andar-1,2.972
2026-08-26T03:00,andar-1,2.953
2026-08-26T03:15,andar-1,2.937
2026-08-26T03:30,andar-1,2.900
2026-08-26T03:45,andar-1,2.813
2026-08-26T04:00,andar-1,2.954
2026-08-26T04:15,andar-1,2.995
2026-08-26T04:30,andar-1,3.030
2026-08-26T04:45,andar-1,2.926
2026-08-26T05:00,andar-1,2.961
2026-08-26T05:15,andar-1,2.927
2026-08-26T05:30,andar-1,2.938
2026-08-26T05:45,andar-1,2.974
2026-08-26T06:00,andar-1,3.113
2026-08-26T06:15,andar-1,3.081
2026-08-26T06:30,andar-1,3.086
2026-08-26T06:45,andar-1,3.111
2026-08-26T07:00,andar-1,3.173
2026-08-26T07:15,andar-1,3.124
2026-08-26T07:30,andar-1,3.078
2026-08-26T07:45,andar-1,3.002
2026-08-26T08:00,andar-1,3.088
2026-08-26T08:15,andar-1,3.100
2026-08-26T08:30,andar-1,3.145
2026-08-26T08:45,andar-1,3.101
2026-08-26T09:00,andar-1,3.160
2026-08-26T09:15,andar-1,3.067
2026-08-26T09:30,andar-1,3.198
2026-08-26T09:45,andar-1,3.108
2026-08-26T10:00,andar-1,3.227
2026-08-26T10:15,andar-1,3.222
2026-08-26T10:30,andar-1,3.138
2026-08-26T10:45,andar-1,3.267
2026-08-26T11:00,andar-1,3.294
2026-08-26T11:15,andar-1,3.234
2026-08-26T11:30,andar-1,3.286
2026-08-26T11:45,andar-1,3.284
2026-08-26T12:00,andar-1,3.253
2026-08-26T12:15,andar-1,3.268
2026-08-26T12:30,andar-1,3.097
2026-08-26T12:45,andar-1,3.252
2026-08-26T13:00,andar-1,3.217
2026-08-26T13:15,andar-1,3.168
2026-08-26T13:30,andar-1,3.378
2026-08-26T13:45,andar-1,3.211
2026-08-26T14:00,andar-1,3.296
2026-08-26T14:15,andar-1,3.232
2026-08-26T14:30,andar-1,3.282
2026-08-26T14:45,andar-1,3.367
2026-08-26T15:00,andar-1,3.270
2026-08-26T15:15,andar-1,3.176
2026-08-26T15:30,andar-1,3.259
2026-08-26T15:45,andar-1,3.251
2026-08-26T16:00,andar-1,3.191
2026-08-26T16:15,andar-1,3.289
2026-08-26T16:30,andar-1,3.302
2026-08-26T16:45,andar-1,3.347
2026-08-26T17:00,andar-1,3.326
2026-08-26T17:15,andar-1,3.423
2026-08-26T17:30,andar-1,3.299
2026-08-26T17:45,andar-1,3.330
2026-08-26T18:00,andar-1,3.362
2026-08-26T18:15,andar-1,3.413
2026-08-26T18:30,andar-1,3.322
2026-08-26T18:45,andar-1,3.295
2026-08-26T19:00,andar-1,3.348
2026-08-26T19:15,andar-1,3.281
2026-08-26T19:30,andar-1,3.354
2026-08-26T19:45,andar-1,3.231
2026-08-26T20:00,andar-1,3.291
2026-08-26T20:15,andar-1,3.450
2026-08-26T20:30,andar-1,3.309
2026-08-26T20:45,andar-1,3.305
2026-08-26T21:00,andar-1,3.094
2026-08-26T21:15,andar-1,3.257
2026-08-26T21:30,andar-1,3.434
2026-08-26T21:45,andar-1,3.409
2026-08-26T22:00,andar-1,2.992
2026-08-26T22:15,andar-1,3.008
2026-08-26T22:30,andar-1,2.932
2026-08-26T22:45,andar-1,3.052
2026-08-26T23:00,andar-1,3.026
2026-08-26T23:15,andar-1,2.948
2026-08-26T23:30,andar-1,3.017
2026-08-26T23:45,andar-1,3.018
2026-08-27T00:00,andar-1,2.916
2026-08-27T00:15,andar-1,2.917
2026-08-27T00:30,andar-1,2.963
2026-08-27T00:45,andar-1,2.987
2026-08-27T01:00,andar-1,2.966
2026-08-27T01:15,andar-1,2.903
2026-08-27T01:30,andar-1,2.992
2026-08-27T01:45,andar-1,2.921
2026-08-27T02:00,andar-1,2.902
2026-08-27T02:15,andar-1,2.952
2026-08-27T02:30,andar-1,2.925
2026-08-27T02:45,andar-1,3.020
2026-08-27T03:00,andar-1,2.894
2026-08-27T03:15,andar-1,2.898
2026-08-27T03:30,andar-1,2.899
2026-08-27T03:45,andar-1,2.994
2026-08-27T04:00,andar-1,2.947
2026-08-27T04:15,andar-1,3.007
2026-08-27T04:30,andar-1,2.898
2026-08-27T04:45,andar-1,2.924
2026-08-27T05:00,andar-1,2.938
2026-08-27T05:15,andar-1,2.935
2026-08-27T05:30,andar-1,2.952
2026-08-27T05:45,andar-1,3.008
2026-08-27T06:00,andar-1,3.066
2026-08-27T06:15,andar-1,3.171
2026-08-27T06:30,andar-1,3.136
2026-08-27T06:45,andar-1,3.075
2026-08-27T07:00,andar-1,3.089
2026-08-27T07:15,andar-1,3.156
2026-08-27T07:30,andar-1,3.140
2026-08-27T07:45,andar-1,3.073
2026-08-27T08:00,andar-1,3.091
2026-08-27T08:15,andar-1,3.016
2026-08-27T08:30,andar-1,3.028
2026-08-27T08:45,andar-1,3.005
2026-08-27T09:00,andar-1,3.139
2026-08-27T09:15,andar-1,3.170
2026-08-27T09:30,andar-1,3.090
2026-08-27T09:45,andar-1,3.061
2026-08-27T10:00,andar-1,3.302
2026-08-27T10:15,andar-1,3.173
2026-08-27T10:30,andar-1,3.237
2026-08-27T10:45,andar-1,3.341
2026-08-27T11:00,andar-1,3.195
2026-08-27T11:15,andar-1,3.336
2026-08-27T11:30,andar-1,3.312
2026-08-27T11:45,andar-1,3.333
2026-08-27T12:00,andar-1,3.283
2026-08-27T12:15,andar-1,3.206
2026-08-27T12:30,andar-1,3.213
2026-08-27T12:45,andar-1,3.191
2026-08-27T13:00,andar-1,3.308
2026-08-27T13:15,andar-1,3.240
2026-08-27T13:30,andar-1,3.235
2026-08-27T13:45,andar-1,3.309
2026-08-27T14:00,andar-1,3.352
2026-08-27T14:15,andar-1,3.215
2026-08-27T14:30,andar-1,3.326
2026-08-27T14:45,andar-1,3.173
2026-08-27T15:00,andar-1,3.319
2026-08-27T15:15,andar-1,3.216
2026-08-27T15:30,andar-1,3.246
2026-08-27T15:45,andar-1,3.229
2026-08-27T16:00,andar-1,3.293
2026-08-27T16:15,andar-1,3.200
2026-08-27T16:30,andar-1,3.278
2026-08-27T16:45,andar-1,3.222
2026-08-27T17:00,andar-1,3.397
2026-08-27T17:15,andar-1,3.414
2026-08-27T17:30,andar-1,3.375
2026-08-27T17:45,andar-1,3.296
2026-08-27T18:00,andar-1,3.319
2026-08-27T18:15,andar-1,3.432
2026-08-27T18:30,andar-1,3.354
2026-08-27T18:45,andar-1,3.371
2026-08-27T19:00,andar-1,3.261
2026-08-27T19:15,andar-1,3.468
2026-08-27T19:30,andar-1,3.269
2026-08-27T19:45,andar-1,3.341
2026-08-27T20:00,andar-1,3.281
2026-08-27T20:15,andar-1,3.333
2026-08-27T20:30,andar-1,3.416
2026-08-27T20:45,andar-1,3.359
2026-08-27T21:00,andar-1,3.266
2026-08-27T21:15,andar-1,3.250
2026-08-27T21:30,andar-1,3.200
2026-08-27T21:45,andar-1,3.408
2026-08-27T22:00,andar-1,3.025
2026-08-27T22:15,andar-1,3.018
2026-08-27T22:30,andar-1,3.037
2026-08-27T22:45,andar-1,3.043
2026-08-27T23:00,andar-1,2.914
2026-08-27T23:15,andar-1,3.028
2026-08-27T23:30,andar-1,3.002
2026-08-27T23:45,andar-1,3.077
2026-08-28T00:00,andar-1,2.925
2026-08-28T00:15,andar-1,2.966
2026-08-28T00:30,andar-1,2.985
2026-08-28T00:45,andar-1,2.934
2026-08-28T01:00,andar-1,2.980
2026-08-28T01:15,andar-1,2.965
2026-08-28T01:30,andar-1,2.969
2026-08-28T01:45,andar-1,2.960
2026-08-28T02:00,andar-1,2.992
2026-08-28T02:15,andar-1,3.002
2026-08-28T02:30,andar-1,2.964
2026-08-28T02:45,andar-1,2.915
2026-08-28T03:00,andar-1,2.896
2026-08-28T03:15,andar-1,2.964
2026-08-28T03:30,andar-1,2.914
2026-08-28T03:45,andar-1,2.919
2026-08-28T04:00,andar-1,2.979
2026-08-28T04:15,andar-1,2.921
2026-08-28T04:30,andar-1,2.944
2026-08-28T04:45,andar-1,2.932
2026-08-28T05:00,andar-1,3.008
2026-08-28T05:15,andar-1,2.927
2026-08-28T05:30,andar-1,2.948
2026-08-28T05:45,andar-1,2.995
2026-08-28T06:00,andar-1,3.071
2026-08-28T06:15,andar-1,3.124
2026-08-28T06:30,andar-1,3.141
2026-08-28T06:45,andar-1,3.074
2026-08-28T07:00,andar-1,3.165
2026-08-28T07:15,andar-1,3.129
2026-08-28T07:30,andar-1,3.116
2026-08-28T07:45,andar-1,3.028
2026-08-28T08:00,andar-1,3.013
2026-08-28T08:15,andar-1,2.993
2026-08-28T08:30,andar-1,3.069
2026-08-28T08:45,andar-1,3.031
2026-08-28T09:00,andar-1,3.135
2026-08-28T09:15,andar-1,3.107
2026-08-28T09:30,andar-1,3.137
2026-08-28T09:45,andar-1,3.100
2026-08-28T10:00,andar-1,3.302
2026-08-28T10:15,andar-1,3.214
2026-08-28T10:30,andar-1,3.208
2026-08-28T10:45,andar-1,3.302
2026-08-28T11:00,andar-1,3.490
2026-08-28T11:15,andar-1,3.309
2026-08-28T11:30,andar-1,3.287
2026-08-28T11:45,andar-1,3.224
2026-08-28T12:00,andar-1,3.201
2026-08-28T12:15,andar-1,3.227
2026-08-28T12:30,andar-1,3.315
2026-08-28T12:45,andar-1,3.306
2026-08-28T13:00,andar-1,3.290
2026-08-28T13:15,andar-1,3.257
2026-08-28T13:30,andar-1,3.193
2026-08-28T13:45,andar-1,3.177
2026-08-28T14:00,andar-1,3.306
2026-08-28T14:15,andar-1,3.249
2026-08-28T14:30,andar-1,3.297
2026-08-28T14:45,andar-1,3.260
2026-08-28T15:00,andar-1,3.192
2026-08-28T15:15,andar-1,3.272
2026-08-28T15:30,andar-1,3.220
2026-08-28T15:45,andar-1,3.330
2026-08-28T16:00,andar-1,3.263
2026-08-28T16:15,andar-1,3.331
2026-08-28T16:30,andar-1,3.121
2026-08-28T16:45,andar-1,3.278
2026-08-28T17:00,andar-1,3.198
2026-08-28T17:15,andar-1,3.220
2026-08-28T17:30,andar-1,3.297
2026-08-28T17:45,andar-1,3.279
2026-08-28T18:00,andar-1,3.410
2026-08-28T18:15,andar-1,3.354
2026-08-28T18:30,andar-1,3.272
2026-08-28T18:45,andar-1,3.331
2026-08-28T19:00,andar-1,3.353
2026-08-28T19:15,andar-1,3.458
2026-08-28T19:30,andar-1,3.268
2026-08-28T19:45,andar-1,3.215
2026-08-28T20:00,andar-1,3.440
2026-08-28T20:15,andar-1,3.279
2026-08-28T20:30,andar-1,3.387
2026-08-28T20:45,andar-1,3.406
2026-08-28T21:00,andar-1,3.329
2026-08-28T21:15,andar-1,3.433
2026-08-28T21:30,andar-1,3.290
2026-08-28T21:45,andar-1,3.395
2026-08-28T22:00,andar-1,2.982
2026-08-28T22:15,andar-1,3.003
2026-08-28T22:30,andar-1,2.924
2026-08-28T22:45,andar-1,2.955
2026-08-28T23:00,andar-1,2.931
2026-08-28T23:15,andar-1,3.045
2026-08-28T23:30,andar-1,2.978
2026-08-28T23:45,andar-1,3.118
2026-08-29T00:00,andar-1,2.795
2026-08-29T00:15,andar-1,2.936
2026-08-29T00:30,andar-1,2.960
2026-08-29T00:45,andar-1,2.830
2026-08-29T01:00,andar-1,2.890
2026-08-29T01:15,andar-1,2.853
2026-08-29T01:30,andar-1,2.937
2026-08-29T01:45,andar-1,2.872
2026-08-29T02:00,andar-1,2.959
2026-08-29T02:15,andar-1,2.902
2026-08-29T02:30,andar-1,2.956
2026-08-29T02:45,andar-1,2.941
2026-08-29T03:00,andar-1,2.917
2026-08-29T03:15,andar-1,3.010
2026-08-29T03:30,andar-1,2.930
2026-08-29T03:45,andar-1,2.878
2026-08-29T04:00,andar-1,2.886
2026-08-29T04:15,andar-1,2.843
2026-08-29T04:30,andar-1,2.870
2026-08-29T04:45,andar-1,2.867
2026-08-29T05:00,andar-1,2.883
2026-08-29T05:15,andar-1,2.908
2026-08-29T05:30,andar-1,2.915
2026-08-29T05:45,andar-1,2.938
2026-08-29T06:00,andar-1,3.044
2026-08-29T06:15,andar-1,3.125
2026-08-29T06:30,andar-1,3.031
2026-08-29T06:45,andar-1,2.976
2026-08-29T07:00,andar-1,3.017
2026-08-29T07:15,andar-1,2.961
2026-08-29T07:30,andar-1,3.082
2026-08-29T07:45,andar-1,3.002
2026-08-29T08:00,andar-1,3.011
2026-08-29T08:15,andar-1,3.049
2026-08-29T08:30,andar-1,3.016
2026-08-29T08:45,andar-1,3.007
2026-08-29T09:00,andar-1,2.960
2026-08-29T09:15,andar-1,3.039
2026-08-29T09:30,andar-1,3.040
2026-08-29T09:45,andar-1,3.114
2026-08-29T10:00,andar-1,3.121
2026-08-29T10:15,andar-1,3.223
2026-08-29T10:30,andar-1,3.179
2026-08-29T10:45,andar-1,3.107
2026-08-29T11:00,andar-1,3.095
2026-08-29T11:15,andar-1,3.173
2026-08-29T11:30,andar-1,3.058
2026-08-29T11:45,andar-1,3.179
2026-08-29T12:00,andar-1,3.083
2026-08-29T12:15,andar-1,3.109
2026-08-29T12:30,andar-1,3.204
2026-08-29T12:45,andar-1,3.145
2026-08-29T13:00,andar-1,3.099
2026-08-29T13:15,andar-1,3.139
2026-08-29T13:30,andar-1,3.277
2026-08-29T13:45,andar-1,3.176
2026-08-29T14:00,andar-1,3.190
2026-08-29T14:15,andar-1,3.081
2026-08-29T14:30,andar-1,3.204
2026-08-29T14:45,andar-1,3.163
2026-08-29T15:00,andar-1,3.146
2026-08-29T15:15,andar-1,3.016
2026-08-29T15:30,andar-1,3.136
2026-08-29T15:45,andar-1,3.136
2026-08-29T16:00,andar-1,3.139
2026-08-29T16:15,andar-1,3.064
2026-08-29T16:30,andar-1,3.158
2026-08-29T16:45,andar-1,3.196
2026-08-29T17:00,andar-1,3.167
2026-08-29T17:15,andar-1,3.359
2026-08-29T17:30,andar-1,3.168
2026-08-29T17:45,andar-1,3.298
2026-08-29T18:00,andar-1,3.243
2026-08-29T18:15,andar-1,3.358
2026-08-29T18:30,andar-1,3.252
2026-08-29T18:45,andar-1,3.285
2026-08-29T19:00,andar-1,3.323
2026-08-29T19:15,andar-1,3.317
2026-08-29T19:30,andar-1,3.159
2026-08-29T19:45,andar-1,3.162
2026-08-29T20:00,andar-1,3.284
2026-08-29T20:15,andar-1,3.275
2026-08-29T20:30,andar-1,3.239
2026-08-29T20:45,andar-1,3.206
2026-08-29T21:00,andar-1,3.325
2026-08-29T21:15,andar-1,3.266
2026-08-29T21:30,andar-1,3.250
2026-08-29T21:45,andar-1,3.253
2026-08-29T22:00,andar-1,2.950
2026-08-29T22:15,andar-1,2.901
2026-08-29T22:30,andar-1,2.921
2026-08-29T22:45,andar-1,3.031
2026-08-29T23:00,andar-1,2.911
2026-08-29T23:15,andar-1,2.954
2026-08-29T23:30,andar-1,2.922
2026-08-29T23:45,andar-1,2.914
2026-06-01T00:00,andar-2,0.075
2026-06-01T00:15,andar-2,0.084
2026-06-01T00:30,andar-2,0.086
2026-06-01T00:45,andar-2,0.082
2026-06-01T01:00,andar-2,0.075
2026-06-01T01:15,andar-2,0.088
2026-06-01T01:30,andar-2,0.094
2026-06-01T01:45,andar-2,0.072
2026-06-01T02:00,andar-2,0.087
2026-06-01T02:15,andar-2,0.083
2026-06-01T02:30,andar-2,0.070
2026-06-01T02:45,andar-2,0.082
2026-06-01T03:00,andar-2,0.091
2026-06-01T03:15,andar-2,0.085
2026-06-01T03:30,andar-2,0.075
2026-06-01T03:45,andar-2,0.087
2026-06-01T04:00,andar-2,0.081
2026-06-01T04:15,andar-2,0.084
2026-06-01T04:30,andar-2,0.080
2026-06-01T04:45,andar-2,0.083
2026-06-01T05:00,andar-2,0.082
2026-06-01T05:15,andar-2,0.076
2026-06-01T05:30,andar-2,0.072
2026-06-01T05:45,andar-2,0.090
2026-06-01T06:00,andar-2,0.261
2026-06-01T06:15,andar-2,0.205
2026-06-01T06:30,andar-2,0.286
2026-06-01T06:45,andar-2,0.291
2026-06-01T07:00,andar-2,0.248
2026-06-01T07:15,andar-2,0.281
2026-06-01T07:30,andar-2,0.258
2026-06-01T07:45,andar-2,0.253
2026-06-01T08:00,andar-2,0.257
2026-06-01T08:15,andar-2,0.229
2026-06-01T08:30,andar-2,0.254
2026-06-01T08:45,andar-2,0.249
2026-06-01T09:00,andar-2,0.425
2026-06-01T09:15,andar-2,0.418
2026-06-01T09:30,andar-2,0.433
2026-06-01T09:45,andar-2,0.564
2026-06-01T10:00,andar-2,0.556
2026-06-01T10:15,andar-2,0.422
2026-06-01T10:30,andar-2,0.422
2026-06-01T10:45,andar-2,0.470
2026-06-01T11:00,andar-2,0.428
2026-06-01T11:15,andar-2,0.483
2026-06-01T11:30,andar-2,0.466
2026-06-01T11:45,andar-2,0.390
2026-06-01T12:00,andar-2,0.519
2026-06-01T12:15,andar-2,0.460
2026-06-01T12:30,andar-2,0.487
2026-06-01T12:45,andar-2,0.486
2026-06-01T13:00,andar-2,0.449
2026-06-01T13:15,andar-2,0.460
2026-06-01T13:30,andar-2,0.428
2026-06-01T13:45,andar-2,0.427
2026-06-01T14:00,andar-2,0.536
2026-06-01T14:15,andar-2,0.446
2026-06-01T14:30,andar-2,0.398
2026-06-01T14:45,andar-2,0.395
2026-06-01T15:00,andar-2,0.488
2026-06-01T15:15,andar-2,0.413
2026-06-01T15:30,andar-2,0.462
2026-06-01T15:45,andar-2,0.522
2026-06-01T16:00,andar-2,0.457
2026-06-01T16:15,andar-2,0.498
2026-06-01T16:30,andar-2,0.486
2026-06-01T16:45,andar-2,0.484
2026-06-01T17:00,andar-2,0.474
2026-06-01T17:15,andar-2,0.447
2026-06-01T17:30,andar-2,0.468
2026-06-01T17:45,andar-2,0.435
2026-06-01T18:00,andar-2,0.340
2026-06-01T18:15,andar-2,0.348
2026-06-01T18:30,andar-2,0.349
2026-06-01T18:45,andar-2,0.343
2026-06-01T19:00,andar-2,0.376
2026-06-01T19:15,andar-2,0.355
2026-06-01T19:30,andar-2,0.362
2026-06-01T19:45,andar-2,0.337
2026-06-01T20:00,andar-2,0.379
2026-06-01T20:15,andar-2,0.348
2026-06-01T20:30,andar-2,0.323
2026-06-01T20:45,andar-2,0.350
2026-06-01T21:00,andar-2,0.124
2026-06-01T21:15,andar-2,0.124
2026-06-01T21:30,andar-2,0.129
2026-06-01T21:45,andar-2,0.119
2026-06-01T22:00,andar-2,0.124
2026-06-01T22:15,andar-2,0.121
2026-06-01T22:30,andar-2,0.116
2026-06-01T22:45,andar-2,0.143
2026-06-01T23:00,andar-2,0.117
2026-06-01T23:15,andar-2,0.127
2026-06-01T23:30,andar-2,0.126
2026-06-01T23:45,andar-2,0.108
2026-06-02T00:00,andar-2,0.076
2026-06-02T00:15,andar-2,0.078
2026-06-02T00:30,andar-2,0.081
2026-06-02T00:45,andar-2,0.081
2026-06-02T01:00,andar-2,0.078
2026-06-02T01:15,andar-2,0.075
2026-06-02T01:30,andar-2,0.079
2026-06-02T01:45,andar-2,0.076
2026-06-02T02:00,andar-2,0.075
2026-06-02T02:15,andar-2,0.085
2026-06-02T02:30,andar-2,0.080
2026-06-02T02:45,andar-2,0.083
2026-06-02T03:00,andar-2,0.085
2026-06-02T03:15,andar-2,0.082
2026-06-02T03:30,andar-2,0.080
2026-06-02T03:45,andar-2,0.072
2026-06-02T04:00,andar-2,0.083
2026-06-02T04:15,andar-2,0.076
2026-06-02T04:30,andar-2,0.082
2026-06-02T04:45,andar-2,0.097
2026-06-02T05:00,andar-2,0.081
2026-06-02T05:15,andar-2,0.072
2026-06-02T05:30,andar-2,0.087
2026-06-02T05:45,andar-2,0.086
2026-06-02T06:00,andar-2,0.231
2026-06-02T06:15,andar-2,0.268
2026-06-02T06:30,andar-2,0.247
2026-06-02T06:45,andar-2,0.258
2026-06-02T07:00,andar-2,0.255
2026-06-02T07:15,andar-2,0.221
2026-06-02T07:30,andar-2,0.254
2026-06-02T07:45,andar-2,0.259
2026-06-02T08:00,andar-2,0.246
2026-06-02T08:15,andar-2,0.243
2026-06-02T08:30,andar-2,0.241
2026-06-02T08:45,andar-2,0.246
2026-06-02T09:00,andar-2,0.458
2026-06-02T09:15,andar-2,0.433
2026-06-02T09:30,andar-2,0.487
2026-06-02T09:45,andar-2,0.442
2026-06-02T10:00,andar-2,0.442
2026-06-02T10:15,andar-2,0.479
2026-06-02T10:30,andar-2,0.463
2026-06-02T10:45,andar-2,0.486
2026-06-02T11:00,andar-2,0.444
2026-06-02T11:15,andar-2,0.448
2026-06-02T11:30,andar-2,0.435
2026-06-02T11:45,andar-2,0.436
2026-06-02T12:00,andar-2,0.463
2026-06-02T12:15,andar-2,0.459
2026-06-02T12:30,andar-2,0.435
2026-06-02T12:45,andar-2,0.475
2026-06-02T13:00,andar-2,0.471
2026-06-02T13:15,andar-2,0.525
2026-06-02T13:30,andar-2,0.419
2026-06-02T13:45,andar-2,0.462
2026-06-02T14:00,andar-2,0.433
2026-06-02T14:15,andar-2,0.462
2026-06-02T14:30,andar-2,0.444
2026-06-02T14:45,andar-2,0.393
2026-06-02T15:00,andar-2,0.412
2026-06-02T15:15,andar-2,0.461
2026-06-02T15:30,andar-2,0.436
2026-06-02T15:45,andar-2,0.417
2026-06-02T16:00,andar-2,0.461
2026-06-02T16:15,andar-2,0.473
2026-06-02T16:30,andar-2,0.528
2026-06-02T16:45,andar-2,0.463
2026-06-02T17:00,andar-2,0.451
2026-06-02T17:15,andar-2,0.399
2026-06-02T17:30,andar-2,0.479
2026-06-02T17:45,andar-2,0.438
2026-06-02T18:00,andar-2,0.302
2026-06-02T18:15,andar-2,0.366
2026-06-02T18:30,andar-2,0.347
2026-06-02T18:45,andar-2,0.349
2026-06-02T19:00,andar-2,0.316
2026-06-02T19:15,andar-2,0.337
2026-06-02T19:30,andar-2,0.325
2026-06-02T19:45,andar-2,0.394
2026-06-02T20:00,andar-2,0.317
2026-06-02T20:15,andar-2,0.330
2026-06-02T20:30,andar-2,0.421
2026-06-02T20:45,andar-2,0.316
2026-06-02T21:00,andar-2,0.119
2026-06-02T21:15,andar-2,0.108
2026-06-02T21:30,andar-2,0.111
2026-06-02T21:45,andar-2,0.131
2026-06-02T22:00,andar-2,0.106
2026-06-02T22:15,andar-2,0.125
2026-06-02T22:30,andar-2,0.127
2026-06-02T22:45,andar-2,0.130
2026-06-02T23:00,andar-2,0.133
2026-06-02T23:15,andar-2,0.113
2026-06-02T23:30,andar-2,0.121
2026-06-02T23:45,andar-2,0.122
2026-06-03T00:00,andar-2,0.083
2026-06-03T00:15,andar-2,0.087
2026-06-03T00:30,andar-2,0.092
2026-06-03T00:45,andar-2,0.077
2026-06-03T01:00,andar-2,0.077
2026-06-03T01:15,andar-2,0.069
2026-06-03T01:30,andar-2,0.083
2026-06-03T01:45,andar-2,0.080
2026-06-03T02:00,andar-2,0.073
2026-06-03T02:15,andar-2,0.083
2026-06-03T02:30,andar-2,0.082
2026-06-03T02:45,andar-2,0.074
2026-06-03T03:00,andar-2,0.077
2026-06-03T03:15,andar-2,0.070
2026-06-03T03:30,andar-2,0.083
2026-06-03T03:45,andar-2,0.082
2026-06-03T04:00,andar-2,0.072
2026-06-03T04:15,andar-2,0.079
2026-06-03T04:30,andar-2,0.077
2026-06-03T04:45,andar-2,0.083
2026-06-03T05:00,andar-2,0.085
2026-06-03T05:15,andar-2,0.066
2026-06-03T05:30,andar-2,0.069
2026-06-03T05:45,andar-2,0.084
2026-06-03T06:00,andar-2,0.254
2026-06-03T06:15,andar-2,0.214
2026-06-03T06:30,andar-2,0.233
2026-06-03T06:45,andar-2,0.234
2026-06-03T07:00,andar-2,0.256
2026-06-03T07:15,andar-2,0.233
2026-06-03T07:30,andar-2,0.250
2026-06-03T07:45,andar-2,0.243
2026-06-03T08:00,andar-2,0.235
2026-06-03T08:15,andar-2,0.240
2026-06-03T08:30,andar-2,0.269
2026-06-03T08:45,andar-2,0.260
2026-06-03T09:00,andar-2,0.442
2026-06-03T09:15,andar-2,0.438
2026-06-03T09:30,andar-2,0.451
2026-06-03T09:45,andar-2,0.471
2026-06-03T10:00,andar-2,0.408
2026-06-03T10:15,andar-2,0.403
2026-06-03T10:30,andar-2,0.409
2026-06-03T10:45,andar-2,0.488
2026-06-03T11:00,andar-2,0.473
2026-06-03T11:15,andar-2,0.528
2026-06-03T11:30,andar-2,0.450
2026-06-03T11:45,andar-2,0.479
2026-06-03T12:00,andar-2,0.444
2026-06-03T12:15,andar-2,0.470
2026-06-03T12:30,andar-2,0.454
2026-06-03T12:45,andar-2,0.409
2026-06-03T13:00,andar-2,0.453
2026-06-03T13:15,andar-2,0.397
2026-06-03T13:30,andar-2,0.424
2026-06-03T13:45,andar-2,0.449
2026-06-03T14:00,andar-2,0.428
2026-06-03T14:15,andar-2,0.441
2026-06-03T14:30,andar-2,0.459
2026-06-03T14:45,andar-2,0.411
2026-06-03T15:00,andar-2,0.456
2026-06-03T15:15,andar-2,0.459
2026-06-03T15:30,andar-2,0.463
2026-06-03T15:45,andar-2,0.462
2026-06-03T16:00,andar-2,0.347
2026-06-03T16:15,andar-2,0.433
2026-06-03T16:30,andar-2,0.443
2026-06-03T16:45,andar-2,0.448
2026-06-03T17:00,andar-2,0.495
2026-06-03T17:15,andar-2,0.424
2026-06-03T17:30,andar-2,0.535
2026-06-03T17:45,andar-2,0.402
2026-06-03T18:00,andar-2,0.373
2026-06-03T18:15,andar-2,0.344
2026-06-03T18:30,andar-2,0.392
2026-06-03T18:45,andar-2,0.338
2026-06-03T19:00,andar-2,0.360
2026-06-03T19:15,andar-2,0.379
2026-06-03T19:30,andar-2,0.321
2026-06-03T19:45,andar-2,0.400
2026-06-03T20:00,andar-2,0.368
2026-06-03T20:15,andar-2,0.295
2026-06-03T20:30,andar-2,0.302
2026-06-03T20:45,andar-2,0.351
2026-06-03T21:00,andar-2,0.115
2026-06-03T21:15,andar-2,0.133
2026-06-03T21:30,andar-2,0.104
2026-06-03T21:45,andar-2,0.107
2026-06-03T22:00,andar-2,0.117
2026-06-03T22:15,andar-2,0.138
2026-06-03T22:30,andar-2,0.115
2026-06-03T22:45,andar-2,0.118
2026-06-03T23:00,andar-2,0.135
2026-06-03T23:15,andar-2,0.124
2026-06-03T23:30,andar-2,0.104
2026-06-03T23:45,andar-2,0.116
2026-06-04T00:00,andar-2,0.078
2026-06-04T00:15,andar-2,0.085
2026-06-04T00:30,andar-2,0.078
2026-06-04T00:45,andar-2,0.074
2026-06-04T01:00,andar-2,0.075
2026-06-04T01:15,andar-2,0.087
2026-06-04T01:30,andar-2,0.074
2026-06-04T01:45,andar-2,0.070
2026-06-04T02:00,andar-2,0.080
2026-06-04T02:15,andar-2,0.080
2026-06-04T02:30,andar-2,0.085
2026-06-04T02:45,andar-2,0.070
2026-06-04T03:00,andar-2,0.079
2026-06-04T03:15,andar-2,0.089
2026-06-04T03:30,andar-2,0.073
2026-06-04T03:45,andar-2,0.078
2026-06-04T04:00,andar-2,0.088
2026-06-04T04:15,andar-2,0.089
2026-06-04T04:30,andar-2,0.070
2026-06-04T04:45,andar-2,0.088
2026-06-04T05:00,andar-2,0.075
2026-06-04T05:15,andar-2,0.086
2026-06-04T05:30,andar-2,0.083
2026-06-04T05:45,andar-2,0.070
2026-06-04T06:00,andar-2,0.209
2026-06-04T06:15,andar-2,0.244
2026-06-04T06:30,andar-2,0.250
2026-06-04T06:45,andar-2,0.249
2026-06-04T07:00,andar-2,0.246
2026-06-04T07:15,andar-2,0.217
2026-06-04T07:30,andar-2,0.250
2026-06-04T07:45,andar-2,0.233
2026-06-04T08:00,andar-2,0.260
2026-06-04T08:15,andar-2,0.269
2026-06-04T08:30,andar-2,0.239
2026-06-04T08:45,andar-2,0.307
2026-06-04T09:00,andar-2,0.456
2026-06-04T09:15,andar-2,0.467
2026-06-04T09:30,andar-2,0.398
2026-06-04T09:45,andar-2,0.477
2026-06-04T10:00,andar-2,0.459
2026-06-04T10:15,andar-2,0.477
2026-06-04T10:30,andar-2,0.454
2026-06-04T10:45,andar-2,0.457
2026-06-04T11:00,andar-2,0.397
2026-06-04T11:15,andar-2,0.505
2026-06-04T11:30,andar-2,0.456
2026-06-04T11:45,andar-2,0.442
2026-06-04T12:00,andar-2,0.482
2026-06-04T12:15,andar-2,0.442
2026-06-04T12:30,andar-2,0.461
2026-06-04T12:45,andar-2,0.421
2026-06-04T13:00,andar-2,0.484
2026-06-04T13:15,andar-2,0.414
2026-06-04T13:30,andar-2,0.475
2026-06-04T13:45,andar-2,0.409
2026-06-04T14:00,andar-2,0.487
2026-06-04T14:15,andar-2,0.494
2026-06-04T14:30,andar-2,0.501
2026-06-04T14:45,andar-2,0.477
2026-06-04T15:00,andar-2,0.427
2026-06-04T15:15,andar-2,0.423
2026-06-04T15:30,andar-2,0.416
2026-06-04T15:45,andar-2,0.396
2026-06-04T16:00,andar-2,0.543
2026-06-04T16:15,andar-2,0.452
2026-06-04T16:30,andar-2,0.465
2026-06-04T16:45,andar-2,0.405
2026-06-04T17:00,andar-2,0.445
2026-06-04T17:15,andar-2,0.386
2026-06-04T17:30,andar-2,0.463
2026-06-04T17:45,andar-2,0.485
2026-06-04T18:00,andar-2,0.366
2026-06-04T18:15,andar-2,0.393
2026-06-04T18:30,andar-2,0.374
2026-06-04T18:45,andar-2,0.359
2026-06-04T19:00,andar-2,0.323
2026-06-04T19:15,andar-2,0.351
2026-06-04T19:30,andar-2,0.367
2026-06-04T19:45,andar-2,0.332
2026-06-04T20:00,andar-2,0.374
2026-06-04T20:15,andar-2,0.348
2026-06-04T20:30,andar-2,0.334
2026-06-04T20:45,andar-2,0.374
2026-06-04T21:00,andar-2,0.125
2026-06-04T21:15,andar-2,0.109
2026-06-04T21:30,andar-2,0.129
2026-06-04T21:45,andar-2,0.107
2026-06-04T22:00,andar-2,0.123
2026-06-04T22:15,andar-2,0.126
2026-06-04T22:30,andar-2,0.128
2026-06-04T22:45,andar-2,0.129
2026-06-04T23:00,andar-2,0.109
2026-06-04T23:15,andar-2,0.138
2026-06-04T23:30,andar-2,0.122
2026-06-04T23:45,andar-2,0.125
2026-06-05T00:00,andar-2,0.085
2026-06-05T00:15,andar-2,0.083
2026-06-05T00:30,andar-2,0.080
2026-06-05T00:45,andar-2,0.083
2026-06-05T01:00,andar-2,0.079
2026-06-05T01:15,andar-2,0.086
2026-06-05T01:30,andar-2,0.066
2026-06-05T01:45,andar-2,0.085
2026-06-05T02:00,andar-2,0.079
2026-06-05T02:15,andar-2,0.077
2026-06-05T02:30,andar-2,0.086
2026-06-05T02:45,andar-2,0.095
2026-06-05T03:00,andar-2,0.084
2026-06-05T03:15,andar-2,0.085
2026-06-05T03:30,andar-2,0.077
2026-06-05T03:45,andar-2,0.079
2026-06-05T04:00,andar-2,0.070
2026-06-05T04:15,andar-2,0.080
2026-06-05T04:30,andar-2,0.078
2026-06-05T04:45,andar-2,0.081
2026-06-05T05:00,andar-2,0.079
2026-06-05T05:15,andar-2,0.085
2026-06-05T05:30,andar-2,0.078
2026-06-05T05:45,andar-2,0.068
2026-06-05T06:00,andar-2,0.231
2026-06-05T06:15,andar-2,0.270
2026-06-05T06:30,andar-2,0.259
2026-06-05T06:45,andar-2,0.251
2026-06-05T07:00,andar-2,0.227
2026-06-05T07:15,andar-2,0.273
2026-06-05T07:30,andar-2,0.266
2026-06-05T07:45,andar-2,0.266
2026-06-05T08:00,andar-2,0.251
2026-06-05T08:15,andar-2,0.246
2026-06-05T08:30,andar-2,0.250
2026-06-05T08:45,andar-2,0.230
2026-06-05T09:00,andar-2,0.452
2026-06-05T09:15,andar-2,0.409
2026-06-05T09:30,andar-2,0.456
2026-06-05T09:45,andar-2,0.423
2026-06-05T10:00,andar-2,0.409
2026-06-05T10:15,andar-2,0.383
2026-06-05T10:30,andar-2,0.513
2026-06-05T10:45,andar-2,0.347
2026-06-05T11:00,andar-2,0.407
2026-06-05T11:15,andar-2,0.432
2026-06-05T11:30,andar-2,0.436
2026-06-05T11:45,andar-2,0.372
2026-06-05T12:00,andar-2,0.486
2026-06-05T12:15,andar-2,0.456
2026-06-05T12:30,andar-2,0.451
2026-06-05T12:45,andar-2,0.416
2026-06-05T13:00,andar-2,0.443
2026-06-05T13:15,andar-2,0.464
2026-06-05T13:30,andar-2,0.504
2026-06-05T13:45,andar-2,0.540
2026-06-05T14:00,andar-2,0.465
2026-06-05T14:15,andar-2,0.501
2026-06-05T14:30,andar-2,0.456
2026-06-05T14:45,andar-2,0.453
2026-06-05T15:00,andar-2,0.478
2026-06-05T15:15,andar-2,0.410
2026-06-05T15:30,andar-2,0.423
2026-06-05T15:45,andar-2,0.440
2026-06-05T16:00,andar-2,0.487
2026-06-05T16:15,andar-2,0.437
2026-06-05T16:30,andar-2,0.437
2026-06-05T16:45,andar-2,0.379
2026-06-05T17:00,andar-2,0.463
2026-06-05T17:15,andar-2,0.456
2026-06-05T17:30,andar-2,0.445
2026-06-05T17:45,andar-2,0.483
2026-06-05T18:00,andar-2,0.387
2026-06-05T18:15,andar-2,0.325
2026-06-05T18:30,andar-2,0.365
2026-06-05T18:45,andar-2,0.337
2026-06-05T19:00,andar-2,0.322
2026-06-05T19:15,andar-2,0.333
2026-06-05T19:30,andar-2,0.356
2026-06-05T19:45,andar-2,0.324
2026-06-05T20:00,andar-2,0.355
2026-06-05T20:15,andar-2,0.326
2026-06-05T20:30,andar-2,0.339
2026-06-05T20:45,andar-2,0.368
2026-06-05T21:00,andar-2,0.111
2026-06-05T21:15,andar-2,0.114
2026-06-05T21:30,andar-2,0.124
2026-06-05T21:45,andar-2,0.105
2026-06-05T22:00,andar-2,0.128
2026-06-05T22:15,andar-2,0.121
2026-06-05T22:30,andar-2,0.110
2026-06-05T22:45,andar-2,0.120
2026-06-05T23:00,andar-2,0.103
2026-06-05T23:15,andar-2,0.120
2026-06-05T23:30,andar-2,0.127
2026-06-05T23:45,andar-2,0.126
2026-06-06T00:00,andar-2,0.039
2026-06-06T00:15,andar-2,0.035
2026-06-06T00:30,andar-2,0.038
2026-06-06T00:45,andar-2,0.034
2026-06-06T01:00,andar-2,0.035
2026-06-06T01:15,andar-2,0.034
2026-06-06T01:30,andar-2,0.040
2026-06-06T01:45,andar-2,0.037
2026-06-06T02:00,andar-2,0.037
2026-06-06T02:15,andar-2,0.034
2026-06-06T02:30,andar-2,0.038
2026-06-06T02:45,andar-2,0.038
2026-06-06T03:00,andar-2,0.037
2026-06-06T03:15,andar-2,0.034
2026-06-06T03:30,andar-2,0.037
2026-06-06T03:45,andar-2,0.035
2026-06-06T04:00,andar-2,0.037
2026-06-06T04:15,andar-2,0.037
2026-06-06T04:30,andar-2,0.035
2026-06-06T04:45,andar-2,0.036
2026-06-06T05:00,andar-2,0.035
2026-06-06T05:15,andar-2,0.037
2026-06-06T05:30,andar-2,0.036
2026-06-06T05:45,andar-2,0.036
2026-06-06T06:00,andar-2,0.106
2026-06-06T06:15,andar-2,0.114
2026-06-06T06:30,andar-2,0.112
2026-06-06T06:45,andar-2,0.113
2026-06-06T07:00,andar-2,0.123
2026-06-06T07:15,andar-2,0.109
2026-06-06T07:30,andar-2,0.110
2026-06-06T07:45,andar-2,0.116
2026-06-06T08:00,andar-2,0.126
2026-06-06T08:15,andar-2,0.106
2026-06-06T08:30,andar-2,0.118
2026-06-06T08:45,andar-2,0.114
2026-06-06T09:00,andar-2,0.218
2026-06-06T09:15,andar-2,0.194
2026-06-06T09:30,andar-2,0.192
2026-06-06T09:45,andar-2,0.200
2026-06-06T10:00,andar-2,0.181
2026-06-06T10:15,andar-2,0.177
2026-06-06T10:30,andar-2,0.204
2026-06-06T10:45,andar-2,0.201
2026-06-06T11:00,andar-2,0.203
2026-06-06T11:15,andar-2,0.232
2026-06-06T11:30,andar-2,0.217
2026-06-06T11:45,andar-2,0.180
2026-06-06T12:00,andar-2,0.195
2026-06-06T12:15,andar-2,0.198
2026-06-06T12:30,andar-2,0.221
2026-06-06T12:45,andar-2,0.197
2026-06-06T13:00,andar-2,0.221
2026-06-06T13:15,andar-2,0.194
2026-06-06T13:30,andar-2,0.202
2026-06-06T13:45,andar-2,0.209
2026-06-06T14:00,andar-2,0.204
2026-06-06T14:15,andar-2,0.234
2026-06-06T14:30,andar-2,0.181
2026-06-06T14:45,andar-2,0.215
2026-06-06T15:00,andar-2,0.212
2026-06-06T15:15,andar-2,0.212
2026-06-06T15:30,andar-2,0.208
2026-06-06T15:45,andar-2,0.197
2026-06-06T16:00,andar-2,0.226
2026-06-06T16:15,andar-2,0.209
2026-06-06T16:30,andar-2,0.200
2026-06-06T16:45,andar-2,0.198
2026-06-06T17:00,andar-2,0.199
2026-06-06T17:15,andar-2,0.197
2026-06-06T17:30,andar-2,0.191
2026-06-06T17:45,andar-2,0.212
2026-06-06T18:00,andar-2,0.151
2026-06-06T18:15,andar-2,0.153
2026-06-06T18:30,andar-2,0.142
2026-06-06T18:45,andar-2,0.173
2026-06-06T19:00,andar-2,0.180
2026-06-06T19:15,andar-2,0.148
2026-06-06T19:30,andar-2,0.161
2026-06-06T19:45,andar-2,0.149
2026-06-06T20:00,andar-2,0.154
2026-06-06T20:15,andar-2,0.159
2026-06-06T20:30,andar-2,0.166
2026-06-06T20:45,andar-2,0.167
2026-06-06T21:00,andar-2,0.058
2026-06-06T21:15,andar-2,0.052
2026-06-06T21:30,andar-2,0.055
2026-06-06T21:45,andar-2,0.049
2026-06-06T22:00,andar-2,0.061
2026-06-06T22:15,andar-2,0.059
2026-06-06T22:30,andar-2,0.054
2026-06-06T22:45,andar-2,0.050
2026-06-06T23:00,andar-2,0.051
2026-06-06T23:15,andar-2,0.060
2026-06-06T23:30,andar-2,0.059
2026-06-06T23:45,andar-2,0.055
2026-06-07T00:00,andar-2,0.041
2026-06-07T00:15,andar-2,0.032
2026-06-07T00:30,andar-2,0.038
2026-06-07T00:45,andar-2,0.034
2026-06-07T01:00,andar-2,0.033
2026-06-07T01:15,andar-2,0.040
2026-06-07T01:30,andar-2,0.041
2026-06-07T01:45,andar-2,0.040
2026-06-07T02:00,andar-2,0.038
2026-06-07T02:15,andar-2,0.036
2026-06-07T02:30,andar-2,0.036
2026-06-07T02:45,andar-2,0.035
2026-06-07T03:00,andar-2,0.030
2026-06-07T03:15,andar-2,0.036
2026-06-07T03:30,andar-2,0.037
2026-06-07T03:45,andar-2,0.036
2026-06-07T04:00,andar-2,0.033
2026-06-07T04:15,andar-2,0.038
2026-06-07T04:30,andar-2,0.041
2026-06-07T04:45,andar-2,0.032
2026-06-07T05:00,andar-2,0.036
2026-06-07T05:15,andar-2,0.032
2026-06-07T05:30,andar-2,0.035
2026-06-07T05:45,andar-2,0.036
2026-06-07T06:00,andar-2,0.114
2026-06-07T06:15,andar-2,0.127
2026-06-07T06:30,andar-2,0.108
2026-06-07T06:45,andar-2,0.120
2026-06-07T07:00,andar-2,0.106
2026-06-07T07:15,andar-2,0.100
2026-06-07T07:30,andar-2,0.109
2026-06-07T07:45,andar-2,0.112
2026-06-07T08:00,andar-2,0.117
2026-06-07T08:15,andar-2,0.104
2026-06-07T08:30,andar-2,0.112
2026-06-07T08:45,andar-2,0.112
2026-06-07T09:00,andar-2,0.199
2026-06-07T09:15,andar-2,0.212
2026-06-07T09:30,andar-2,0.208
2026-06-07T09:45,andar-2,0.195
2026-06-07T10:00,andar-2,0.198
2026-06-07T10:15,andar-2,0.222
2026-06-07T10:30,andar-2,0.174
2026-06-07T10:45,andar-2,0.202
2026-06-07T11:00,andar-2,0.193
2026-06-07T11:15,andar-2,0.210
2026-06-07T11:30,andar-2,0.202
2026-06-07T11:45,andar-2,0.186
2026-06-07T12:00,andar-2,0.219
2026-06-07T12:15,andar-2,0.196
2026-06-07T12:30,andar-2,0.193
2026-06-07T12:45,andar-2,0.195
2026-06-07T13:00,andar-2,0.170
2026-06-07T13:15,andar-2,0.202
2026-06-07T13:30,andar-2,0.209
2026-06-07T13:45,andar-2,0.205
2026-06-07T14:00,andar-2,0.197
2026-06-07T14:15,andar-2,0.175
2026-06-07T14:30,andar-2,0.205
2026-06-07T14:45,andar-2,0.193
2026-06-07T15:00,andar-2,0.226
2026-06-07T15:15,andar-2,0.216
2026-06-07T15:30,andar-2,0.207
2026-06-07T15:45,andar-2,0.207
2026-06-07T16:00,andar-2,0.229
2026-06-07T16:15,andar-2,0.170
2026-06-07T16:30,andar-2,0.213
2026-06-07T16:45,andar-2,0.204
2026-06-07T17:00,andar-2,0.198
2026-06-07T17:15,andar-2,0.197
2026-06-07T17:30,andar-2,0.239
2026-06-07T17:45,andar-2,0.201
2026-06-07T18:00,andar-2,0.163
2026-06-07T18:15,andar-2,0.158
2026-06-07T18:30,andar-2,0.169
2026-06-07T18:45,andar-2,0.143
2026-06-07T19:00,andar-2,0.167
2026-06-07T19:15,andar-2,0.172
2026-06-07T19:30,andar-2,0.158
2026-06-07T19:45,andar-2,0.168
2026-06-07T20:00,andar-2,0.161
2026-06-07T20:15,andar-2,0.155
2026-06-07T20:30,andar-2,0.175
2026-06-07T20:45,andar-2,0.159
2026-06-07T21:00,andar-2,0.047
2026-06-07T21:15,andar-2,0.055
2026-06-07T21:30,andar-2,0.052
2026-06-07T21:45,andar-2,0.052
2026-06-07T22:00,andar-2,0.055
2026-06-07T22:15,andar-2,0.053
2026-06-07T22:30,andar-2,0.053
2026-06-07T22:45,andar-2,0.057
2026-06-07T23:00,andar-2,0.053
2026-06-07T23:15,andar-2,0.058
2026-06-07T23:30,andar-2,0.047
2026-06-07T23:45,andar-2,0.054
2026-06-08T00:00,andar-2,0.086
2026-06-08T00:15,andar-2,0.065
2026-06-08T00:30,andar-2,0.078
2026-06-08T00:45,andar-2,0.085
2026-06-08T01:00,andar-2,0.069
2026-06-08T01:15,andar-2,0.079
2026-06-08T01:30,andar-2,0.084
2026-06-08T01:45,andar-2,0.074
2026-06-08T02:00,andar-2,0.067
2026-06-08T02:15,andar-2,0.081
2026-06-08T02:30,andar-2,0.075
2026-06-08T02:45,andar-2,0.072
2026-06-08T03:00,andar-2,0.069
2026-06-08T03:15,andar-2,0.096
2026-06-08T03:30,andar-2,0.080
2026-06-08T03:45,andar-2,0.091
2026-06-08T04:00,andar-2,0.077
2026-06-08T04:15,andar-2,0.074
2026-06-08T04:30,andar-2,0.085
2026-06-08T04:45,andar-2,0.085
2026-06-08T05:00,andar-2,0.082
2026-06-08T05:15,andar-2,0.081
2026-06-08T05:30,andar-2,0.077
2026-06-08T05:45,andar-2,0.085
2026-06-08T06:00,andar-2,0.263
2026-06-08T06:15,andar-2,0.218
2026-06-08T06:30,andar-2,0.242
2026-06-08T06:45,andar-2,0.259
2026-06-08T07:00,andar-2,0.260
2026-06-08T07:15,andar-2,0.250
2026-06-08T07:30,andar-2,0.240
2026-06-08T07:45,andar-2,0.282
2026-06-08T08:00,andar-2,0.231
2026-06-08T08:15,andar-2,0.283
2026-06-08T08:30,andar-2,0.239
2026-06-08T08:45,andar-2,0.242
2026-06-08T09:00,andar-2,0.470
2026-06-08T09:15,andar-2,0.417
2026-06-08T09:30,andar-2,0.432
2026-06-08T09:45,andar-2,0.442
2026-06-08T10:00,andar-2,0.546
2026-06-08T10:15,andar-2,0.374
2026-06-08T10:30,andar-2,0.441
2026-06-08T10:45,andar-2,0.477
2026-06-08T11:00,andar-2,0.538
2026-06-08T11:15,andar-2,0.487
2026-06-08T11:30,andar-2,0.386
2026-06-08T11:45,andar-2,0.527
2026-06-08T12:00,andar-2,0.439
2026-06-08T12:15,andar-2,0.454
2026-06-08T12:30,andar-2,0.447
2026-06-08T12:45,andar-2,0.455
2026-06-08T13:00,andar-2,0.433
2026-06-08T13:15,andar-2,0.405
2026-06-08T13:30,andar-2,0.363
2026-06-08T13:45,andar-2,0.435
2026-06-08T14:00,andar-2,0.439
2026-06-08T14:15,andar-2,0.443
2026-06-08T14:30,andar-2,0.468
2026-06-08T14:45,andar-2,0.496
2026-06-08T15:00,andar-2,0.481
2026-06-08T15:15,andar-2,0.479
2026-06-08T15:30,andar-2,0.443
2026-06-08T15:45,andar-2,0.431
2026-06-08T16:00,andar-2,0.454
2026-06-08T16:15,andar-2,0.462
2026-06-08T16:30,andar-2,0.459
2026-06-08T16:45,andar-2,0.402
2026-06-08T17:00,andar-2,0.443
2026-06-08T17:15,andar-2,0.387
2026-06-08T17:30,andar-2,0.436
2026-06-08T17:45,andar-2,0.423
2026-06-08T18:00,andar-2,0.347
2026-06-08T18:15,andar-2,0.377
2026-06-08T18:30,andar-2,0.357
2026-06-08T18:45,andar-2,0.348
2026-06-08T19:00,andar-2,0.316
2026-06-08T19:15,andar-2,0.393
2026-06-08T19:30,andar-2,0.366
2026-06-08T19:45,andar-2,0.362
2026-06-08T20:00,andar-2,0.329
2026-06-08T20:15,andar-2,0.335
2026-06-08T20:30,andar-2,0.315
2026-06-08T20:45,andar-2,0.311
2026-06-08T21:00,andar-2,0.129
2026-06-08T21:15,andar-2,0.123
2026-06-08T21:30,andar-2,0.132
2026-06-08T21:45,andar-2,0.101
2026-06-08T22:00,andar-2,0.126
2026-06-08T22:15,andar-2,0.121
2026-06-08T22:30,andar-2,0.128
2026-06-08T22:45,andar-2,0.123
2026-06-08T23:00,andar-2,0.118
2026-06-08T23:15,andar-2,0.108
2026-06-08T23:30,andar-2,0.131
2026-06-08T23:45,andar-2,0.141
2026-06-09T00:00,andar-2,0.088
2026-06-09T00:15,andar-2,0.083
2026-06-09T00:30,andar-2,0.097
2026-06-09T00:45,andar-2,0.084
2026-06-09T01:00,andar-2,0.086
2026-06-09T01:15,andar-2,0.081
2026-06-09T01:30,andar-2,0.072
2026-06-09T01:45,andar-2,0.092
2026-06-09T02:00,andar-2,0.089
2026-06-09T02:15,andar-2,0.076
2026-06-09T02:30,andar-2,0.083
2026-06-09T02:45,andar-2,0.072
2026-06-09T03:00,andar-2,0.082
2026-06-09T03:15,andar-2,0.078
2026-06-09T03:30,andar-2,0.081
2026-06-09T03:45,andar-2,0.079
2026-06-09T04:00,andar-2,0.073
2026-06-09T04:15,andar-2,0.080
2026-06-09T04:30,andar-2,0.097
2026-06-09T04:45,andar-2,0.079
2026-06-09T05:00,andar-2,0.096
2026-06-09T05:15,andar-2,0.082
2026-06-09T05:30,andar-2,0.073
2026-06-09T05:45,andar-2,0.090
2026-06-09T06:00,andar-2,0.230
2026-06-09T06:15,andar-2,0.244
2026-06-09T06:30,andar-2,0.263
2026-06-09T06:45,andar-2,0.272
2026-06-09T07:00,andar-2,0.258
2026-06-09T07:15,andar-2,0.262
2026-06-09T07:30,andar-2,0.242
2026-06-09T07:45,andar-2,0.281
2026-06-09T08:00,andar-2,0.267
2026-06-09T08:15,andar-2,0.241
2026-06-09T08:30,andar-2,0.266
2026-06-09T08:45,andar-2,0.264
2026-06-09T09:00,andar-2,0.433
2026-06-09T09:15,andar-2,0.503
2026-06-09T09:30,andar-2,0.475
2026-06-09T09:45,andar-2,0.484
2026-06-09T10:00,andar-2,0.379
2026-06-09T10:15,andar-2,0.540
2026-06-09T10:30,andar-2,0.401
2026-06-09T10:45,andar-2,0.440
2026-06-09T11:00,andar-2,0.434
2026-06-09T11:15,andar-2,0.463
2026-06-09T11:30,andar-2,0.429
2026-06-09T11:45,andar-2,0.437
2026-06-09T12:00,andar-2,0.508
2026-06-09T12:15,andar-2,0.455
2026-06-09T12:30,andar-2,0.434
2026-06-09T12:45,andar-2,0.401
2026-06-09T13:00,andar-2,0.414
2026-06-09T13:15,andar-2,0.471
2026-06-09T13:30,andar-2,0.459
2026-06-09T13:45,andar-2,0.499
2026-06-09T14:00,andar-2,0.411
2026-06-09T14:15,andar-2,0.487
2026-06-09T14:30,andar-2,0.450
2026-06-09T14:45,andar-2,0.467
2026-06-09T15:00,andar-2,0.473
2026-06-09T15:15,andar-2,0.457
2026-06-09T15:30,andar-2,0.510
2026-06-09T15:45,andar-2,0.433
2026-06-09T16:00,andar-2,0.399
2026-06-09T16:15,andar-2,0.422
2026-06-09T16:30,andar-2,0.461
2026-06-09T16:45,andar-2,0.472
2026-06-09T17:00,andar-2,0.413
2026-06-09T17:15,andar-2,0.461
2026-06-09T17:30,andar-2,0.510
2026-06-09T17:45,andar-2,0.402
2026-06-09T18:00,andar-2,0.371
2026-06-09T18:15,andar-2,0.395
2026-06-09T18:30,andar-2,0.318
2026-06-09T18:45,andar-2,0.386
2026-06-09T19:00,andar-2,0.343
2026-06-09T19:15,andar-2,0.342
2026-06-09T19:30,andar-2,0.370
2026-06-09T19:45,andar-2,0.355
2026-06-09T20:00,andar-2,0.368
2026-06-09T20:15,andar-2,0.389
2026-06-09T20:30,andar-2,0.364
2026-06-09T20:45,andar-2,0.422
2026-06-09T21:00,andar-2,0.108
2026-06-09T21:15,andar-2,0.122
2026-06-09T21:30,andar-2,0.116
2026-06-09T21:45,andar-2,0.116
2026-06-09T22:00,andar-2,0.132
2026-06-09T22:15,andar-2,0.113
2026-06-09T22:30,andar-2,0.117
2026-06-09T22:45,andar-2,0.118
2026-06-09T23:00,andar-2,0.122
2026-06-09T23:15,andar-2,0.116
2026-06-09T23:30,andar-2,0.118
2026-06-09T23:45,andar-2,0.119
2026-06-10T00:00,andar-2,0.079
2026-06-10T00:15,andar-2,0.085
2026-06-10T00:30,andar-2,0.085
2026-06-10T00:45,andar-2,0.092
2026-06-10T01:00,andar-2,0.084
2026-06-10T01:15,andar-2,0.081
2026-06-10T01:30,andar-2,0.085
2026-06-10T01:45,andar-2,0.084
2026-06-10T02:00,andar-2,0.078
2026-06-10T02:15,andar-2,0.076
2026-06-10T02:30,andar-2,0.083
2026-06-10T02:45,andar-2,0.085
2026-06-10T03:00,andar-2,0.087
2026-06-10T03:15,andar-2,0.080
2026-06-10T03:30,andar-2,0.082
2026-06-10T03:45,andar-2,0.081
2026-06-10T04:00,andar-2,0.080
2026-06-10T04:15,andar-2,0.092
2026-06-10T04:30,andar-2,0.086
2026-06-10T04:45,andar-2,0.064
2026-06-10T05:00,andar-2,0.082
2026-06-10T05:15,andar-2,0.082
2026-06-10T05:30,andar-2,0.085
2026-06-10T05:45,andar-2,0.074
2026-06-10T06:00,andar-2,0.266
2026-06-10T06:15,andar-2,0.256
2026-06-10T06:30,andar-2,0.223
2026-06-10T06:45,andar-2,0.264
2026-06-10T07:00,andar-2,0.205
2026-06-10T07:15,andar-2,0.222
2026-06-10T07:30,andar-2,0.233
2026-06-10T07:45,andar-2,0.230
2026-06-10T08:00,andar-2,0.235
2026-06-10T08:15,andar-2,0.248
2026-06-10T08:30,andar-2,0.266
2026-06-10T08:45,andar-2,0.281
2026-06-10T09:00,andar-2,0.421
2026-06-10T09:15,andar-2,0.464
2026-06-10T09:30,andar-2,0.431
2026-06-10T09:45,andar-2,0.450
2026-06-10T10:00,andar-2,0.407
2026-06-10T10:15,andar-2,0.501
2026-06-10T10:30,andar-2,0.488
2026-06-10T10:45,andar-2,0.514
2026-06-10T11:00,andar-2,0.466
2026-06-10T11:15,andar-2,0.434
2026-06-10T11:30,andar-2,0.548
2026-06-10T11:45,andar-2,0.504
2026-06-10T12:00,andar-2,0.460
2026-06-10T12:15,andar-2,0.514
2026-06-10T12:30,andar-2,0.474
2026-06-10T12:45,andar-2,0.497
2026-06-10T13:00,andar-2,0.532
2026-06-10T13:15,andar-2,0.411
2026-06-10T13:30,andar-2,0.506
2026-06-10T13:45,andar-2,0.494
2026-06-10T14:00,andar-2,0.445
2026-06-10T14:15,andar-2,0.443
2026-06-10T14:30,andar-2,0.487
2026-06-10T14:45,andar-2,0.428
2026-06-10T15:00,andar-2,0.417
2026-06-10T15:15,andar-2,0.413
2026-06-10T15:30,andar-2,0.395
2026-06-10T15:45,andar-2,0.434
2026-06-10T16:00,andar-2,0.444
2026-06-10T16:15,andar-2,0.488
2026-06-10T16:30,andar-2,0.478
2026-06-10T16:45,andar-2,0.450
2026-06-10T17:00,andar-2,0.491
2026-06-10T17:15,andar-2,0.496
2026-06-10T17:30,andar-2,0.473
2026-06-10T17:45,andar-2,0.534
2026-06-10T18:00,andar-2,0.342
2026-06-10T18:15,andar-2,0.361
2026-06-10T18:30,andar-2,0.333
2026-06-10T18:45,andar-2,0.324
2026-06-10T19:00,andar-2,0.373
2026-06-10T19:15,andar-2,0.352
2026-06-10T19:30,andar-2,0.315
2026-06-10T19:45,andar-2,0.306
2026-06-10T20:00,andar-2,0.336
2026-06-10T20:15,andar-2,0.310
2026-06-10T20:30,andar-2,0.386
2026-06-10T20:45,andar-2,0.324
2026-06-10T21:00,andar-2,0.126
2026-06-10T21:15,andar-2,0.123
2026-06-10T21:30,andar-2,0.125
2026-06-10T21:45,andar-2,0.116
2026-06-10T22:00,andar-2,0.113
2026-06-10T22:15,andar-2,0.113
2026-06-10T22:30,andar-2,0.132
2026-06-10T22:45,andar-2,0.115
2026-06-10T23:00,andar-2,0.106
2026-06-10T23:15,andar-2,0.112
2026-06-10T23:30,andar-2,0.122
2026-06-10T23:45,andar-2,0.133
2026-06-11T00:00,andar-2,0.082
2026-06-11T00:15,andar-2,0.085
2026-06-11T00:30,andar-2,0.075
2026-06-11T00:45,andar-2,0.080
2026-06-11T01:00,andar-2,0.080
2026-06-11T01:15,andar-2,0.076
2026-06-11T01:30,andar-2,0.079
2026-06-11T01:45,andar-2,0.084
2026-06-11T02:00,andar-2,0.086
2026-06-11T02:15,andar-2,0.077
2026-06-11T02:30,andar-2,0.083
2026-06-11T02:45,andar-2,0.079
2026-06-11T03:00,andar-2,0.083
2026-06-11T03:15,andar-2,0.075
2026-06-11T03:30,andar-2,0.089
2026-06-11T03:45,andar-2,0.078
2026-06-11T04:00,andar-2,0.082
2026-06-11T04:15,andar-2,0.074
2026-06-11T04:30,andar-2,0.077
2026-06-11T04:45,andar-2,0.067
2026-06-11T05:00,andar-2,0.083
2026-06-11T05:15,andar-2,0.073
2026-06-11T05:30,andar-2,0.080
2026-06-11T05:45,andar-2,0.087
2026-06-11T06:00,andar-2,0.231
2026-06-11T06:15,andar-2,0.257
2026-06-11T06:30,andar-2,0.251
2026-06-11T06:45,andar-2,0.248
2026-06-11T07:00,andar-2,0.226
2026-06-11T07:15,andar-2,0.255
2026-06-11T07:30,andar-2,0.270
2026-06-11T07:45,andar-2,0.255
2026-06-11T08:00,andar-2,0.242
2026-06-11T08:15,andar-2,0.245
2026-06-11T08:30,andar-2,0.235
2026-06-11T08:45,andar-2,0.242
2026-06-11T09:00,andar-2,0.499
2026-06-11T09:15,andar-2,0.486
2026-06-11T09:30,andar-2,0.416
2026-06-11T09:45,andar-2,0.412
2026-06-11T10:00,andar-2,0.494
2026-06-11T10:15,andar-2,0.415
2026-06-11T10:30,andar-2,0.425
2026-06-11T10:45,andar-2,0.442
2026-06-11T11:00,andar-2,0.443
2026-06-11T11:15,andar-2,0.457
2026-06-11T11:30,andar-2,0.466
2026-06-11T11:45,andar-2,0.554
2026-06-11T12:00,andar-2,0.398
2026-06-11T12:15,andar-2,0.495
2026-06-11T12:30,andar-2,0.419
2026-06-11T12:45,andar-2,0.517
2026-06-11T13:00,andar-2,0.476
2026-06-11T13:15,andar-2,0.496
2026-06-11T13:30,andar-2,0.442
2026-06-11T13:45,andar-2,0.486
2026-06-11T14:00,andar-2,0.459
2026-06-11T14:15,andar-2,0.447
2026-06-11T14:30,andar-2,0.547
2026-06-11T14:45,andar-2,0.419
2026-06-11T15:00,andar-2,0.464
2026-06-11T15:15,andar-2,0.422
2026-06-11T15:30,andar-2,0.490
2026-06-11T15:45,andar-2,0.506
2026-06-11T16:00,andar-2,0.464
2026-06-11T16:15,andar-2,0.432
2026-06-11T16:30,andar-2,0.474
2026-06-11T16:45,andar-2,0.409
2026-06-11T17:00,andar-2,0.381
2026-06-11T17:15,andar-2,0.453
2026-06-11T17:30,andar-2,0.513
2026-06-11T17:45,andar-2,0.436
2026-06-11T18:00,andar-2,0.325
2026-06-11T18:15,andar-2,0.357
2026-06-11T18:30,andar-2,0.357
2026-06-11T18:45,andar-2,0.316
2026-06-11T19:00,andar-2,0.342
2026-06-11T19:15,andar-2,0.350
2026-06-11T19:30,andar-2,0.325
2026-06-11T19:45,andar-2,0.360
2026-06-11T20:00,andar-2,0.356
2026-06-11T20:15,andar-2,0.328
2026-06-11T20:30,andar-2,0.362
2026-06-11T20:45,andar-2,0.399
2026-06-11T21:00,andar-2,0.135
2026-06-11T21:15,andar-2,0.120
2026-06-11T21:30,andar-2,0.116
2026-06-11T21:45,andar-2,0.120
2026-06-11T22:00,andar-2,0.121
2026-06-11T22:15,andar-2,0.126
2026-06-11T22:30,andar-2,0.121
2026-06-11T22:45,andar-2,0.118
2026-06-11T23:00,andar-2,0.111
2026-06-11T23:15,andar-2,0.114
2026-06-11T23:30,andar-2,0.114
2026-06-11T23:45,andar-2,0.125
2026-06-12T00:00,andar-2,0.086
2026-06-12T00:15,andar-2,0.075
2026-06-12T00:30,andar-2,0.072
2026-06-12T00:45,andar-2,0.078
2026-06-12T01:00,andar-2,0.087
2026-06-12T01:15,andar-2,0.069
2026-06-12T01:30,andar-2,0.068
2026-06-12T01:45,andar-2,0.088
2026-06-12T02:00,andar-2,0.088
2026-06-12T02:15,andar-2,0.070
2026-06-12T02:30,andar-2,0.078
2026-06-12T02:45,andar-2,0.083
2026-06-12T03:00,andar-2,0.081
2026-06-12T03:15,andar-2,0.080
2026-06-12T03:30,andar-2,0.076
2026-06-12T03:45,andar-2,0.074
2026-06-12T04:00,andar-2,0.083
2026-06-12T04:15,andar-2,0.079
2026-06-12T04:30,andar-2,0.085
2026-06-12T04:45,andar-2,0.086
2026-06-12T05:00,andar-2,0.080
2026-06-12T05:15,andar-2,0.093
2026-06-12T05:30,andar-2,0.104
2026-06-12T05:45,andar-2,0.085
2026-06-12T06:00,andar-2,0.284
2026-06-12T06:15,andar-2,0.210
2026-06-12T06:30,andar-2,0.279
2026-06-12T06:45,andar-2,0.212
2026-06-12T07:00,andar-2,0.240
2026-06-12T07:15,andar-2,0.242
2026-06-12T07:30,andar-2,0.244
2026-06-12T07:45,andar-2,0.252
2026-06-12T08:00,andar-2,0.279
2026-06-12T08:15,andar-2,0.213
2026-06-12T08:30,andar-2,0.276
2026-06-12T08:45,andar-2,0.237
2026-06-12T09:00,andar-2,0.407
2026-06-12T09:15,andar-2,0.486
2026-06-12T09:30,andar-2,0.445
2026-06-12T09:45,andar-2,0.506
2026-06-12T10:00,andar-2,0.427
2026-06-12T10:15,andar-2,0.444
2026-06-12T10:30,andar-2,0.472
2026-06-12T10:45,andar-2,0.471
2026-06-12T11:00,andar-2,0.433
2026-06-12T11:15,andar-2,0.483
2026-06-12T11:30,andar-2,0.432
2026-06-12T11:45,andar-2,0.406
2026-06-12T12:00,andar-2,0.479
2026-06-12T12:15,andar-2,0.450
2026-06-12T12:30,andar-2,0.467
2026-06-12T12:45,andar-2,0.400
2026-06-12T13:00,andar-2,0.459
2026-06-12T13:15,andar-2,0.468
2026-06-12T13:30,andar-2,0.375
2026-06-12T13:45,andar-2,0.439
2026-06-12T14:00,andar-2,0.475
2026-06-12T14:15,andar-2,0.399
2026-06-12T14:30,andar-2,0.427
2026-06-12T14:45,andar-2,0.428
2026-06-12T15:00,andar-2,0.432
2026-06-12T15:15,andar-2,0.435
2026-06-12T15:30,andar-2,0.394
2026-06-12T15:45,andar-2,0.414
2026-06-12T16:00,andar-2,0.429
2026-06-12T16:15,andar-2,0.412
2026-06-12T16:30,andar-2,0.397
2026-06-12T16:45,andar-2,0.419
2026-06-12T17:00,andar-2,0.490
2026-06-12T17:15,andar-2,0.392
2026-06-12T17:30,andar-2,0.507
2026-06-12T17:45,andar-2,0.408
2026-06-12T18:00,andar-2,0.356
2026-06-12T18:15,andar-2,0.373
2026-06-12T18:30,andar-2,0.297
2026-06-12T18:45,andar-2,0.365
2026-06-12T19:00,andar-2,0.372
2026-06-12T19:15,andar-2,0.391
2026-06-12T19:30,andar-2,0.351
2026-06-12T19:45,andar-2,0.327
2026-06-12T20:00,andar-2,0.315
2026-06-12T20:15,andar-2,0.344
2026-06-12T20:30,andar-2,0.328
2026-06-12T20:45,andar-2,0.339
2026-06-12T21:00,andar-2,0.122
2026-06-12T21:15,andar-2,0.122
2026-06-12T21:30,andar-2,0.118
2026-06-12T21:45,andar-2,0.119
2026-06-12T22:00,andar-2,0.119
2026-06-12T22:15,andar-2,0.127
2026-06-12T22:30,andar-2,0.133
2026-06-12T22:45,andar-2,0.122
2026-06-12T23:00,andar-2,0.122
2026-06-12T23:15,andar-2,0.122
2026-06-12T23:30,andar-2,0.125
2026-06-12T23:45,andar-2,0.121
2026-06-13T00:00,andar-2,0.039
2026-06-13T00:15,andar-2,0.033
2026-06-13T00:30,andar-2,0.035
2026-06-13T00:45,andar-2,0.040
2026-06-13T01:00,andar-2,0.036
2026-06-13T01:15,andar-2,0.038
2026-06-13T01:30,andar-2,0.037
2026-06-13T01:45,andar-2,0.034
2026-06-13T02:00,andar-2,0.038
2026-06-13T02:15,andar-2,0.034
2026-06-13T02:30,andar-2,0.036
2026-06-13T02:45,andar-2,0.031
2026-06-13T03:00,andar-2,0.037
2026-06-13T03:15,andar-2,0.032
2026-06-13T03:30,andar-2,0.036
2026-06-13T03:45,andar-2,0.038
2026-06-13T04:00,andar-2,0.032
2026-06-13T04:15,andar-2,0.031
2026-06-13T04:30,andar-2,0.042
2026-06-13T04:45,andar-2,0.034
2026-06-13T05:00,andar-2,0.036
2026-06-13T05:15,andar-2,0.038
2026-06-13T05:30,andar-2,0.035
2026-06-13T05:45,andar-2,0.038
2026-06-13T06:00,andar-2,0.105
2026-06-13T06:15,andar-2,0.112
2026-06-13T06:30,andar-2,0.108
2026-06-13T06:45,andar-2,0.111
2026-06-13T07:00,andar-2,0.103
2026-06-13T07:15,andar-2,0.112
2026-06-13T07:30,andar-2,0.099
2026-06-13T07:45,andar-2,0.101
2026-06-13T08:00,andar-2,0.103
2026-06-13T08:15,andar-2,0.111
2026-06-13T08:30,andar-2,0.122
2026-06-13T08:45,andar-2,0.119
2026-06-13T09:00,andar-2,0.223
2026-06-13T09:15,andar-2,0.209
2026-06-13T09:30,andar-2,0.209
2026-06-13T09:45,andar-2,0.197
2026-06-13T10:00,andar-2,0.201
2026-06-13T10:15,andar-2,0.213
2026-06-13T10:30,andar-2,0.189
2026-06-13T10:45,andar-2,0.165
2026-06-13T11:00,andar-2,0.192
2026-06-13T11:15,andar-2,0.187
2026-06-13T11:30,andar-2,0.231
2026-06-13T11:45,andar-2,0.192
2026-06-13T12:00,andar-2,0.210
2026-06-13T12:15,andar-2,0.206
2026-06-13T12:30,andar-2,0.221
2026-06-13T12:45,andar-2,0.183
2026-06-13T13:00,andar-2,0.209
2026-06-13T13:15,andar-2,0.200
2026-06-13T13:30,andar-2,0.199
2026-06-13T13:45,andar-2,0.200
2026-06-13T14:00,andar-2,0.199
2026-06-13T14:15,andar-2,0.200
2026-06-13T14:30,andar-2,0.205
2026-06-13T14:45,andar-2,0.172
2026-06-13T15:00,andar-2,0.177
2026-06-13T15:15,andar-2,0.194
2026-06-13T15:30,andar-2,0.219
2026-06-13T15:45,andar-2,0.191
2026-06-13T16:00,andar-2,0.204
2026-06-13T16:15,andar-2,0.201
2026-06-13T16:30,andar-2,0.186
2026-06-13T16:45,andar-2,0.220
2026-06-13T17:00,andar-2,0.208
2026-06-13T17:15,andar-2,0.211
2026-06-13T17:30,andar-2,0.202
2026-06-13T17:45,andar-2,0.192
2026-06-13T18:00,andar-2,0.154
2026-06-13T18:15,andar-2,0.162
2026-06-13T18:30,andar-2,0.148
2026-06-13T18:45,andar-2,0.131
2026-06-13T19:00,andar-2,0.163
2026-06-13T19:15,andar-2,0.179
2026-06-13T19:30,andar-2,0.171
2026-06-13T19:45,andar-2,0.174
2026-06-13T20:00,andar-2,0.155
2026-06-13T20:15,andar-2,0.180
2026-06-13T20:30,andar-2,0.155
2026-06-13T20:45,andar-2,0.161
2026-06-13T21:00,andar-2,0.050
2026-06-13T21:15,andar-2,0.061
2026-06-13T21:30,andar-2,0.055
2026-06-13T21:45,andar-2,0.053
2026-06-13T22:00,andar-2,0.049
2026-06-13T22:15,andar-2,0.051
2026-06-13T22:30,andar-2,0.055
2026-06-13T22:45,andar-2,0.056
2026-06-13T23:00,andar-2,0.051
2026-06-13T23:15,andar-2,0.057
2026-06-13T23:30,andar-2,0.047
2026-06-13T23:45,andar-2,0.050
2026-06-14T00:00,andar-2,0.036
2026-06-14T00:15,andar-2,0.034
2026-06-14T00:30,andar-2,0.036
2026-06-14T00:45,andar-2,0.039
2026-06-14T01:00,andar-2,0.034
2026-06-14T01:15,andar-2,0.035
2026-06-14T01:30,andar-2,0.042
2026-06-14T01:45,andar-2,0.035
2026-06-14T02:00,andar-2,0.035
2026-06-14T02:15,andar-2,0.035
2026-06-14T02:30,andar-2,0.040
2026-06-14T02:45,andar-2,0.033
2026-06-14T03:00,andar-2,0.035
2026-06-14T03:15,andar-2,0.034
2026-06-14T03:30,andar-2,0.036
2026-06-14T03:45,andar-2,0.038
2026-06-14T04:00,andar-2,0.041
2026-06-14T04:15,andar-2,0.035
2026-06-14T04:30,andar-2,0.039
2026-06-14T04:45,andar-2,0.037
2026-06-14T05:00,andar-2,0.037
2026-06-14T05:15,andar-2,0.032
2026-06-14T05:30,andar-2,0.029
2026-06-14T05:45,andar-2,0.037
2026-06-14T06:00,andar-2,0.112
2026-06-14T06:15,andar-2,0.132
2026-06-14T06:30,andar-2,0.148
2026-06-14T06:45,andar-2,0.106
2026-06-14T07:00,andar-2,0.106
2026-06-14T07:15,andar-2,0.130
2026-06-14T07:30,andar-2,0.112
2026-06-14T07:45,andar-2,0.119
2026-06-14T08:00,andar-2,0.117
2026-06-14T08:15,andar-2,0.111
2026-06-14T08:30,andar-2,0.124
2026-06-14T08:45,andar-2,0.108
2026-06-14T09:00,andar-2,0.181
2026-06-14T09:15,andar-2,0.208
2026-06-14T09:30,andar-2,0.204
2026-06-14T09:45,andar-2,0.200
2026-06-14T10:00,andar-2,0.176
2026-06-14T10:15,andar-2,0.221
2026-06-14T10:30,andar-2,0.195
2026-06-14T10:45,andar-2,0.203
2026-06-14T11:00,andar-2,0.218
2026-06-14T11:15,andar-2,0.200
2026-06-14T11:30,andar-2,0.197
2026-06-14T11:45,andar-2,0.174
2026-06-14T12:00,andar-2,0.212
2026-06-14T12:15,andar-2,0.217
2026-06-14T12:30,andar-2,0.183
2026-06-14T12:45,andar-2,0.208
2026-06-14T13:00,andar-2,0.221
2026-06-14T13:15,andar-2,0.203
2026-06-14T13:30,andar-2,0.203
2026-06-14T13:45,andar-2,0.211
2026-06-14T14:00,andar-2,0.208
2026-06-14T14:15,andar-2,0.223
2026-06-14T14:30,andar-2,0.194
2026-06-14T14:45,andar-2,0.215
2026-06-14T15:00,andar-2,0.212
2026-06-14T15:15,andar-2,0.196
2026-06-14T15:30,andar-2,0.205
2026-06-14T15:45,andar-2,0.218
2026-06-14T16:00,andar-2,0.221
2026-06-14T16:15,andar-2,0.213
2026-06-14T16:30,andar-2,0.213
2026-06-14T16:45,andar-2,0.205
2026-06-14T17:00,andar-2,0.203
2026-06-14T17:15,andar-2,0.230
2026-06-14T17:30,andar-2,0.185
2026-06-14T17:45,andar-2,0.160
2026-06-14T18:00,andar-2,0.164
2026-06-14T18:15,andar-2,0.156
2026-06-14T18:30,andar-2,0.143
2026-06-14T18:45,andar-2,0.180
2026-06-14T19:00,andar-2,0.131
2026-06-14T19:15,andar-2,0.145
2026-06-14T19:30,andar-2,0.186
2026-06-14T19:45,andar-2,0.167
2026-06-14T20:00,andar-2,0.158
2026-06-14T20:15,andar-2,0.133
2026-06-14T20:30,andar-2,0.174
2026-06-14T20:45,andar-2,0.127
2026-06-14T21:00,andar-2,0.058
2026-06-14T21:15,andar-2,0.052
2026-06-14T21:30,andar-2,0.051
2026-06-14T21:45,andar-2,0.057
2026-06-14T22:00,andar-2,0.056
2026-06-14T22:15,andar-2,0.050
2026-06-14T22:30,andar-2,0.051
2026-06-14T22:45,andar-2,0.054
2026-06-14T23:00,andar-2,0.045
2026-06-14T23:15,andar-2,0.057
2026-06-14T23:30,andar-2,0.055
2026-06-14T23:45,andar-2,0.054
2026-06-15T00:00,andar-2,0.084
2026-06-15T00:15,andar-2,0.078
2026-06-15T00:30,andar-2,0.080
2026-06-15T00:45,andar-2,0.076
2026-06-15T01:00,andar-2,0.075
2026-06-15T01:15,andar-2,0.074
2026-06-15T01:30,andar-2,0.086
2026-06-15T01:45,andar-2,0.077
2026-06-15T02:00,andar-2,0.082
2026-06-15T02:15,andar-2,0.077
2026-06-15T02:30,andar-2,0.082
2026-06-15T02:45,andar-2,0.070
2026-06-15T03:00,andar-2,0.078
2026-06-15T03:15,andar-2,0.072
2026-06-15T03:30,andar-2,0.077
2026-06-15T03:45,andar-2,0.086
2026-06-15T04:00,andar-2,0.076
2026-06-15T04:15,andar-2,0.085
2026-06-15T04:30,andar-2,0.078
2026-06-15T04:45,andar-2,0.099
2026-06-15T05:00,andar-2,0.076
2026-06-15T05:15,andar-2,0.081
2026-06-15T05:30,andar-2,0.076
2026-06-15T05:45,andar-2,0.075
2026-06-15T06:00,andar-2,0.201
2026-06-15T06:15,andar-2,0.215
2026-06-15T06:30,andar-2,0.218
2026-06-15T06:45,andar-2,0.235
2026-06-15T07:00,andar-2,0.243
2026-06-15T07:15,andar-2,0.227
2026-06-15T07:30,andar-2,0.231
2026-06-15T07:45,andar-2,0.259
2026-06-15T08:00,andar-2,0.233
2026-06-15T08:15,andar-2,0.245
2026-06-15T08:30,andar-2,0.260
2026-06-15T08:45,andar-2,0.260
2026-06-15T09:00,andar-2,0.463
2026-06-15T09:15,andar-2,0.423
2026-06-15T09:30,andar-2,0.447
2026-06-15T09:45,andar-2,0.473
2026-06-15T10:00,andar-2,0.367
2026-06-15T10:15,andar-2,0.506
2026-06-15T10:30,andar-2,0.336
2026-06-15T10:45,andar-2,0.466
2026-06-15T11:00,andar-2,0.506
2026-06-15T11:15,andar-2,0.457
2026-06-15T11:30,andar-2,0.499
2026-06-15T11:45,andar-2,0.488
2026-06-15T12:00,andar-2,0.462
2026-06-15T12:15,andar-2,0.486
2026-06-15T12:30,andar-2,0.404
2026-06-15T12:45,andar-2,0.456
2026-06-15T13:00,andar-2,0.498
2026-06-15T13:15,andar-2,0.431
2026-06-15T13:30,andar-2,0.493
2026-06-15T13:45,andar-2,0.444
2026-06-15T14:00,andar-2,0.409
2026-06-15T14:15,andar-2,0.528
2026-06-15T14:30,andar-2,0.425
2026-06-15T14:45,andar-2,0.465
2026-06-15T15:00,andar-2,0.450
2026-06-15T15:15,andar-2,0.439
2026-06-15T15:30,andar-2,0.452
2026-06-15T15:45,andar-2,0.427
2026-06-15T16:00,andar-2,0.415
2026-06-15T16:15,andar-2,0.447
2026-06-15T16:30,andar-2,0.432
2026-06-15T16:45,andar-2,0.454
2026-06-15T17:00,andar-2,0.435
2026-06-15T17:15,andar-2,0.507
2026-06-15T17:30,andar-2,0.464
2026-06-15T17:45,andar-2,0.448
2026-06-15T18:00,andar-2,0.356
2026-06-15T18:15,andar-2,0.289
2026-06-15T18:30,andar-2,0.353
2026-06-15T18:45,andar-2,0.346
2026-06-15T19:00,andar-2,0.353
2026-06-15T19:15,andar-2,0.369
2026-06-15T19:30,andar-2,0.329
2026-06-15T19:45,andar-2,0.369
2026-06-15T20:00,andar-2,0.317
2026-06-15T20:15,andar-2,0.331
2026-06-15T20:30,andar-2,0.367
2026-06-15T20:45,andar-2,0.332
2026-06-15T21:00,andar-2,0.130
2026-06-15T21:15,andar-2,0.108
2026-06-15T21:30,andar-2,0.102
2026-06-15T21:45,andar-2,0.127
2026-06-15T22:00,andar-2,0.129
2026-06-15T22:15,andar-2,0.132
2026-06-15T22:30,andar-2,0.113
2026-06-15T22:45,andar-2,0.144
2026-06-15T23:00,andar-2,0.122
2026-06-15T23:15,andar-2,0.123
2026-06-15T23:30,andar-2,0.118
2026-06-15T23:45,andar-2,0.104
2026-06-16T00:00,andar-2,0.071
2026-06-16T00:15,andar-2,0.094
2026-06-16T00:30,andar-2,0.083
2026-06-16T00:45,andar-2,0.076
2026-06-16T01:00,andar-2,0.073
2026-06-16T01:15,andar-2,0.082
2026-06-16T01:30,andar-2,0.084
2026-06-16T01:45,andar-2,0.082
2026-06-16T02:00,andar-2,0.077
2026-06-16T02:15,andar-2,0.084
2026-06-16T02:30,andar-2,0.085
2026-06-16T02:45,andar-2,0.089
2026-06-16T03:00,andar-2,0.065
2026-06-16T03:15,andar-2,0.092
2026-06-16T03:30,andar-2,0.077
2026-06-16T03:45,andar-2,0.081
2026-06-16T04:00,andar-2,0.087
2026-06-16T04:15,andar-2,0.073
2026-06-16T04:30,andar-2,0.069
2026-06-16T04:45,andar-2,0.075
2026-06-16T05:00,andar-2,0.080
2026-06-16T05:15,andar-2,0.087
2026-06-16T05:30,andar-2,0.087
2026-06-16T05:45,andar-2,0.093
2026-06-16T06:00,andar-2,0.247
2026-06-16T06:15,andar-2,0.250
2026-06-16T06:30,andar-2,0.271
2026-06-16T06:45,andar-2,0.259
2026-06-16T07:00,andar-2,0.264
2026-06-16T07:15,andar-2,0.206
2026-06-16T07:30,andar-2,0.233
2026-06-16T07:45,andar-2,0.267
2026-06-16T08:00,andar-2,0.294
2026-06-16T08:15,andar-2,0.282
2026-06-16T08:30,andar-2,0.257
2026-06-16T08:45,andar-2,0.253
2026-06-16T09:00,andar-2,0.474
2026-06-16T09:15,andar-2,0.470
2026-06-16T09:30,andar-2,0.477
2026-06-16T09:45,andar-2,0.478
2026-06-16T10:00,andar-2,0.458
2026-06-16T10:15,andar-2,0.463
2026-06-16T10:30,andar-2,0.391
2026-06-16T10:45,andar-2,0.365
2026-06-16T11:00,andar-2,0.489
2026-06-16T11:15,andar-2,0.435
2026-06-16T11:30,andar-2,0.449
2026-06-16T11:45,andar-2,0.478
2026-06-16T12:00,andar-2,0.431
2026-06-16T12:15,andar-2,0.449
2026-06-16T12:30,andar-2,0.379
2026-06-16T12:45,andar-2,0.439
2026-06-16T13:00,andar-2,0.498
2026-06-16T13:15,andar-2,0.441
2026-06-16T13:30,andar-2,0.447
2026-06-16T13:45,andar-2,0.438
2026-06-16T14:00,andar-2,0.486
2026-06-16T14:15,andar-2,0.472
2026-06-16T14:30,andar-2,0.467
2026-06-16T14:45,andar-2,0.470
2026-06-16T15:00,andar-2,0.441
2026-06-16T15:15,andar-2,0.428
2026-06-16T15:30,andar-2,0.401
2026-06-16T15:45,andar-2,0.418
2026-06-16T16:00,andar-2,0.478
2026-06-16T16:15,andar-2,0.443
2026-06-16T16:30,andar-2,0.430
2026-06-16T16:45,andar-2,0.579
2026-06-16T17:00,andar-2,0.409
2026-06-16T17:15,andar-2,0.454
2026-06-16T17:30,andar-2,0.468
2026-06-16T17:45,andar-2,0.471
2026-06-16T18:00,andar-2,0.329
2026-06-16T18:15,andar-2,0.344
2026-06-16T18:30,andar-2,0.305
2026-06-16T18:45,andar-2,0.342
2026-06-16T19:00,andar-2,0.314
2026-06-16T19:15,andar-2,0.316
2026-06-16T19:30,andar-2,0.375
2026-06-16T19:45,andar-2,0.334
2026-06-16T20:00,andar-2,0.359
2026-06-16T20:15,andar-2,0.380
2026-06-16T20:30,andar-2,0.314
2026-06-16T20:45,andar-2,0.376
2026-06-16T21:00,andar-2,0.110
2026-06-16T21:15,andar-2,0.103
2026-06-16T21:30,andar-2,0.119
2026-06-16T21:45,andar-2,0.139
2026-06-16T22:00,andar-2,0.125
2026-06-16T22:15,andar-2,0.113
2026-06-16T22:30,andar-2,0.125
2026-06-16T22:45,andar-2,0.132
2026-06-16T23:00,andar-2,0.130
2026-06-16T23:15,andar-2,0.128
2026-06-16T23:30,andar-2,0.120
2026-06-16T23:45,andar-2,0.113
2026-06-17T00:00,andar-2,0.084
2026-06-17T00:15,andar-2,0.085
2026-06-17T00:30,andar-2,0.073
2026-06-17T00:45,andar-2,0.075
2026-06-17T01:00,andar-2,0.081
2026-06-17T01:15,andar-2,0.087
2026-06-17T01:30,andar-2,0.086
2026-06-17T01:45,andar-2,0.077
2026-06-17T02:00,andar-2,0.073
2026-06-17T02:15,andar-2,0.080
2026-06-17T02:30,andar-2,0.075
2026-06-17T02:45,andar-2,0.084
2026-06-17T03:00,andar-2,0.079
2026-06-17T03:15,andar-2,0.071
2026-06-17T03:30,andar-2,0.084
2026-06-17T03:45,andar-2,0.075
2026-06-17T04:00,andar-2,0.082
2026-06-17T04:15,andar-2,0.083
2026-06-17T04:30,andar-2,0.070
2026-06-17T04:45,andar-2,0.074
2026-06-17T05:00,andar-2,0.083
2026-06-17T05:15,andar-2,0.077
2026-06-17T05:30,andar-2,0.086
2026-06-17T05:45,andar-2,0.071
2026-06-17T06:00,andar-2,0.242
2026-06-17T06:15,andar-2,0.261
2026-06-17T06:30,andar-2,0.265
2026-06-17T06:45,andar-2,0.245
2026-06-17T07:00,andar-2,0.243
2026-06-17T07:15,andar-2,0.273
2026-06-17T07:30,andar-2,0.229
2026-06-17T07:45,andar-2,0.235
2026-06-17T08:00,andar-2,0.270
2026-06-17T08:15,andar-2,0.258
2026-06-17T08:30,andar-2,0.272
2026-06-17T08:45,andar-2,0.271
2026-06-17T09:00,andar-2,0.461
2026-06-17T09:15,andar-2,0.442
2026-06-17T09:30,andar-2,0.363
2026-06-17T09:45,andar-2,0.425
2026-06-17T10:00,andar-2,0.425
2026-06-17T10:15,andar-2,0.465
2026-06-17T10:30,andar-2,0.461
2026-06-17T10:45,andar-2,0.439
2026-06-17T11:00,andar-2,0.394
2026-06-17T11:15,andar-2,0.422
2026-06-17T11:30,andar-2,0.440
2026-06-17T11:45,andar-2,0.522
2026-06-17T12:00,andar-2,0.431
2026-06-17T12:15,andar-2,0.387
2026-06-17T12:30,andar-2,0.495
2026-06-17T12:45,andar-2,0.464
2026-06-17T13:00,andar-2,0.461
2026-06-17T13:15,andar-2,0.501
2026-06-17T13:30,andar-2,0.490
2026-06-17T13:45,andar-2,0.437
2026-06-17T14:00,andar-2,0.507
2026-06-17T14:15,andar-2,0.418
2026-06-17T14:30,andar-2,0.425
2026-06-17T14:45,andar-2,0.403
2026-06-17T15:00,andar-2,0.435
2026-06-17T15:15,andar-2,0.398
2026-06-17T15:30,andar-2,0.521
2026-06-17T15:45,andar-2,0.439
2026-06-17T16:00,andar-2,0.420
2026-06-17T16:15,andar-2,0.409
2026-06-17T16:30,andar-2,0.421
2026-06-17T16:45,andar-2,0.423
2026-06-17T17:00,andar-2,0.469
2026-06-17T17:15,andar-2,0.469
2026-06-17T17:30,andar-2,0.458
2026-06-17T17:45,andar-2,0.442
2026-06-17T18:00,andar-2,0.304
2026-06-17T18:15,andar-2,0.384
2026-06-17T18:30,andar-2,0.331
2026-06-17T18:45,andar-2,0.345
2026-06-17T19:00,andar-2,0.387
2026-06-17T19:15,andar-2,0.393
2026-06-17T19:30,andar-2,0.359
2026-06-17T19:45,andar-2,0.367
2026-06-17T20:00,andar-2,0.309
2026-06-17T20:15,andar-2,0.345
2026-06-17T20:30,andar-2,0.352
2026-06-17T20:45,andar-2,0.331
2026-06-17T21:00,andar-2,0.122
2026-06-17T21:15,andar-2,0.116
2026-06-17T21:30,andar-2,0.100
2026-06-17T21:45,andar-2,0.097
2026-06-17T22:00,andar-2,0.121
2026-06-17T22:15,andar-2,0.097
2026-06-17T22:30,andar-2,0.115
2026-06-17T22:45,andar-2,0.123
2026-06-17T23:00,andar-2,0.122
2026-06-17T23:15,andar-2,0.124
2026-06-17T23:30,andar-2,0.120
2026-06-17T23:45,andar-2,0.115
2026-06-18T00:00,andar-2,0.081
2026-06-18T00:15,andar-2,0.076
2026-06-18T00:30,andar-2,0.088
2026-06-18T00:45,andar-2,0.077
2026-06-18T01:00,andar-2,0.084
2026-06-18T01:15,andar-2,0.090
2026-06-18T01:30,andar-2,0.090
2026-06-18T01:45,andar-2,0.088
2026-06-18T02:00,andar-2,0.079
2026-06-18T02:15,andar-2,0.075
2026-06-18T02:30,andar-2,0.082
2026-06-18T02:45,andar-2,0.073
2026-06-18T03:00,andar-2,0.071
2026-06-18T03:15,andar-2,0.097
2026-06-18T03:30,andar-2,0.078
2026-06-18T03:45,andar-2,0.077
2026-06-18T04:00,andar-2,0.082
2026-06-18T04:15,andar-2,0.080
2026-06-18T04:30,andar-2,0.078
2026-06-18T04:45,andar-2,0.089
2026-06-18T05:00,andar-2,0.089
2026-06-18T05:15,andar-2,0.080
2026-06-18T05:30,andar-2,0.071
2026-06-18T05:45,andar-2,0.075
2026-06-18T06:00,andar-2,0.248
2026-06-18T06:15,andar-2,0.242
2026-06-18T06:30,andar-2,0.234
2026-06-18T06:45,andar-2,0.274
2026-06-18T07:00,andar-2,0.245
2026-06-18T07:15,andar-2,0.270
2026-06-18T07:30,andar-2,0.268
2026-06-18T07:45,andar-2,0.246
2026-06-18T08:00,andar-2,0.271
2026-06-18T08:15,andar-2,0.230
2026-06-18T08:30,andar-2,0.218
2026-06-18T08:45,andar-2,0.251
2026-06-18T09:00,andar-2,0.478
2026-06-18T09:15,andar-2,0.479
2026-06-18T09:30,andar-2,0.398
2026-06-18T09:45,andar-2,0.446
2026-06-18T10:00,andar-2,0.504
2026-06-18T10:15,andar-2,0.479
2026-06-18T10:30,andar-2,0.518
2026-06-18T10:45,andar-2,0.381
2026-06-18T11:00,andar-2,0.424
2026-06-18T11:15,andar-2,0.472
2026-06-18T11:30,andar-2,0.513
2026-06-18T11:45,andar-2,0.438
2026-06-18T12:00,andar-2,0.389
2026-06-18T12:15,andar-2,0.440
2026-06-18T12:30,andar-2,0.426
2026-06-18T12:45,andar-2,0.447
2026-06-18T13:00,andar-2,0.424
2026-06-18T13:15,andar-2,0.429
2026-06-18T13:30,andar-2,0.408
2026-06-18T13:45,andar-2,0.415
2026-06-18T14:00,andar-2,0.388
2026-06-18T14:15,andar-2,0.432
2026-06-18T14:30,andar-2,0.479
2026-06-18T14:45,andar-2,0.427
2026-06-18T15:00,andar-2,0.491
2026-06-18T15:15,andar-2,0.427
2026-06-18T15:30,andar-2,0.429
2026-06-18T15:45,andar-2,0.459
2026-06-18T16:00,andar-2,0.435
2026-06-18T16:15,andar-2,0.505
2026-06-18T16:30,andar-2,0.480
2026-06-18T16:45,andar-2,0.463
2026-06-18T17:00,andar-2,0.466
2026-06-18T17:15,andar-2,0.460
2026-06-18T17:30,andar-2,0.523
2026-06-18T17:45,andar-2,0.574
2026-06-18T18:00,andar-2,0.308
2026-06-18T18:15,andar-2,0.349
2026-06-18T18:30,andar-2,0.403
2026-06-18T18:45,andar-2,0.329
2026-06-18T19:00,andar-2,0.338
2026-06-18T19:15,andar-2,0.361
2026-06-18T19:30,andar-2,0.321
2026-06-18T19:45,andar-2,0.359
2026-06-18T20:00,andar-2,0.338
2026-06-18T20:15,andar-2,0.296
2026-06-18T20:30,andar-2,0.359
2026-06-18T20:45,andar-2,0.437
2026-06-18T21:00,andar-2,0.132
2026-06-18T21:15,andar-2,0.127
2026-06-18T21:30,andar-2,0.134
2026-06-18T21:45,andar-2,0.130
2026-06-18T22:00,andar-2,0.130
2026-06-18T22:15,andar-2,0.104
2026-06-18T22:30,andar-2,0.098
2026-06-18T22:45,andar-2,0.121
2026-06-18T23:00,andar-2,0.116
2026-06-18T23:15,andar-2,0.108
2026-06-18T23:30,andar-2,0.115
2026-06-18T23:45,andar-2,0.118
2026-06-19T00:00,andar-2,0.069
2026-06-19T00:15,andar-2,0.076
2026-06-19T00:30,andar-2,0.075
2026-06-19T00:45,andar-2,0.084
2026-06-19T01:00,andar-2,0.084
2026-06-19T01:15,andar-2,0.078
2026-06-19T01:30,andar-2,0.076
2026-06-19T01:45,andar-2,0.081
2026-06-19T02:00,andar-2,0.078
2026-06-19T02:15,andar-2,0.076
2026-06-19T02:30,andar-2,0.081
2026-06-19T02:45,andar-2,0.083
2026-06-19T03:00,andar-2,0.076
2026-06-19T03:15,andar-2,0.066
2026-06-19T03:30,andar-2,0.081
2026-06-19T03:45,andar-2,0.075
2026-06-19T04:00,andar-2,0.081
2026-06-19T04:15,andar-2,0.088
2026-06-19T04:30,andar-2,0.069
2026-06-19T04:45,andar-2,0.082
2026-06-19T05:00,andar-2,0.081
2026-06-19T05:15,andar-2,0.087
2026-06-19T05:30,andar-2,0.077
2026-06-19T05:45,andar-2,0.084
2026-06-19T06:00,andar-2,0.261
2026-06-19T06:15,andar-2,0.229
2026-06-19T06:30,andar-2,0.213
2026-06-19T06:45,andar-2,0.244
2026-06-19T07:00,andar-2,0.236
2026-06-19T07:15,andar-2,0.207
2026-06-19T07:30,andar-2,0.268
2026-06-19T07:45,andar-2,0.268
2026-06-19T08:00,andar-2,0.239
2026-06-19T08:15,andar-2,0.234
2026-06-19T08:30,andar-2,0.211
2026-06-19T08:45,andar-2,0.236
2026-06-19T09:00,andar-2,0.386
2026-06-19T09:15,andar-2,0.514
2026-06-19T09:30,andar-2,0.492
2026-06-19T09:45,andar-2,0.400
2026-06-19T10:00,andar-2,0.406
2026-06-19T10:15,andar-2,0.418
2026-06-19T10:30,andar-2,0.465
2026-06-19T10:45,andar-2,0.498
2026-06-19T11:00,andar-2,0.399
2026-06-19T11:15,andar-2,0.518
2026-06-19T11:30,andar-2,0.454
2026-06-19T11:45,andar-2,0.438
2026-06-19T12:00,andar-2,0.417
2026-06-19T12:15,andar-2,0.460
2026-06-19T12:30,andar-2,0.404
2026-06-19T12:45,andar-2,0.420
2026-06-19T13:00,andar-2,0.481
2026-06-19T13:15,andar-2,0.461
2026-06-19T13:30,andar-2,0.532
2026-06-19T13:45,andar-2,0.523
2026-06-19T14:00,andar-2,0.421
2026-06-19T14:15,andar-2,0.441
2026-06-19T14:30,andar-2,0.432
2026-06-19T14:45,andar-2,0.411
2026-06-19T15:00,andar-2,0.432
2026-06-19T15:15,andar-2,0.449
2026-06-19T15:30,andar-2,0.460
2026-06-19T15:45,andar-2,0.447
2026-06-19T16:00,andar-2,0.427
2026-06-19T16:15,andar-2,0.461
2026-06-19T16:30,andar-2,0.429
2026-06-19T16:45,andar-2,0.467
2026-06-19T17:00,andar-2,0.469
2026-06-19T17:15,andar-2,0.452
2026-06-19T17:30,andar-2,0.454
2026-06-19T17:45,andar-2,0.537
2026-06-19T18:00,andar-2,0.297
2026-06-19T18:15,andar-2,0.380
2026-06-19T18:30,andar-2,0.339
2026-06-19T18:45,andar-2,0.353
2026-06-19T19:00,andar-2,0.349
2026-06-19T19:15,andar-2,0.368
2026-06-19T19:30,andar-2,0.354
2026-06-19T19:45,andar-2,0.319
2026-06-19T20:00,andar-2,0.336
2026-06-19T20:15,andar-2,0.338
2026-06-19T20:30,andar-2,0.340
2026-06-19T20:45,andar-2,0.333
2026-06-19T21:00,andar-2,0.135
2026-06-19T21:15,andar-2,0.100
2026-06-19T21:30,andar-2,0.122
2026-06-19T21:45,andar-2,0.126
2026-06-19T22:00,andar-2,0.117
2026-06-19T22:15,andar-2,0.117
2026-06-19T22:30,andar-2,0.119
2026-06-19T22:45,andar-2,0.120
2026-06-19T23:00,andar-2,0.127
2026-06-19T23:15,andar-2,0.121
2026-06-19T23:30,andar-2,0.121
2026-06-19T23:45,andar-2,0.126
2026-06-20T00:00,andar-2,0.035
2026-06-20T00:15,andar-2,0.033
2026-06-20T00:30,andar-2,0.034
2026-06-20T00:45,andar-2,0.040
2026-06-20T01:00,andar-2,0.038
2026-06-20T01:15,andar-2,0.032
2026-06-20T01:30,andar-2,0.037
2026-06-20T01:45,andar-2,0.038
2026-06-20T02:00,andar-2,0.041
2026-06-20T02:15,andar-2,0.039
2026-06-20T02:30,andar-2,0.036
2026-06-20T02:45,andar-2,0.034
2026-06-20T03:00,andar-2,0.033
2026-06-20T03:15,andar-2,0.037
2026-06-20T03:30,andar-2,0.037
2026-06-20T03:45,andar-2,0.037
2026-06-20T04:00,andar-2,0.037
2026-06-20T04:15,andar-2,0.032
2026-06-20T04:30,andar-2,0.036
2026-06-20T04:45,andar-2,0.039
2026-06-20T05:00,andar-2,0.040
2026-06-20T05:15,andar-2,0.040
2026-06-20T05:30,andar-2,0.036
2026-06-20T05:45,andar-2,0.038
2026-06-20T06:00,andar-2,0.109
2026-06-20T06:15,andar-2,0.114
2026-06-20T06:30,andar-2,0.104
2026-06-20T06:45,andar-2,0.103
2026-06-20T07:00,andar-2,0.114
2026-06-20T07:15,andar-2,0.116
2026-06-20T07:30,andar-2,0.115
2026-06-20T07:45,andar-2,0.125
2026-06-20T08:00,andar-2,0.113
2026-06-20T08:15,andar-2,0.126
2026-06-20T08:30,andar-2,0.122
2026-06-20T08:45,andar-2,0.101
2026-06-20T09:00,andar-2,0.191
2026-06-20T09:15,andar-2,0.190
2026-06-20T09:30,andar-2,0.221
2026-06-20T09:45,andar-2,0.174
2026-06-20T10:00,andar-2,0.198
2026-06-20T10:15,andar-2,0.221
2026-06-20T10:30,andar-2,0.191
2026-06-20T10:45,andar-2,0.217
2026-06-20T11:00,andar-2,0.221
2026-06-20T11:15,andar-2,0.180
2026-06-20T11:30,andar-2,0.201
2026-06-20T11:45,andar-2,0.212
2026-06-20T12:00,andar-2,0.222
2026-06-20T12:15,andar-2,0.211
2026-06-20T12:30,andar-2,0.194
2026-06-20T12:45,andar-2,0.231
2026-06-20T13:00,andar-2,0.208
2026-06-20T13:15,andar-2,0.196
2026-06-20T13:30,andar-2,0.181
2026-06-20T13:45,andar-2,0.211
2026-06-20T14:00,andar-2,0.206
2026-06-20T14:15,andar-2,0.198
2026-06-20T14:30,andar-2,0.195
2026-06-20T14:45,andar-2,0.184
2026-06-20T15:00,andar-2,0.199
2026-06-20T15:15,andar-2,0.214
2026-06-20T15:30,andar-2,0.210
2026-06-20T15:45,andar-2,0.199
2026-06-20T16:00,andar-2,0.206
2026-06-20T16:15,andar-2,0.174
2026-06-20T16:30,andar-2,0.206
2026-06-20T16:45,andar-2,0.229
2026-06-20T17:00,andar-2,0.191
2026-06-20T17:15,andar-2,0.209
2026-06-20T17:30,andar-2,0.212
2026-06-20T17:45,andar-2,0.226
2026-06-20T18:00,andar-2,0.159
2026-06-20T18:15,andar-2,0.146
2026-06-20T18:30,andar-2,0.147
2026-06-20T18:45,andar-2,0.154
2026-06-20T19:00,andar-2,0.160
2026-06-20T19:15,andar-2,0.177
2026-06-20T19:30,andar-2,0.160
2026-06-20T19:45,andar-2,0.165
2026-06-20T20:00,andar-2,0.176
2026-06-20T20:15,andar-2,0.159
2026-06-20T20:30,andar-2,0.128
2026-06-20T20:45,andar-2,0.157
2026-06-20T21:00,andar-2,0.054
2026-06-20T21:15,andar-2,0.057
2026-06-20T21:30,andar-2,0.056
2026-06-20T21:45,andar-2,0.053
2026-06-20T22:00,andar-2,0.059
2026-06-20T22:15,andar-2,0.060
2026-06-20T22:30,andar-2,0.053
2026-06-20T22:45,andar-2,0.053
2026-06-20T23:00,andar-2,0.051
2026-06-20T23:15,andar-2,0.057
2026-06-20T23:30,andar-2,0.054
2026-06-20T23:45,andar-2,0.052
2026-06-21T00:00,andar-2,0.037
2026-06-21T00:15,andar-2,0.041
2026-06-21T00:30,andar-2,0.036
2026-06-21T00:45,andar-2,0.037
2026-06-21T01:00,andar-2,0.037
2026-06-21T01:15,andar-2,0.031
2026-06-21T01:30,andar-2,0.044
2026-06-21T01:45,andar-2,0.033
2026-06-21T02:00,andar-2,0.030
2026-06-21T02:15,andar-2,0.037
2026-06-21T02:30,andar-2,0.037
2026-06-21T02:45,andar-2,0.038
2026-06-21T03:00,andar-2,0.039
2026-06-21T03:15,andar-2,0.035
2026-06-21T03:30,andar-2,0.033
2026-06-21T03:45,andar-2,0.038
2026-06-21T04:00,andar-2,0.034
2026-06-21T04:15,andar-2,0.038
2026-06-21T04:30,andar-2,0.035
2026-06-21T04:45,andar-2,0.034
2026-06-21T05:00,andar-2,0.033
2026-06-21T05:15,andar-2,0.031
2026-06-21T05:30,andar-2,0.032
2026-06-21T05:45,andar-2,0.031
2026-06-21T06:00,andar-2,0.111
2026-06-21T06:15,andar-2,0.111
2026-06-21T06:30,andar-2,0.120
2026-06-21T06:45,andar-2,0.110
2026-06-21T07:00,andar-2,0.101
2026-06-21T07:15,andar-2,0.111
2026-06-21T07:30,andar-2,0.125
2026-06-21T07:45,andar-2,0.115
2026-06-21T08:00,andar-2,0.109
2026-06-21T08:15,andar-2,0.112
2026-06-21T08:30,andar-2,0.113
2026-06-21T08:45,andar-2,0.111
2026-06-21T09:00,andar-2,0.206
2026-06-21T09:15,andar-2,0.217
2026-06-21T09:30,andar-2,0.172
2026-06-21T09:45,andar-2,0.190
2026-06-21T10:00,andar-2,0.201
2026-06-21T10:15,andar-2,0.195
2026-06-21T10:30,andar-2,0.201
2026-06-21T10:45,andar-2,0.176
2026-06-21T11:00,andar-2,0.197
2026-06-21T11:15,andar-2,0.240
2026-06-21T11:30,andar-2,0.209
2026-06-21T11:45,andar-2,0.212
2026-06-21T12:00,andar-2,0.176
2026-06-21T12:15,andar-2,0.192
2026-06-21T12:30,andar-2,0.177
2026-06-21T12:45,andar-2,0.194
2026-06-21T13:00,andar-2,0.204
2026-06-21T13:15,andar-2,0.219
2026-06-21T13:30,andar-2,0.208
2026-06-21T13:45,andar-2,0.217
2026-06-21T14:00,andar-2,0.180
2026-06-21T14:15,andar-2,0.194
2026-06-21T14:30,andar-2,0.177
2026-06-21T14:45,andar-2,0.196
2026-06-21T15:00,andar-2,0.202
2026-06-21T15:15,andar-2,0.196
2026-06-21T15:30,andar-2,0.211
2026-06-21T15:45,andar-2,0.204
2026-06-21T16:00,andar-2,0.227
2026-06-21T16:15,andar-2,0.207
2026-06-21T16:30,andar-2,0.212
2026-06-21T16:45,andar-2,0.215
2026-06-21T17:00,andar-2,0.197
2026-06-21T17:15,andar-2,0.217
2026-06-21T17:30,andar-2,0.189
2026-06-21T17:45,andar-2,0.225
2026-06-21T18:00,andar-2,0.148
2026-06-21T18:15,andar-2,0.153
2026-06-21T18:30,andar-2,0.162
2026-06-21T18:45,andar-2,0.141
2026-06-21T19:00,andar-2,0.150
2026-06-21T19:15,andar-2,0.148
2026-06-21T19:30,andar-2,0.160
2026-06-21T19:45,andar-2,0.142
2026-06-21T20:00,andar-2,0.168
2026-06-21T20:15,andar-2,0.168
2026-06-21T20:30,andar-2,0.159
2026-06-21T20:45,andar-2,0.164
2026-06-21T21:00,andar-2,0.048
2026-06-21T21:15,andar-2,0.057
2026-06-21T21:30,andar-2,0.058
2026-06-21T21:45,andar-2,0.054
2026-06-21T22:00,andar-2,0.055
2026-06-21T22:15,andar-2,0.052
2026-06-21T22:30,andar-2,0.068
2026-06-21T22:45,andar-2,0.048
2026-06-21T23:00,andar-2,0.049
2026-06-21T23:15,andar-2,0.053
2026-06-21T23:30,andar-2,0.055
2026-06-21T23:45,andar-2,0.055
2026-06-22T00:00,andar-2,0.091
2026-06-22T00:15,andar-2,0.083
2026-06-22T00:30,andar-2,0.081
2026-06-22T00:45,andar-2,0.077
2026-06-22T01:00,andar-2,0.095
2026-06-22T01:15,andar-2,0.077
2026-06-22T01:30,andar-2,0.076
2026-06-22T01:45,andar-2,0.073
2026-06-22T02:00,andar-2,0.080
2026-06-22T02:15,andar-2,0.080
2026-06-22T02:30,andar-2,0.079
2026-06-22T02:45,andar-2,0.088
2026-06-22T03:00,andar-2,0.069
2026-06-22T03:15,andar-2,0.086
2026-06-22T03:30,andar-2,0.083
2026-06-22T03:45,andar-2,0.085
2026-06-22T04:00,andar-2,0.080
2026-06-22T04:15,andar-2,0.087
2026-06-22T04:30,andar-2,0.074
2026-06-22T04:45,andar-2,0.084
2026-06-22T05:00,andar-2,0.076
2026-06-22T05:15,andar-2,0.075
2026-06-22T05:30,andar-2,0.072
2026-06-22T05:45,andar-2,0.076
2026-06-22T06:00,andar-2,0.241
2026-06-22T06:15,andar-2,0.241
2026-06-22T06:30,andar-2,0.262
2026-06-22T06:45,andar-2,0.232
2026-06-22T07:00,andar-2,0.251
2026-06-22T07:15,andar-2,0.236
2026-06-22T07:30,andar-2,0.278
2026-06-22T07:45,andar-2,0.280
2026-06-22T08:00,andar-2,0.250
2026-06-22T08:15,andar-2,0.266
2026-06-22T08:30,andar-2,0.251
2026-06-22T08:45,andar-2,0.268
2026-06-22T09:00,andar-2,0.465
2026-06-22T09:15,andar-2,0.457
2026-06-22T09:30,andar-2,0.448
2026-06-22T09:45,andar-2,0.406
2026-06-22T10:00,andar-2,0.406
2026-06-22T10:15,andar-2,0.439
2026-06-22T10:30,andar-2,0.403
2026-06-22T10:45,andar-2,0.469
2026-06-22T11:00,andar-2,0.450
2026-06-22T11:15,andar-2,0.422
2026-06-22T11:30,andar-2,0.476
2026-06-22T11:45,andar-2,0.468
2026-06-22T12:00,andar-2,0.407
2026-06-22T12:15,andar-2,0.424
2026-06-22T12:30,andar-2,0.391
2026-06-22T12:45,andar-2,0.472
2026-06-22T13:00,andar-2,0.517
2026-06-22T13:15,andar-2,0.514
2026-06-22T13:30,andar-2,0.498
2026-06-22T13:45,andar-2,0.457
2026-06-22T14:00,andar-2,0.406
2026-06-22T14:15,andar-2,0.471
2026-06-22T14:30,andar-2,0.483
2026-06-22T14:45,andar-2,0.432
2026-06-22T15:00,andar-2,0.460
2026-06-22T15:15,andar-2,0.450
2026-06-22T15:30,andar-2,0.436
2026-06-22T15:45,andar-2,0.482
2026-06-22T16:00,andar-2,0.483
2026-06-22T16:15,andar-2,0.458
2026-06-22T16:30,andar-2,0.454
2026-06-22T16:45,andar-2,0.462
2026-06-22T17:00,andar-2,0.447
2026-06-22T17:15,andar-2,0.389
2026-06-22T17:30,andar-2,0.375
2026-06-22T17:45,andar-2,0.450
2026-06-22T18:00,andar-2,0.329
2026-06-22T18:15,andar-2,0.361
2026-06-22T18:30,andar-2,0.316
2026-06-22T18:45,andar-2,0.311
2026-06-22T19:00,andar-2,0.362
2026-06-22T19:15,andar-2,0.311
2026-06-22T19:30,andar-2,0.321
2026-06-22T19:45,andar-2,0.334
2026-06-22T20:00,andar-2,0.384
2026-06-22T20:15,andar-2,0.326
2026-06-22T20:30,andar-2,0.398
2026-06-22T20:45,andar-2,0.363
2026-06-22T21:00,andar-2,0.116
2026-06-22T21:15,andar-2,0.111
2026-06-22T21:30,andar-2,0.112
2026-06-22T21:45,andar-2,0.112
2026-06-22T22:00,andar-2,0.109
2026-06-22T22:15,andar-2,0.113
2026-06-22T22:30,andar-2,0.118
2026-06-22T22:45,andar-2,0.111
2026-06-22T23:00,andar-2,0.103
2026-06-22T23:15,andar-2,0.139
2026-06-22T23:30,andar-2,0.121
2026-06-22T23:45,andar-2,0.125
2026-06-23T00:00,andar-2,0.075
2026-06-23T00:15,andar-2,0.072
2026-06-23T00:30,andar-2,0.079
2026-06-23T00:45,andar-2,0.080
2026-06-23T01:00,andar-2,0.076
2026-06-23T01:15,andar-2,0.083
2026-06-23T01:30,andar-2,0.076
2026-06-23T01:45,andar-2,0.074
2026-06-23T02:00,andar-2,0.085
2026-06-23T02:15,andar-2,0.086
2026-06-23T02:30,andar-2,0.061
2026-06-23T02:45,andar-2,0.081
2026-06-23T03:00,andar-2,0.096
2026-06-23T03:15,andar-2,0.083
2026-06-23T03:30,andar-2,0.070
2026-06-23T03:45,andar-2,0.073
2026-06-23T04:00,andar-2,0.083
2026-06-23T04:15,andar-2,0.083
2026-06-23T04:30,andar-2,0.086
2026-06-23T04:45,andar-2,0.073
2026-06-23T05:00,andar-2,0.074
2026-06-23T05:15,andar-2,0.074
2026-06-23T05:30,andar-2,0.075
2026-06-23T05:45,andar-2,0.077
2026-06-23T06:00,andar-2,0.260
2026-06-23T06:15,andar-2,0.240
2026-06-23T06:30,andar-2,0.241
2026-06-23T06:45,andar-2,0.240
2026-06-23T07:00,andar-2,0.213
2026-06-23T07:15,andar-2,0.247
2026-06-23T07:30,andar-2,0.276
2026-06-23T07:45,andar-2,0.262
2026-06-23T08:00,andar-2,0.226
2026-06-23T08:15,andar-2,0.224
2026-06-23T08:30,andar-2,0.247
2026-06-23T08:45,andar-2,0.271
2026-06-23T09:00,andar-2,0.534
2026-06-23T09:15,andar-2,0.436
2026-06-23T09:30,andar-2,0.445
2026-06-23T09:45,andar-2,0.438
2026-06-23T10:00,andar-2,0.438
2026-06-23T10:15,andar-2,0.504
2026-06-23T10:30,andar-2,0.460
2026-06-23T10:45,andar-2,0.481
2026-06-23T11:00,andar-2,0.416
2026-06-23T11:15,andar-2,0.466
2026-06-23T11:30,andar-2,0.413
2026-06-23T11:45,andar-2,0.421
2026-06-23T12:00,andar-2,0.402
2026-06-23T12:15,andar-2,0.413
2026-06-23T12:30,andar-2,0.444
2026-06-23T12:45,andar-2,0.460
2026-06-23T13:00,andar-2,0.517
2026-06-23T13:15,andar-2,0.409
2026-06-23T13:30,andar-2,0.493
2026-06-23T13:45,andar-2,0.460
2026-06-23T14:00,andar-2,0.459
2026-06-23T14:15,andar-2,0.401
2026-06-23T14:30,andar-2,0.469
2026-06-23T14:45,andar-2,0.470
2026-06-23T15:00,andar-2,0.402
2026-06-23T15:15,andar-2,0.398
2026-06-23T15:30,andar-2,0.455
2026-06-23T15:45,andar-2,0.510
2026-06-23T16:00,andar-2,0.437
2026-06-23T16:15,andar-2,0.446
2026-06-23T16:30,andar-2,0.436
2026-06-23T16:45,andar-2,0.432
2026-06-23T17:00,andar-2,0.412
2026-06-23T17:15,andar-2,0.506
2026-06-23T17:30,andar-2,0.370
2026-06-23T17:45,andar-2,0.506
2026-06-23T18:00,andar-2,0.355
2026-06-23T18:15,andar-2,0.389
2026-06-23T18:30,andar-2,0.341
2026-06-23T18:45,andar-2,0.335
2026-06-23T19:00,andar-2,0.354
2026-06-23T19:15,andar-2,0.360
2026-06-23T19:30,andar-2,0.361
2026-06-23T19:45,andar-2,0.310
2026-06-23T20:00,andar-2,0.312
2026-06-23T20:15,andar-2,0.354
2026-06-23T20:30,andar-2,0.331
2026-06-23T20:45,andar-2,0.381
2026-06-23T21:00,andar-2,0.134
2026-06-23T21:15,andar-2,0.122
2026-06-23T21:30,andar-2,0.124
2026-06-23T21:45,andar-2,0.118
2026-06-23T22:00,andar-2,0.122
2026-06-23T22:15,andar-2,0.119
2026-06-23T22:30,andar-2,0.125
2026-06-23T22:45,andar-2,0.098
2026-06-23T23:00,andar-2,0.124
2026-06-23T23:15,andar-2,0.133
2026-06-23T23:30,andar-2,0.110
2026-06-23T23:45,andar-2,0.121
2026-06-24T00:00,andar-2,0.089
2026-06-24T00:15,andar-2,0.071
2026-06-24T00:30,andar-2,0.078
2026-06-24T00:45,andar-2,0.072
2026-06-24T01:00,andar-2,0.087
2026-06-24T01:15,andar-2,0.075
2026-06-24T01:30,andar-2,0.081
2026-06-24T01:45,andar-2,0.082
2026-06-24T02:00,andar-2,0.075
2026-06-24T02:15,andar-2,0.099
2026-06-24T02:30,andar-2,0.075
2026-06-24T02:45,andar-2,0.093
2026-06-24T03:00,andar-2,0.078
2026-06-24T03:15,andar-2,0.078
2026-06-24T03:30,andar-2,0.070
2026-06-24T03:45,andar-2,0.093
2026-06-24T04:00,andar-2,0.078
2026-06-24T04:15,andar-2,0.082
2026-06-24T04:30,andar-2,0.075
2026-06-24T04:45,andar-2,0.069
2026-06-24T05:00,andar-2,0.071
2026-06-24T05:15,andar-2,0.075
2026-06-24T05:30,andar-2,0.074
2026-06-24T05:45,andar-2,0.071
2026-06-24T06:00,andar-2,0.265
2026-06-24T06:15,andar-2,0.257
2026-06-24T06:30,andar-2,0.253
2026-06-24T06:45,andar-2,0.264
2026-06-24T07:00,andar-2,0.238
2026-06-24T07:15,andar-2,0.254
2026-06-24T07:30,andar-2,0.250
2026-06-24T07:45,andar-2,0.259
2026-06-24T08:00,andar-2,0.261
2026-06-24T08:15,andar-2,0.191
2026-06-24T08:30,andar-2,0.249
2026-06-24T08:45,andar-2,0.278
2026-06-24T09:00,andar-2,0.502
2026-06-24T09:15,andar-2,0.461
2026-06-24T09:30,andar-2,0.471
2026-06-24T09:45,andar-2,0.467
2026-06-24T10:00,andar-2,0.459
2026-06-24T10:15,andar-2,0.451
2026-06-24T10:30,andar-2,0.489
2026-06-24T10:45,andar-2,0.465
2026-06-24T11:00,andar-2,0.435
2026-06-24T11:15,andar-2,0.473
2026-06-24T11:30,andar-2,0.386
2026-06-24T11:45,andar-2,0.448
2026-06-24T12:00,andar-2,0.466
2026-06-24T12:15,andar-2,0.410
2026-06-24T12:30,andar-2,0.487
2026-06-24T12:45,andar-2,0.437
2026-06-24T13:00,andar-2,0.466
2026-06-24T13:15,andar-2,0.438
2026-06-24T13:30,andar-2,0.510
2026-06-24T13:45,andar-2,0.499
2026-06-24T14:00,andar-2,0.469
2026-06-24T14:15,andar-2,0.445
2026-06-24T14:30,andar-2,0.410
2026-06-24T14:45,andar-2,0.420
2026-06-24T15:00,andar-2,0.437
2026-06-24T15:15,andar-2,0.490
2026-06-24T15:30,andar-2,0.420
2026-06-24T15:45,andar-2,0.404
2026-06-24T16:00,andar-2,0.512
2026-06-24T16:15,andar-2,0.432
2026-06-24T16:30,andar-2,0.417
2026-06-24T16:45,andar-2,0.512
2026-06-24T17:00,andar-2,0.491
2026-06-24T17:15,andar-2,0.459
2026-06-24T17:30,andar-2,0.422
2026-06-24T17:45,andar-2,0.423
2026-06-24T18:00,andar-2,0.414
2026-06-24T18:15,andar-2,0.376
2026-06-24T18:30,andar-2,0.362
2026-06-24T18:45,andar-2,0.331
2026-06-24T19:00,andar-2,0.316
2026-06-24T19:15,andar-2,0.358
2026-06-24T19:30,andar-2,0.334
2026-06-24T19:45,andar-2,0.322
2026-06-24T20:00,andar-2,0.340
2026-06-24T20:15,andar-2,0.335
2026-06-24T20:30,andar-2,0.357
2026-06-24T20:45,andar-2,0.366
2026-06-24T21:00,andar-2,0.121
2026-06-24T21:15,andar-2,0.124
2026-06-24T21:30,andar-2,0.095
2026-06-24T21:45,andar-2,0.142
2026-06-24T22:00,andar-2,0.121
2026-06-24T22:15,andar-2,0.112
2026-06-24T22:30,andar-2,0.130
2026-06-24T22:45,andar-2,0.117
2026-06-24T23:00,andar-2,0.108
2026-06-24T23:15,andar-2,0.139
2026-06-24T23:30,andar-2,0.122
2026-06-24T23:45,andar-2,0.120
2026-06-25T00:00,andar-2,0.085
2026-06-25T00:15,andar-2,0.068
2026-06-25T00:30,andar-2,0.082
2026-06-25T00:45,andar-2,0.079
2026-06-25T01:00,andar-2,0.073
2026-06-25T01:15,andar-2,0.084
2026-06-25T01:30,andar-2,0.080
2026-06-25T01:45,andar-2,0.078
2026-06-25T02:00,andar-2,0.070
2026-06-25T02:15,andar-2,0.073
2026-06-25T02:30,andar-2,0.086
2026-06-25T02:45,andar-2,0.081
2026-06-25T03:00,andar-2,0.074
2026-06-25T03:15,andar-2,0.091
2026-06-25T03:30,andar-2,0.079
2026-06-25T03:45,andar-2,0.091
2026-06-25T04:00,andar-2,0.079
2026-06-25T04:15,andar-2,0.077
2026-06-25T04:30,andar-2,0.061
2026-06-25T04:45,andar-2,0.083
2026-06-25T05:00,andar-2,0.074
2026-06-25T05:15,andar-2,0.088
2026-06-25T05:30,andar-2,0.081
2026-06-25T05:45,andar-2,0.070
2026-06-25T06:00,andar-2,0.231
2026-06-25T06:15,andar-2,0.234
2026-06-25T06:30,andar-2,0.247
2026-06-25T06:45,andar-2,0.238
2026-06-25T07:00,andar-2,0.254
2026-06-25T07:15,andar-2,0.215
2026-06-25T07:30,andar-2,0.275
2026-06-25T07:45,andar-2,0.240
2026-06-25T08:00,andar-2,0.272
2026-06-25T08:15,andar-2,0.299
2026-06-25T08:30,andar-2,0.232
2026-06-25T08:45,andar-2,0.274
2026-06-25T09:00,andar-2,0.453
2026-06-25T09:15,andar-2,0.434
2026-06-25T09:30,andar-2,0.426
2026-06-25T09:45,andar-2,0.489
2026-06-25T10:00,andar-2,0.391
2026-06-25T10:15,andar-2,0.429
2026-06-25T10:30,andar-2,0.489
2026-06-25T10:45,andar-2,0.480
2026-06-25T11:00,andar-2,0.429
2026-06-25T11:15,andar-2,0.397
2026-06-25T11:30,andar-2,0.469
2026-06-25T11:45,andar-2,0.387
2026-06-25T12:00,andar-2,0.461
2026-06-25T12:15,andar-2,0.476
2026-06-25T12:30,andar-2,0.490
2026-06-25T12:45,andar-2,0.490
2026-06-25T13:00,andar-2,0.523
2026-06-25T13:15,andar-2,0.422
2026-06-25T13:30,andar-2,0.451
2026-06-25T13:45,andar-2,0.460
2026-06-25T14:00,andar-2,0.477
2026-06-25T14:15,andar-2,0.484
2026-06-25T14:30,andar-2,0.480
2026-06-25T14:45,andar-2,0.451
2026-06-25T15:00,andar-2,0.474
2026-06-25T15:15,andar-2,0.456
2026-06-25T15:30,andar-2,0.351
2026-06-25T15:45,andar-2,0.461
2026-06-25T16:00,andar-2,0.484
2026-06-25T16:15,andar-2,0.421
2026-06-25T16:30,andar-2,0.426
2026-06-25T16:45,andar-2,0.527
2026-06-25T17:00,andar-2,0.375
2026-06-25T17:15,andar-2,0.461
2026-06-25T17:30,andar-2,0.443
2026-06-25T17:45,andar-2,0.415
2026-06-25T18:00,andar-2,0.382
2026-06-25T18:15,andar-2,0.401
2026-06-25T18:30,andar-2,0.373
2026-06-25T18:45,andar-2,0.355
2026-06-25T19:00,andar-2,0.305
2026-06-25T19:15,andar-2,0.347
2026-06-25T19:30,andar-2,0.337
2026-06-25T19:45,andar-2,0.310
2026-06-25T20:00,andar-2,0.338
2026-06-25T20:15,andar-2,0.361
2026-06-25T20:30,andar-2,0.318
2026-06-25T20:45,andar-2,0.330
2026-06-25T21:00,andar-2,0.121
2026-06-25T21:15,andar-2,0.135
2026-06-25T21:30,andar-2,0.124
2026-06-25T21:45,andar-2,0.153
2026-06-25T22:00,andar-2,0.111
2026-06-25T22:15,andar-2,0.114
2026-06-25T22:30,andar-2,0.125
2026-06-25T22:45,andar-2,0.130
2026-06-25T23:00,andar-2,0.120
2026-06-25T23:15,andar-2,0.132
2026-06-25T23:30,andar-2,0.116
2026-06-25T23:45,andar-2,0.107
2026-06-26T00:00,andar-2,0.077
2026-06-26T00:15,andar-2,0.080
2026-06-26T00:30,andar-2,0.084
2026-06-26T00:45,andar-2,0.089
2026-06-26T01:00,andar-2,0.075
2026-06-26T01:15,andar-2,0.085
2026-06-26T01:30,andar-2,0.082
2026-06-26T01:45,andar-2,0.081
2026-06-26T02:00,andar-2,0.071
2026-06-26T02:15,andar-2,0.083
2026-06-26T02:30,andar-2,0.083
2026-06-26T02:45,andar-2,0.082
2026-06-26T03:00,andar-2,0.074
2026-06-26T03:15,andar-2,0.088
2026-06-26T03:30,andar-2,0.090
2026-06-26T03:45,andar-2,0.081
2026-06-26T04:00,andar-2,0.086
2026-06-26T04:15,andar-2,0.081
2026-06-26T04:30,andar-2,0.084
2026-06-26T04:45,andar-2,0.079
2026-06-26T05:00,andar-2,0.085
2026-06-26T05:15,andar-2,0.079
2026-06-26T05:30,andar-2,0.079
2026-06-26T05:45,andar-2,0.080
2026-06-26T06:00,andar-2,0.273
2026-06-26T06:15,andar-2,0.283
2026-06-26T06:30,andar-2,0.198
2026-06-26T06:45,andar-2,0.274
2026-06-26T07:00,andar-2,0.260
2026-06-26T07:15,andar-2,0.248
2026-06-26T07:30,andar-2,0.280
2026-06-26T07:45,andar-2,0.261
2026-06-26T08:00,andar-2,0.283
2026-06-26T08:15,andar-2,0.227
2026-06-26T08:30,andar-2,0.260
2026-06-26T08:45,andar-2,0.269
2026-06-26T09:00,andar-2,0.403
2026-06-26T09:15,andar-2,0.377
2026-06-26T09:30,andar-2,0.472
2026-06-26T09:45,andar-2,0.491
2026-06-26T10:00,andar-2,0.423
2026-06-26T10:15,andar-2,0.475
2026-06-26T10:30,andar-2,0.453
2026-06-26T10:45,andar-2,0.463
2026-06-26T11:00,andar-2,0.406
2026-06-26T11:15,andar-2,0.428
2026-06-26T11:30,andar-2,0.516
2026-06-26T11:45,andar-2,0.403
2026-06-26T12:00,andar-2,0.472
2026-06-26T12:15,andar-2,0.440
2026-06-26T12:30,andar-2,0.479
2026-06-26T12:45,andar-2,0.440
2026-06-26T13:00,andar-2,0.442
2026-06-26T13:15,andar-2,0.427
2026-06-26T13:30,andar-2,0.442
2026-06-26T13:45,andar-2,0.479
2026-06-26T14:00,andar-2,0.406
2026-06-26T14:15,andar-2,0.475
2026-06-26T14:30,andar-2,0.450
2026-06-26T14:45,andar-2,0.417
2026-06-26T15:00,andar-2,0.389
2026-06-26T15:15,andar-2,0.466
2026-06-26T15:30,andar-2,0.455
2026-06-26T15:45,andar-2,0.485
2026-06-26T16:00,andar-2,0.479
2026-06-26T16:15,andar-2,0.512
2026-06-26T16:30,andar-2,0.455
2026-06-26T16:45,andar-2,0.402
2026-06-26T17:00,andar-2,0.455
2026-06-26T17:15,andar-2,0.438
2026-06-26T17:30,andar-2,0.432
2026-06-26T17:45,andar-2,0.430
2026-06-26T18:00,andar-2,0.343
2026-06-26T18:15,andar-2,0.418
2026-06-26T18:30,andar-2,0.335
2026-06-26T18:45,andar-2,0.407
2026-06-26T19:00,andar-2,0.345
2026-06-26T19:15,andar-2,0.355
2026-06-26T19:30,andar-2,0.306
2026-06-26T19:45,andar-2,0.362
2026-06-26T20:00,andar-2,3.839
2026-06-26T20:15,andar-2,3.815
2026-06-26T20:30,andar-2,3.899
2026-06-26T20:45,andar-2,3.854
2026-06-26T21:00,andar-2,3.621
2026-06-26T21:15,andar-2,3.628
2026-06-26T21:30,andar-2,3.623
2026-06-26T21:45,andar-2,3.622
2026-06-26T22:00,andar-2,3.624
2026-06-26T22:15,andar-2,3.632
2026-06-26T22:30,andar-2,3.616
2026-06-26T22:45,andar-2,3.622
2026-06-26T23:00,andar-2,0.111
2026-06-26T23:15,andar-2,0.128
2026-06-26T23:30,andar-2,0.124
2026-06-26T23:45,andar-2,0.113
2026-06-27T00:00,andar-2,0.037
2026-06-27T00:15,andar-2,0.034
2026-06-27T00:30,andar-2,0.037
2026-06-27T00:45,andar-2,0.037
2026-06-27T01:00,andar-2,0.037
2026-06-27T01:15,andar-2,0.035
2026-06-27T01:30,andar-2,0.037
2026-06-27T01:45,andar-2,0.036
2026-06-27T02:00,andar-2,0.036
2026-06-27T02:15,andar-2,0.036
2026-06-27T02:30,andar-2,0.034
2026-06-27T02:45,andar-2,0.037
2026-06-27T03:00,andar-2,0.037
2026-06-27T03:15,andar-2,0.038
2026-06-27T03:30,andar-2,0.034
2026-06-27T03:45,andar-2,0.037
2026-06-27T04:00,andar-2,0.036
2026-06-27T04:15,andar-2,0.037
2026-06-27T04:30,andar-2,0.033
2026-06-27T04:45,andar-2,0.039
2026-06-27T05:00,andar-2,0.037
2026-06-27T05:15,andar-2,0.036
2026-06-27T05:30,andar-2,0.038
2026-06-27T05:45,andar-2,0.037
2026-06-27T06:00,andar-2,0.112
2026-06-27T06:15,andar-2,0.121
2026-06-27T06:30,andar-2,0.114
2026-06-27T06:45,andar-2,0.127
2026-06-27T07:00,andar-2,0.119
2026-06-27T07:15,andar-2,0.107
2026-06-27T07:30,andar-2,0.112
2026-06-27T07:45,andar-2,0.125
2026-06-27T08:00,andar-2,0.104
2026-06-27T08:15,andar-2,0.120
2026-06-27T08:30,andar-2,0.110
2026-06-27T08:45,andar-2,0.106
2026-06-27T09:00,andar-2,0.236
2026-06-27T09:15,andar-2,0.185
2026-06-27T09:30,andar-2,0.209
2026-06-27T09:45,andar-2,0.210
2026-06-27T10:00,andar-2,0.229
2026-06-27T10:15,andar-2,0.215
2026-06-27T10:30,andar-2,0.204
2026-06-27T10:45,andar-2,0.219
2026-06-27T11:00,andar-2,0.226
2026-06-27T11:15,andar-2,0.190
2026-06-27T11:30,andar-2,0.226
2026-06-27T11:45,andar-2,0.187
2026-06-27T12:00,andar-2,0.226
2026-06-27T12:15,andar-2,0.173
2026-06-27T12:30,andar-2,0.191
2026-06-27T12:45,andar-2,0.231
2026-06-27T13:00,andar-2,0.224
2026-06-27T13:15,andar-2,0.193
2026-06-27T13:30,andar-2,0.203
2026-06-27T13:45,andar-2,0.192
2026-06-27T14:00,andar-2,0.217
2026-06-27T14:15,andar-2,0.197
2026-06-27T14:30,andar-2,0.199
2026-06-27T14:45,andar-2,0.215
2026-06-27T15:00,andar-2,0.216
2026-06-27T15:15,andar-2,0.221
2026-06-27T15:30,andar-2,0.188
2026-06-27T15:45,andar-2,0.212
2026-06-27T16:00,andar-2,0.172
2026-06-27T16:15,andar-2,0.191
2026-06-27T16:30,andar-2,0.218
2026-06-27T16:45,andar-2,0.230
2026-06-27T17:00,andar-2,0.221
2026-06-27T17:15,andar-2,0.167
2026-06-27T17:30,andar-2,0.180
2026-06-27T17:45,andar-2,0.201
2026-06-27T18:00,andar-2,0.159
2026-06-27T18:15,andar-2,0.155
2026-06-27T18:30,andar-2,0.173
2026-06-27T18:45,andar-2,0.174
2026-06-27T19:00,andar-2,0.148
2026-06-27T19:15,andar-2,0.155
2026-06-27T19:30,andar-2,0.164
2026-06-27T19:45,andar-2,0.131
2026-06-27T20:00,andar-2,0.144
2026-06-27T20:15,andar-2,0.149
2026-06-27T20:30,andar-2,0.175
2026-06-27T20:45,andar-2,0.154
2026-06-27T21:00,andar-2,0.055
2026-06-27T21:15,andar-2,0.052
2026-06-27T21:30,andar-2,0.054
2026-06-27T21:45,andar-2,0.050
2026-06-27T22:00,andar-2,0.055
2026-06-27T22:15,andar-2,0.053
2026-06-27T22:30,andar-2,0.060
2026-06-27T22:45,andar-2,0.055
2026-06-27T23:00,andar-2,0.045
2026-06-27T23:15,andar-2,0.053
2026-06-27T23:30,andar-2,0.052
2026-06-27T23:45,andar-2,0.051
2026-06-28T00:00,andar-2,0.036
2026-06-28T00:15,andar-2,0.037
2026-06-28T00:30,andar-2,0.033
2026-06-28T00:45,andar-2,0.036
2026-06-28T01:00,andar-2,0.035
2026-06-28T01:15,andar-2,0.038
2026-06-28T01:30,andar-2,0.037
2026-06-28T01:45,andar-2,0.036
2026-06-28T02:00,andar-2,0.035
2026-06-28T02:15,andar-2,0.036
2026-06-28T02:30,andar-2,0.037
2026-06-28T02:45,andar-2,0.038
2026-06-28T03:00,andar-2,0.036
2026-06-28T03:15,andar-2,0.039
2026-06-28T03:30,andar-2,0.039
2026-06-28T03:45,andar-2,0.034
2026-06-28T04:00,andar-2,0.041
2026-06-28T04:15,andar-2,0.036
2026-06-28T04:30,andar-2,0.036
2026-06-28T04:45,andar-2,0.040
2026-06-28T05:00,andar-2,0.031
2026-06-28T05:15,andar-2,0.035
2026-06-28T05:30,andar-2,0.035
2026-06-28T05:45,andar-2,0.035
2026-06-28T06:00,andar-2,0.121
2026-06-28T06:15,andar-2,0.112
2026-06-28T06:30,andar-2,0.120
2026-06-28T06:45,andar-2,0.120
2026-06-28T07:00,andar-2,0.117
2026-06-28T07:15,andar-2,0.121
2026-06-28T07:30,andar-2,0.118
2026-06-28T07:45,andar-2,0.120
2026-06-28T08:00,andar-2,0.112
2026-06-28T08:15,andar-2,0.122
2026-06-28T08:30,andar-2,0.124
2026-06-28T08:45,andar-2,0.109
2026-06-28T09:00,andar-2,0.212
2026-06-28T09:15,andar-2,0.203
2026-06-28T09:30,andar-2,0.224
2026-06-28T09:45,andar-2,0.233
2026-06-28T10:00,andar-2,0.172
2026-06-28T10:15,andar-2,0.202
2026-06-28T10:30,andar-2,0.190
2026-06-28T10:45,andar-2,0.213
2026-06-28T11:00,andar-2,0.190
2026-06-28T11:15,andar-2,0.205
2026-06-28T11:30,andar-2,0.194
2026-06-28T11:45,andar-2,0.201
2026-06-28T12:00,andar-2,0.201
2026-06-28T12:15,andar-2,0.215
2026-06-28T12:30,andar-2,0.222
2026-06-28T12:45,andar-2,0.211
2026-06-28T13:00,andar-2,0.198
2026-06-28T13:15,andar-2,0.189
2026-06-28T13:30,andar-2,0.181
2026-06-28T13:45,andar-2,0.199
2026-06-28T14:00,andar-2,0.182
2026-06-28T14:15,andar-2,0.198
2026-06-28T14:30,andar-2,0.203
2026-06-28T14:45,andar-2,0.170
2026-06-28T15:00,andar-2,0.174
2026-06-28T15:15,andar-2,0.204
2026-06-28T15:30,andar-2,0.210
2026-06-28T15:45,andar-2,0.227
2026-06-28T16:00,andar-2,0.192
2026-06-28T16:15,andar-2,0.202
2026-06-28T16:30,andar-2,0.230
2026-06-28T16:45,andar-2,0.219
2026-06-28T17:00,andar-2,0.218
2026-06-28T17:15,andar-2,0.235
2026-06-28T17:30,andar-2,0.196
2026-06-28T17:45,andar-2,0.205
2026-06-28T18:00,andar-2,0.157
2026-06-28T18:15,andar-2,0.142
2026-06-28T18:30,andar-2,0.168
2026-06-28T18:45,andar-2,0.166
2026-06-28T19:00,andar-2,0.145
2026-06-28T19:15,andar-2,0.152
2026-06-28T19:30,andar-2,0.156
2026-06-28T19:45,andar-2,0.169
2026-06-28T20:00,andar-2,0.149
2026-06-28T20:15,andar-2,0.139
2026-06-28T20:30,andar-2,0.175
2026-06-28T20:45,andar-2,0.161
2026-06-28T21:00,andar-2,0.061
2026-06-28T21:15,andar-2,0.054
2026-06-28T21:30,andar-2,0.054
2026-06-28T21:45,andar-2,0.058
2026-06-28T22:00,andar-2,0.048
2026-06-28T22:15,andar-2,0.054
2026-06-28T22:30,andar-2,0.048
2026-06-28T22:45,andar-2,0.048
2026-06-28T23:00,andar-2,0.050
2026-06-28T23:15,andar-2,0.050
2026-06-28T23:30,andar-2,0.048
2026-06-28T23:45,andar-2,0.057
2026-06-29T00:00,andar-2,0.073
2026-06-29T00:15,andar-2,0.082
2026-06-29T00:30,andar-2,0.076
2026-06-29T00:45,andar-2,0.081
2026-06-29T01:00,andar-2,0.088
2026-06-29T01:15,andar-2,0.080
2026-06-29T01:30,andar-2,0.074
2026-06-29T01:45,andar-2,0.077
2026-06-29T02:00,andar-2,0.094
2026-06-29T02:15,andar-2,0.075
2026-06-29T02:30,andar-2,0.078
2026-06-29T02:45,andar-2,0.078
2026-06-29T03:00,andar-2,0.070
2026-06-29T03:15,andar-2,0.076
2026-06-29T03:30,andar-2,0.078
2026-06-29T03:45,andar-2,0.071
2026-06-29T04:00,andar-2,0.079
2026-06-29T04:15,andar-2,0.086
2026-06-29T04:30,andar-2,0.084
2026-06-29T04:45,andar-2,0.092
2026-06-29T05:00,andar-2,0.089
2026-06-29T05:15,andar-2,0.072
2026-06-29T05:30,andar-2,0.068
2026-06-29T05:45,andar-2,0.085
2026-06-29T06:00,andar-2,0.244
2026-06-29T06:15,andar-2,0.201
2026-06-29T06:30,andar-2,0.250
2026-06-29T06:45,andar-2,0.256
2026-06-29T07:00,andar-2,0.266
2026-06-29T07:15,andar-2,0.204
2026-06-29T07:30,andar-2,0.239
2026-06-29T07:45,andar-2,0.244
2026-06-29T08:00,andar-2,0.224
2026-06-29T08:15,andar-2,0.268
2026-06-29T08:30,andar-2,0.264
2026-06-29T08:45,andar-2,0.244
2026-06-29T09:00,andar-2,0.529
2026-06-29T09:15,andar-2,0.458
2026-06-29T09:30,andar-2,0.511
2026-06-29T09:45,andar-2,0.435
2026-06-29T10:00,andar-2,0.442
2026-06-29T10:15,andar-2,0.483
2026-06-29T10:30,andar-2,0.503
2026-06-29T10:45,andar-2,0.483
2026-06-29T11:00,andar-2,0.434
2026-06-29T11:15,andar-2,0.461
2026-06-29T11:30,andar-2,0.464
2026-06-29T11:45,andar-2,0.517
2026-06-29T12:00,andar-2,0.457
2026-06-29T12:15,andar-2,0.494
2026-06-29T12:30,andar-2,0.430
2026-06-29T12:45,andar-2,0.439
2026-06-29T13:00,andar-2,0.487
2026-06-29T13:15,andar-2,0.430
2026-06-29T13:30,andar-2,0.427
2026-06-29T13:45,andar-2,0.490
2026-06-29T14:00,andar-2,0.446
2026-06-29T14:15,andar-2,0.381
2026-06-29T14:30,andar-2,0.427
2026-06-29T14:45,andar-2,0.405
2026-06-29T15:00,andar-2,0.462
2026-06-29T15:15,andar-2,0.461
2026-06-29T15:30,andar-2,0.417
2026-06-29T15:45,andar-2,0.448
2026-06-29T16:00,andar-2,0.504
2026-06-29T16:15,andar-2,0.439
2026-06-29T16:30,andar-2,0.388
2026-06-29T16:45,andar-2,0.466
2026-06-29T17:00,andar-2,0.536
2026-06-29T17:15,andar-2,0.422
2026-06-29T17:30,andar-2,0.432
2026-06-29T17:45,andar-2,0.439
2026-06-29T18:00,andar-2,0.366
2026-06-29T18:15,andar-2,0.360
2026-06-29T18:30,andar-2,0.345
2026-06-29T18:45,andar-2,0.356
2026-06-29T19:00,andar-2,0.352
2026-06-29T19:15,andar-2,0.319
2026-06-29T19:30,andar-2,0.337
2026-06-29T19:45,andar-2,0.344
2026-06-29T20:00,andar-2,0.345
2026-06-29T20:15,andar-2,0.388
2026-06-29T20:30,andar-2,0.353
2026-06-29T20:45,andar-2,0.337
2026-06-29T21:00,andar-2,0.108
2026-06-29T21:15,andar-2,0.120
2026-06-29T21:30,andar-2,0.121
2026-06-29T21:45,andar-2,0.137
2026-06-29T22:00,andar-2,0.110
2026-06-29T22:15,andar-2,0.118
2026-06-29T22:30,andar-2,0.094
2026-06-29T22:45,andar-2,0.121
2026-06-29T23:00,andar-2,0.119
2026-06-29T23:15,andar-2,0.127
2026-06-29T23:30,andar-2,0.112
2026-06-29T23:45,andar-2,0.114
2026-06-30T00:00,andar-2,0.070
2026-06-30T00:15,andar-2,0.080
2026-06-30T00:30,andar-2,0.076
2026-06-30T00:45,andar-2,0.078
2026-06-30T01:00,andar-2,0.079
2026-06-30T01:15,andar-2,0.081
2026-06-30T01:30,andar-2,0.085
2026-06-30T01:45,andar-2,0.082
2026-06-30T02:00,andar-2,0.065
2026-06-30T02:15,andar-2,0.099
2026-06-30T02:30,andar-2,0.089
2026-06-30T02:45,andar-2,0.081
2026-06-30T03:00,andar-2,0.078
2026-06-30T03:15,andar-2,0.087
2026-06-30T03:30,andar-2,0.076
2026-06-30T03:45,andar-2,0.085
2026-06-30T04:00,andar-2,0.084
2026-06-30T04:15,andar-2,0.080
2026-06-30T04:30,andar-2,0.088
2026-06-30T04:45,andar-2,0.081
2026-06-30T05:00,andar-2,0.068
2026-06-30T05:15,andar-2,0.089
2026-06-30T05:30,andar-2,0.066
2026-06-30T05:45,andar-2,0.082
2026-06-30T06:00,andar-2,0.241
2026-06-30T06:15,andar-2,0.266
2026-06-30T06:30,andar-2,0.245
2026-06-30T06:45,andar-2,0.242
2026-06-30T07:00,andar-2,0.287
2026-06-30T07:15,andar-2,0.241
2026-06-30T07:30,andar-2,0.255
2026-06-30T07:45,andar-2,0.236
2026-06-30T08:00,andar-2,0.269
2026-06-30T08:15,andar-2,0.301
2026-06-30T08:30,andar-2,0.231
2026-06-30T08:45,andar-2,0.254
2026-06-30T09:00,andar-2,0.474
2026-06-30T09:15,andar-2,0.464
2026-06-30T09:30,andar-2,0.462
2026-06-30T09:45,andar-2,0.468
2026-06-30T10:00,andar-2,0.447
2026-06-30T10:15,andar-2,0.407
2026-06-30T10:30,andar-2,0.468
2026-06-30T10:45,andar-2,0.481
2026-06-30T11:00,andar-2,0.450
2026-06-30T11:15,andar-2,0.444
2026-06-30T11:30,andar-2,0.464
2026-06-30T11:45,andar-2,0.446
2026-06-30T12:00,andar-2,0.432
2026-06-30T12:15,andar-2,0.430
2026-06-30T12:30,andar-2,0.402
2026-06-30T12:45,andar-2,0.466
2026-06-30T13:00,andar-2,0.438
2026-06-30T13:15,andar-2,0.372
2026-06-30T13:30,andar-2,0.486
2026-06-30T13:45,andar-2,0.490
2026-06-30T14:00,andar-2,0.484
2026-06-30T14:15,andar-2,0.383
2026-06-30T14:30,andar-2,0.401
2026-06-30T14:45,andar-2,0.487
2026-06-30T15:00,andar-2,0.458
2026-06-30T15:15,andar-2,0.388
2026-06-30T15:30,andar-2,0.518
2026-06-30T15:45,andar-2,0.479
2026-06-30T16:00,andar-2,0.421
2026-06-30T16:15,andar-2,0.409
2026-06-30T16:30,andar-2,0.477
2026-06-30T16:45,andar-2,0.477
2026-06-30T17:00,andar-2,0.460
2026-06-30T17:15,andar-2,0.434
2026-06-30T17:30,andar-2,0.524
2026-06-30T17:45,andar-2,0.457
2026-06-30T18:00,andar-2,0.357
2026-06-30T18:15,andar-2,0.353
2026-06-30T18:30,andar-2,0.302
2026-06-30T18:45,andar-2,0.355
2026-06-30T19:00,andar-2,0.353
2026-06-30T19:15,andar-2,0.333
2026-06-30T19:30,andar-2,0.371
2026-06-30T19:45,andar-2,0.328
2026-06-30T20:00,andar-2,0.347
2026-06-30T20:15,andar-2,0.330
2026-06-30T20:30,andar-2,0.345
2026-06-30T20:45,andar-2,0.402
2026-06-30T21:00,andar-2,0.107
2026-06-30T21:15,andar-2,0.121
2026-06-30T21:30,andar-2,0.121
2026-06-30T21:45,andar-2,0.117
2026-06-30T22:00,andar-2,0.138
2026-06-30T22:15,andar-2,0.124
2026-06-30T22:30,andar-2,0.123
2026-06-30T22:45,andar-2,0.137
2026-06-30T23:00,andar-2,0.120
2026-06-30T23:15,andar-2,0.103
2026-06-30T23:30,andar-2,0.124
2026-06-30T23:45,andar-2,0.113
2026-07-01T00:00,andar-2,0.076
2026-07-01T00:15,andar-2,0.090
2026-07-01T00:30,andar-2,0.084
2026-07-01T00:45,andar-2,0.082
2026-07-01T01:00,andar-2,0.081
2026-07-01T01:15,andar-2,0.076
2026-07-01T01:30,andar-2,0.070
2026-07-01T01:45,andar-2,0.083
2026-07-01T02:00,andar-2,0.067
2026-07-01T02:15,andar-2,0.077
2026-07-01T02:30,andar-2,0.083
2026-07-01T02:45,andar-2,0.080
2026-07-01T03:00,andar-2,0.077
2026-07-01T03:15,andar-2,0.085
2026-07-01T03:30,andar-2,0.088
2026-07-01T03:45,andar-2,0.081
2026-07-01T04:00,andar-2,0.074
2026-07-01T04:15,andar-2,0.075
2026-07-01T04:30,andar-2,0.080
2026-07-01T04:45,andar-2,0.079
2026-07-01T05:00,andar-2,0.088
2026-07-01T05:15,andar-2,0.084
2026-07-01T05:30,andar-2,0.083
2026-07-01T05:45,andar-2,0.071
2026-07-01T06:00,andar-2,0.288
2026-07-01T06:15,andar-2,0.252
2026-07-01T06:30,andar-2,0.288
2026-07-01T06:45,andar-2,0.268
2026-07-01T07:00,andar-2,0.239
2026-07-01T07:15,andar-2,0.225
2026-07-01T07:30,andar-2,0.259
2026-07-01T07:45,andar-2,0.247
2026-07-01T08:00,andar-2,0.246
2026-07-01T08:15,andar-2,0.241
2026-07-01T08:30,andar-2,0.228
2026-07-01T08:45,andar-2,0.227
2026-07-01T09:00,andar-2,0.457
2026-07-01T09:15,andar-2,0.458
2026-07-01T09:30,andar-2,0.361
2026-07-01T09:45,andar-2,0.436
2026-07-01T10:00,andar-2,0.443
2026-07-01T10:15,andar-2,0.431
2026-07-01T10:30,andar-2,0.439
2026-07-01T10:45,andar-2,0.403
2026-07-01T11:00,andar-2,0.425
2026-07-01T11:15,andar-2,0.451
2026-07-01T11:30,andar-2,0.432
2026-07-01T11:45,andar-2,0.461
2026-07-01T12:00,andar-2,0.462
2026-07-01T12:15,andar-2,0.462
2026-07-01T12:30,andar-2,0.432
2026-07-01T12:45,andar-2,0.460
2026-07-01T13:00,andar-2,0.458
2026-07-01T13:15,andar-2,0.439
2026-07-01T13:30,andar-2,0.457
2026-07-01T13:45,andar-2,0.448
2026-07-01T14:00,andar-2,0.445
2026-07-01T14:15,andar-2,0.433
2026-07-01T14:30,andar-2,0.492
2026-07-01T14:45,andar-2,0.410
2026-07-01T15:00,andar-2,0.394
2026-07-01T15:15,andar-2,0.446
2026-07-01T15:30,andar-2,0.493
2026-07-01T15:45,andar-2,0.453
2026-07-01T16:00,andar-2,0.528
2026-07-01T16:15,andar-2,0.433
2026-07-01T16:30,andar-2,0.495
2026-07-01T16:45,andar-2,0.432
2026-07-01T17:00,andar-2,0.423
2026-07-01T17:15,andar-2,0.395
2026-07-01T17:30,andar-2,0.424
2026-07-01T17:45,andar-2,0.450
2026-07-01T18:00,andar-2,0.347
2026-07-01T18:15,andar-2,0.338
2026-07-01T18:30,andar-2,0.400
2026-07-01T18:45,andar-2,0.312
2026-07-01T19:00,andar-2,0.350
2026-07-01T19:15,andar-2,0.365
2026-07-01T19:30,andar-2,0.407
2026-07-01T19:45,andar-2,0.341
2026-07-01T20:00,andar-2,0.319
2026-07-01T20:15,andar-2,0.329
2026-07-01T20:30,andar-2,0.355
2026-07-01T20:45,andar-2,0.331
2026-07-01T21:00,andar-2,0.107
2026-07-01T21:15,andar-2,0.112
2026-07-01T21:30,andar-2,0.124
2026-07-01T21:45,andar-2,0.115
2026-07-01T22:00,andar-2,0.124
2026-07-01T22:15,andar-2,0.133
2026-07-01T22:30,andar-2,0.113
2026-07-01T22:45,andar-2,0.113
2026-07-01T23:00,andar-2,0.121
2026-07-01T23:15,andar-2,0.100
2026-07-01T23:30,andar-2,0.125
2026-07-01T23:45,andar-2,0.124
2026-07-02T00:00,andar-2,0.075
2026-07-02T00:15,andar-2,0.083
2026-07-02T00:30,andar-2,0.076
2026-07-02T00:45,andar-2,0.067
2026-07-02T01:00,andar-2,0.089
2026-07-02T01:15,andar-2,0.078
2026-07-02T01:30,andar-2,0.067
2026-07-02T01:45,andar-2,0.073
2026-07-02T02:00,andar-2,0.083
2026-07-02T02:15,andar-2,0.063
2026-07-02T02:30,andar-2,0.080
2026-07-02T02:45,andar-2,0.083
2026-07-02T03:00,andar-2,0.072
2026-07-02T03:15,andar-2,0.087
2026-07-02T03:30,andar-2,0.069
2026-07-02T03:45,andar-2,0.076
2026-07-02T04:00,andar-2,0.079
2026-07-02T04:15,andar-2,0.092
2026-07-02T04:30,andar-2,0.075
2026-07-02T04:45,andar-2,0.087
2026-07-02T05:00,andar-2,0.072
2026-07-02T05:15,andar-2,0.074
2026-07-02T05:30,andar-2,0.081
2026-07-02T05:45,andar-2,0.079
2026-07-02T06:00,andar-2,0.255
2026-07-02T06:15,andar-2,0.259
2026-07-02T06:30,andar-2,0.271
2026-07-02T06:45,andar-2,0.223
2026-07-02T07:00,andar-2,0.273
2026-07-02T07:15,andar-2,0.238
2026-07-02T07:30,andar-2,0.258
2026-07-02T07:45,andar-2,0.268
2026-07-02T08:00,andar-2,0.244
2026-07-02T08:15,andar-2,0.236
2026-07-02T08:30,andar-2,0.293
2026-07-02T08:45,andar-2,0.228
2026-07-02T09:00,andar-2,0.371
2026-07-02T09:15,andar-2,0.441
2026-07-02T09:30,andar-2,0.432
2026-07-02T09:45,andar-2,0.435
2026-07-02T10:00,andar-2,0.438
2026-07-02T10:15,andar-2,0.471
2026-07-02T10:30,andar-2,0.515
2026-07-02T10:45,andar-2,0.431
2026-07-02T11:00,andar-2,0.356
2026-07-02T11:15,andar-2,0.420
2026-07-02T11:30,andar-2,0.515
2026-07-02T11:45,andar-2,0.454
2026-07-02T12:00,andar-2,0.397
2026-07-02T12:15,andar-2,0.468
2026-07-02T12:30,andar-2,0.401
2026-07-02T12:45,andar-2,0.445
2026-07-02T13:00,andar-2,0.394
2026-07-02T13:15,andar-2,0.469
2026-07-02T13:30,andar-2,0.447
2026-07-02T13:45,andar-2,0.481
2026-07-02T14:00,andar-2,0.469
2026-07-02T14:15,andar-2,0.510
2026-07-02T14:30,andar-2,0.499
2026-07-02T14:45,andar-2,0.414
2026-07-02T15:00,andar-2,0.423
2026-07-02T15:15,andar-2,0.459
2026-07-02T15:30,andar-2,0.437
2026-07-02T15:45,andar-2,0.395
2026-07-02T16:00,andar-2,0.456
2026-07-02T16:15,andar-2,0.425
2026-07-02T16:30,andar-2,0.447
2026-07-02T16:45,andar-2,0.494
2026-07-02T17:00,andar-2,0.434
2026-07-02T17:15,andar-2,0.473
2026-07-02T17:30,andar-2,0.443
2026-07-02T17:45,andar-2,0.496
2026-07-02T18:00,andar-2,0.393
2026-07-02T18:15,andar-2,0.325
2026-07-02T18:30,andar-2,0.336
2026-07-02T18:45,andar-2,0.385
2026-07-02T19:00,andar-2,0.343
2026-07-02T19:15,andar-2,0.331
2026-07-02T19:30,andar-2,0.369
2026-07-02T19:45,andar-2,0.379
2026-07-02T20:00,andar-2,0.327
2026-07-02T20:15,andar-2,0.356
2026-07-02T20:30,andar-2,0.371
2026-07-02T20:45,andar-2,0.355
2026-07-02T21:00,andar-2,0.134
2026-07-02T21:15,andar-2,0.115
2026-07-02T21:30,andar-2,0.111
2026-07-02T21:45,andar-2,0.120
2026-07-02T22:00,andar-2,0.133
2026-07-02T22:15,andar-2,0.121
2026-07-02T22:30,andar-2,0.138
2026-07-02T22:45,andar-2,0.138
2026-07-02T23:00,andar-2,0.107
2026-07-02T23:15,andar-2,0.107
2026-07-02T23:30,andar-2,0.101
2026-07-02T23:45,andar-2,0.108
2026-07-03T00:00,andar-2,0.077
2026-07-03T00:15,andar-2,0.090
2026-07-03T00:30,andar-2,0.065
2026-07-03T00:45,andar-2,0.076
2026-07-03T01:00,andar-2,0.084
2026-07-03T01:15,andar-2,0.083
2026-07-03T01:30,andar-2,0.079
2026-07-03T01:45,andar-2,0.080
2026-07-03T02:00,andar-2,0.080
2026-07-03T02:15,andar-2,0.080
2026-07-03T02:30,andar-2,0.072
2026-07-03T02:45,andar-2,0.085
2026-07-03T03:00,andar-2,0.087
2026-07-03T03:15,andar-2,0.086
2026-07-03T03:30,andar-2,0.080
2026-07-03T03:45,andar-2,0.090
2026-07-03T04:00,andar-2,0.074
2026-07-03T04:15,andar-2,0.087
2026-07-03T04:30,andar-2,0.074
2026-07-03T04:45,andar-2,0.086
2026-07-03T05:00,andar-2,0.084
2026-07-03T05:15,andar-2,0.088
2026-07-03T05:30,andar-2,0.070
2026-07-03T05:45,andar-2,0.078
2026-07-03T06:00,andar-2,0.234
2026-07-03T06:15,andar-2,0.245
2026-07-03T06:30,andar-2,0.246
2026-07-03T06:45,andar-2,0.233
2026-07-03T07:00,andar-2,0.201
2026-07-03T07:15,andar-2,0.242
2026-07-03T07:30,andar-2,0.212
2026-07-03T07:45,andar-2,0.241
2026-07-03T08:00,andar-2,0.263
2026-07-03T08:15,andar-2,0.275
2026-07-03T08:30,andar-2,0.297
2026-07-03T08:45,andar-2,0.221
2026-07-03T09:00,andar-2,0.472
2026-07-03T09:15,andar-2,0.480
2026-07-03T09:30,andar-2,0.436
2026-07-03T09:45,andar-2,0.431
2026-07-03T10:00,andar-2,0.542
2026-07-03T10:15,andar-2,0.411
2026-07-03T10:30,andar-2,0.444
2026-07-03T10:45,andar-2,0.437
2026-07-03T11:00,andar-2,0.449
2026-07-03T11:15,andar-2,0.464
2026-07-03T11:30,andar-2,0.444
2026-07-03T11:45,andar-2,0.387
2026-07-03T12:00,andar-2,0.465
2026-07-03T12:15,andar-2,0.480
2026-07-03T12:30,andar-2,0.453
2026-07-03T12:45,andar-2,0.467
2026-07-03T13:00,andar-2,0.439
2026-07-03T13:15,andar-2,0.465
2026-07-03T13:30,andar-2,0.397
2026-07-03T13:45,andar-2,0.442
2026-07-03T14:00,andar-2,0.408
2026-07-03T14:15,andar-2,0.422
2026-07-03T14:30,andar-2,0.418
2026-07-03T14:45,andar-2,0.473
2026-07-03T15:00,andar-2,0.426
2026-07-03T15:15,andar-2,0.476
2026-07-03T15:30,andar-2,0.432
2026-07-03T15:45,andar-2,0.490
2026-07-03T16:00,andar-2,0.442
2026-07-03T16:15,andar-2,0.489
2026-07-03T16:30,andar-2,0.457
2026-07-03T16:45,andar-2,0.481
2026-07-03T17:00,andar-2,0.484
2026-07-03T17:15,andar-2,0.454
2026-07-03T17:30,andar-2,0.468
2026-07-03T17:45,andar-2,0.492
2026-07-03T18:00,andar-2,0.330
2026-07-03T18:15,andar-2,0.347
2026-07-03T18:30,andar-2,0.347
2026-07-03T18:45,andar-2,0.296
2026-07-03T19:00,andar-2,0.418
2026-07-03T19:15,andar-2,0.379
2026-07-03T19:30,andar-2,0.319
2026-07-03T19:45,andar-2,0.357
2026-07-03T20:00,andar-2,0.336
2026-07-03T20:15,andar-2,0.318
2026-07-03T20:30,andar-2,0.350
2026-07-03T20:45,andar-2,0.354
2026-07-03T21:00,andar-2,0.129
2026-07-03T21:15,andar-2,0.117
2026-07-03T21:30,andar-2,0.115
2026-07-03T21:45,andar-2,0.125
2026-07-03T22:00,andar-2,0.117
2026-07-03T22:15,andar-2,0.128
2026-07-03T22:30,andar-2,0.125
2026-07-03T22:45,andar-2,0.098
2026-07-03T23:00,andar-2,0.124
2026-07-03T23:15,andar-2,0.114
2026-07-03T23:30,andar-2,0.119
2026-07-03T23:45,andar-2,0.132
2026-07-04T00:00,andar-2,0.038
2026-07-04T00:15,andar-2,0.035
2026-07-04T00:30,andar-2,0.042
2026-07-04T00:45,andar-2,0.028
2026-07-04T01:00,andar-2,0.039
2026-07-04T01:15,andar-2,0.035
2026-07-04T01:30,andar-2,0.034
2026-07-04T01:45,andar-2,0.038
2026-07-04T02:00,andar-2,0.038
2026-07-04T02:15,andar-2,0.033
2026-07-04T02:30,andar-2,0.035
2026-07-04T02:45,andar-2,0.034
2026-07-04T03:00,andar-2,0.033
2026-07-04T03:15,andar-2,0.042
2026-07-04T03:30,andar-2,0.035
2026-07-04T03:45,andar-2,0.032
2026-07-04T04:00,andar-2,0.041
2026-07-04T04:15,andar-2,0.041
2026-07-04T04:30,andar-2,0.035
2026-07-04T04:45,andar-2,0.039
2026-07-04T05:00,andar-2,0.035
2026-07-04T05:15,andar-2,0.030
2026-07-04T05:30,andar-2,0.032
2026-07-04T05:45,andar-2,0.038
2026-07-04T06:00,andar-2,0.113
2026-07-04T06:15,andar-2,0.097
2026-07-04T06:30,andar-2,0.119
2026-07-04T06:45,andar-2,0.117
2026-07-04T07:00,andar-2,0.118
2026-07-04T07:15,andar-2,0.115
2026-07-04T07:30,andar-2,0.112
2026-07-04T07:45,andar-2,0.115
2026-07-04T08:00,andar-2,0.122
2026-07-04T08:15,andar-2,0.113
2026-07-04T08:30,andar-2,0.126
2026-07-04T08:45,andar-2,0.125
2026-07-04T09:00,andar-2,0.211
2026-07-04T09:15,andar-2,0.192
2026-07-04T09:30,andar-2,0.194
2026-07-04T09:45,andar-2,0.163
2026-07-04T10:00,andar-2,0.187
2026-07-04T10:15,andar-2,0.200
2026-07-04T10:30,andar-2,0.217
2026-07-04T10:45,andar-2,0.219
2026-07-04T11:00,andar-2,0.204
2026-07-04T11:15,andar-2,0.201
2026-07-04T11:30,andar-2,0.191
2026-07-04T11:45,andar-2,0.187
2026-07-04T12:00,andar-2,0.192
2026-07-04T12:15,andar-2,0.207
2026-07-04T12:30,andar-2,0.174
2026-07-04T12:45,andar-2,0.184
2026-07-04T13:00,andar-2,0.193
2026-07-04T13:15,andar-2,0.187
2026-07-04T13:30,andar-2,0.222
2026-07-04T13:45,andar-2,0.214
2026-07-04T14:00,andar-2,0.212
2026-07-04T14:15,andar-2,0.225
2026-07-04T14:30,andar-2,0.185
2026-07-04T14:45,andar-2,0.193
2026-07-04T15:00,andar-2,0.246
2026-07-04T15:15,andar-2,0.237
2026-07-04T15:30,andar-2,0.218
2026-07-04T15:45,andar-2,0.185
2026-07-04T16:00,andar-2,0.201
2026-07-04T16:15,andar-2,0.208
2026-07-04T16:30,andar-2,0.207
2026-07-04T16:45,andar-2,0.199
2026-07-04T17:00,andar-2,0.204
2026-07-04T17:15,andar-2,0.191
2026-07-04T17:30,andar-2,0.192
2026-07-04T17:45,andar-2,0.189
2026-07-04T18:00,andar-2,0.148
2026-07-04T18:15,andar-2,0.156
2026-07-04T18:30,andar-2,0.133
2026-07-04T18:45,andar-2,0.157
2026-07-04T19:00,andar-2,0.179
2026-07-04T19:15,andar-2,0.158
2026-07-04T19:30,andar-2,0.140
2026-07-04T19:45,andar-2,0.159
2026-07-04T20:00,andar-2,0.151
2026-07-04T20:15,andar-2,0.154
2026-07-04T20:30,andar-2,0.168
2026-07-04T20:45,andar-2,0.168
2026-07-04T21:00,andar-2,0.058
2026-07-04T21:15,andar-2,0.056
2026-07-04T21:30,andar-2,0.061
2026-07-04T21:45,andar-2,0.056
2026-07-04T22:00,andar-2,0.057
2026-07-04T22:15,andar-2,0.052
2026-07-04T22:30,andar-2,0.058
2026-07-04T22:45,andar-2,0.054
2026-07-04T23:00,andar-2,0.055
2026-07-04T23:15,andar-2,0.056
2026-07-04T23:30,andar-2,0.065
2026-07-04T23:45,andar-2,0.049
2026-07-05T00:00,andar-2,0.035
2026-07-05T00:15,andar-2,0.038
2026-07-05T00:30,andar-2,0.038
2026-07-05T00:45,andar-2,0.037
2026-07-05T01:00,andar-2,0.039
2026-07-05T01:15,andar-2,0.038
2026-07-05T01:30,andar-2,0.037
2026-07-05T01:45,andar-2,0.038
2026-07-05T02:00,andar-2,0.037
2026-07-05T02:15,andar-2,0.039
2026-07-05T02:30,andar-2,0.036
2026-07-05T02:45,andar-2,0.036
2026-07-05T03:00,andar-2,0.043
2026-07-05T03:15,andar-2,0.033
2026-07-05T03:30,andar-2,0.040
2026-07-05T03:45,andar-2,0.035
2026-07-05T04:00,andar-2,0.041
2026-07-05T04:15,andar-2,0.030
2026-07-05T04:30,andar-2,0.035
2026-07-05T04:45,andar-2,0.036
2026-07-05T05:00,andar-2,0.030
2026-07-05T05:15,andar-2,0.037
2026-07-05T05:30,andar-2,0.039
2026-07-05T05:45,andar-2,0.031
2026-07-05T06:00,andar-2,0.122
2026-07-05T06:15,andar-2,0.122
2026-07-05T06:30,andar-2,0.103
2026-07-05T06:45,andar-2,0.098
2026-07-05T07:00,andar-2,0.118
2026-07-05T07:15,andar-2,0.133
2026-07-05T07:30,andar-2,0.136
2026-07-05T07:45,andar-2,0.111
2026-07-05T08:00,andar-2,0.118
2026-07-05T08:15,andar-2,0.109
2026-07-05T08:30,andar-2,0.119
2026-07-05T08:45,andar-2,0.122
2026-07-05T09:00,andar-2,0.208
2026-07-05T09:15,andar-2,0.218
2026-07-05T09:30,andar-2,0.207
2026-07-05T09:45,andar-2,0.184
2026-07-05T10:00,andar-2,0.204
2026-07-05T10:15,andar-2,0.211
2026-07-05T10:30,andar-2,0.208
2026-07-05T10:45,andar-2,0.189
2026-07-05T11:00,andar-2,0.180
2026-07-05T11:15,andar-2,0.173
2026-07-05T11:30,andar-2,0.174
2026-07-05T11:45,andar-2,0.197
2026-07-05T12:00,andar-2,0.189
2026-07-05T12:15,andar-2,0.196
2026-07-05T12:30,andar-2,0.213
2026-07-05T12:45,andar-2,0.205
2026-07-05T13:00,andar-2,0.203
2026-07-05T13:15,andar-2,0.248
2026-07-05T13:30,andar-2,0.190
2026-07-05T13:45,andar-2,0.192
2026-07-05T14:00,andar-2,0.189
2026-07-05T14:15,andar-2,0.196
2026-07-05T14:30,andar-2,0.227
2026-07-05T14:45,andar-2,0.199
2026-07-05T15:00,andar-2,0.178
2026-07-05T15:15,andar-2,0.184
2026-07-05T15:30,andar-2,0.210
2026-07-05T15:45,andar-2,0.209
2026-07-05T16:00,andar-2,0.224
2026-07-05T16:15,andar-2,0.184
2026-07-05T16:30,andar-2,0.202
2026-07-05T16:45,andar-2,0.173
2026-07-05T17:00,andar-2,0.167
2026-07-05T17:15,andar-2,0.217
2026-07-05T17:30,andar-2,0.194
2026-07-05T17:45,andar-2,0.192
2026-07-05T18:00,andar-2,0.163
2026-07-05T18:15,andar-2,0.162
2026-07-05T18:30,andar-2,0.157
2026-07-05T18:45,andar-2,0.176
2026-07-05T19:00,andar-2,0.154
2026-07-05T19:15,andar-2,0.159
2026-07-05T19:30,andar-2,0.160
2026-07-05T19:45,andar-2,0.146
2026-07-05T20:00,andar-2,0.161
2026-07-05T20:15,andar-2,0.123
2026-07-05T20:30,andar-2,0.151
2026-07-05T20:45,andar-2,0.183
2026-07-05T21:00,andar-2,0.055
2026-07-05T21:15,andar-2,0.055
2026-07-05T21:30,andar-2,0.057
2026-07-05T21:45,andar-2,0.053
2026-07-05T22:00,andar-2,0.063
2026-07-05T22:15,andar-2,0.054
2026-07-05T22:30,andar-2,0.052
2026-07-05T22:45,andar-2,0.057
2026-07-05T23:00,andar-2,0.063
2026-07-05T23:15,andar-2,0.057
2026-07-05T23:30,andar-2,0.059
2026-07-05T23:45,andar-2,0.053
2026-07-06T00:00,andar-2,0.077
2026-07-06T00:15,andar-2,0.079
2026-07-06T00:30,andar-2,0.077
2026-07-06T00:45,andar-2,0.071
2026-07-06T01:00,andar-2,0.092
2026-07-06T01:15,andar-2,0.083
2026-07-06T01:30,andar-2,0.094
2026-07-06T01:45,andar-2,0.091
2026-07-06T02:00,andar-2,0.076
2026-07-06T02:15,andar-2,0.078
2026-07-06T02:30,andar-2,0.075
2026-07-06T02:45,andar-2,0.085
2026-07-06T03:00,andar-2,0.085
2026-07-06T03:15,andar-2,0.082
2026-07-06T03:30,andar-2,0.079
2026-07-06T03:45,andar-2,0.077
2026-07-06T04:00,andar-2,0.085
2026-07-06T04:15,andar-2,0.090
2026-07-06T04:30,andar-2,0.069
2026-07-06T04:45,andar-2,0.080
2026-07-06T05:00,andar-2,0.087
2026-07-06T05:15,andar-2,0.086
2026-07-06T05:30,andar-2,0.079
2026-07-06T05:45,andar-2,0.098
2026-07-06T06:00,andar-2,0.215
2026-07-06T06:15,andar-2,0.248
2026-07-06T06:30,andar-2,0.236
2026-07-06T06:45,andar-2,0.187
2026-07-06T07:00,andar-2,0.256
2026-07-06T07:15,andar-2,0.232
2026-07-06T07:30,andar-2,0.287
2026-07-06T07:45,andar-2,0.288
2026-07-06T08:00,andar-2,0.265
2026-07-06T08:15,andar-2,0.223
2026-07-06T08:30,andar-2,0.238
2026-07-06T08:45,andar-2,0.257
2026-07-06T09:00,andar-2,0.435
2026-07-06T09:15,andar-2,0.482
2026-07-06T09:30,andar-2,0.408
2026-07-06T09:45,andar-2,0.512
2026-07-06T10:00,andar-2,0.488
2026-07-06T10:15,andar-2,0.439
2026-07-06T10:30,andar-2,0.444
2026-07-06T10:45,andar-2,0.437
2026-07-06T11:00,andar-2,0.478
2026-07-06T11:15,andar-2,0.427
2026-07-06T11:30,andar-2,0.474
2026-07-06T11:45,andar-2,0.489
2026-07-06T12:00,andar-2,0.479
2026-07-06T12:15,andar-2,0.446
2026-07-06T12:30,andar-2,0.481
2026-07-06T12:45,andar-2,0.446
2026-07-06T13:00,andar-2,0.508
2026-07-06T13:15,andar-2,0.462
2026-07-06T13:30,andar-2,0.485
2026-07-06T13:45,andar-2,0.480
2026-07-06T14:00,andar-2,0.477
2026-07-06T14:15,andar-2,0.440
2026-07-06T14:30,andar-2,0.407
2026-07-06T14:45,andar-2,0.467
2026-07-06T15:00,andar-2,0.460
2026-07-06T15:15,andar-2,0.390
2026-07-06T15:30,andar-2,0.425
2026-07-06T15:45,andar-2,0.438
2026-07-06T16:00,andar-2,0.426
2026-07-06T16:15,andar-2,0.461
2026-07-06T16:30,andar-2,0.526
2026-07-06T16:45,andar-2,0.446
2026-07-06T17:00,andar-2,0.467
2026-07-06T17:15,andar-2,0.451
2026-07-06T17:30,andar-2,0.501
2026-07-06T17:45,andar-2,0.436
2026-07-06T18:00,andar-2,0.353
2026-07-06T18:15,andar-2,0.345
2026-07-06T18:30,andar-2,0.386
2026-07-06T18:45,andar-2,0.390
2026-07-06T19:00,andar-2,0.299
2026-07-06T19:15,andar-2,0.287
2026-07-06T19:30,andar-2,0.328
2026-07-06T19:45,andar-2,0.383
2026-07-06T20:00,andar-2,0.363
2026-07-06T20:15,andar-2,0.409
2026-07-06T20:30,andar-2,0.323
2026-07-06T20:45,andar-2,0.324
2026-07-06T21:00,andar-2,0.107
2026-07-06T21:15,andar-2,0.131
2026-07-06T21:30,andar-2,0.132
2026-07-06T21:45,andar-2,0.112
2026-07-06T22:00,andar-2,0.117
2026-07-06T22:15,andar-2,0.106
2026-07-06T22:30,andar-2,0.113
2026-07-06T22:45,andar-2,0.108
2026-07-06T23:00,andar-2,0.112
2026-07-06T23:15,andar-2,0.120
2026-07-06T23:30,andar-2,0.119
2026-07-06T23:45,andar-2,0.114
2026-07-07T00:00,andar-2,0.091
2026-07-07T00:15,andar-2,0.079
2026-07-07T00:30,andar-2,0.074
2026-07-07T00:45,andar-2,0.084
2026-07-07T01:00,andar-2,0.064
2026-07-07T01:15,andar-2,0.072
2026-07-07T01:30,andar-2,0.077
2026-07-07T01:45,andar-2,0.085
2026-07-07T02:00,andar-2,0.080
2026-07-07T02:15,andar-2,0.075
2026-07-07T02:30,andar-2,0.078
2026-07-07T02:45,andar-2,0.089
2026-07-07T03:00,andar-2,0.077
2026-07-07T03:15,andar-2,0.070
2026-07-07T03:30,andar-2,0.084
2026-07-07T03:45,andar-2,0.087
2026-07-07T04:00,andar-2,0.086
2026-07-07T04:15,andar-2,0.080
2026-07-07T04:30,andar-2,0.083
2026-07-07T04:45,andar-2,0.086
2026-07-07T05:00,andar-2,0.068
2026-07-07T05:15,andar-2,0.079
2026-07-07T05:30,andar-2,0.080
2026-07-07T05:45,andar-2,0.070
2026-07-07T06:00,andar-2,0.251
2026-07-07T06:15,andar-2,0.239
2026-07-07T06:30,andar-2,0.266
2026-07-07T06:45,andar-2,0.233
2026-07-07T07:00,andar-2,0.244
2026-07-07T07:15,andar-2,0.288
2026-07-07T07:30,andar-2,0.242
2026-07-07T07:45,andar-2,0.264
2026-07-07T08:00,andar-2,0.235
2026-07-07T08:15,andar-2,0.283
2026-07-07T08:30,andar-2,0.264
2026-07-07T08:45,andar-2,0.223
2026-07-07T09:00,andar-2,0.409
2026-07-07T09:15,andar-2,0.484
2026-07-07T09:30,andar-2,0.442
2026-07-07T09:45,andar-2,0.443
2026-07-07T10:00,andar-2,0.485
2026-07-07T10:15,andar-2,0.455
2026-07-07T10:30,andar-2,0.457
2026-07-07T10:45,andar-2,0.460
2026-07-07T11:00,andar-2,0.491
2026-07-07T11:15,andar-2,0.439
2026-07-07T11:30,andar-2,0.434
2026-07-07T11:45,andar-2,0.464
2026-07-07T12:00,andar-2,0.417
2026-07-07T12:15,andar-2,0.473
2026-07-07T12:30,andar-2,0.440
2026-07-07T12:45,andar-2,0.424
2026-07-07T13:00,andar-2,0.465
2026-07-07T13:15,andar-2,0.382
2026-07-07T13:30,andar-2,0.422
2026-07-07T13:45,andar-2,0.409
2026-07-07T14:00,andar-2,0.473
2026-07-07T14:15,andar-2,0.426
2026-07-07T14:30,andar-2,0.434
2026-07-07T14:45,andar-2,0.418
2026-07-07T15:00,andar-2,0.428
2026-07-07T15:15,andar-2,0.433
2026-07-07T15:30,andar-2,0.495
2026-07-07T15:45,andar-2,0.423
2026-07-07T16:00,andar-2,0.397
2026-07-07T16:15,andar-2,0.409
2026-07-07T16:30,andar-2,0.463
2026-07-07T16:45,andar-2,0.454
2026-07-07T17:00,andar-2,0.417
2026-07-07T17:15,andar-2,0.485
2026-07-07T17:30,andar-2,0.489
2026-07-07T17:45,andar-2,0.354
2026-07-07T18:00,andar-2,0.388
2026-07-07T18:15,andar-2,0.364
2026-07-07T18:30,andar-2,0.333
2026-07-07T18:45,andar-2,0.374
2026-07-07T19:00,andar-2,0.337
2026-07-07T19:15,andar-2,0.341
2026-07-07T19:30,andar-2,0.342
2026-07-07T19:45,andar-2,0.327
2026-07-07T20:00,andar-2,0.367
2026-07-07T20:15,andar-2,0.357
2026-07-07T20:30,andar-2,0.357
2026-07-07T20:45,andar-2,0.342
2026-07-07T21:00,andar-2,0.122
2026-07-07T21:15,andar-2,0.111
2026-07-07T21:30,andar-2,0.119
2026-07-07T21:45,andar-2,0.125
2026-07-07T22:00,andar-2,0.119
2026-07-07T22:15,andar-2,0.126
2026-07-07T22:30,andar-2,0.129
2026-07-07T22:45,andar-2,0.118
2026-07-07T23:00,andar-2,0.116
2026-07-07T23:15,andar-2,0.123
2026-07-07T23:30,andar-2,0.128
2026-07-07T23:45,andar-2,0.123
2026-07-08T00:00,andar-2,0.077
2026-07-08T00:15,andar-2,0.080
2026-07-08T00:30,andar-2,0.070
2026-07-08T00:45,andar-2,0.072
2026-07-08T01:00,andar-2,0.087
2026-07-08T01:15,andar-2,0.071
2026-07-08T01:30,andar-2,0.081
2026-07-08T01:45,andar-2,0.083
2026-07-08T02:00,andar-2,0.072
2026-07-08T02:15,andar-2,0.079
2026-07-08T02:30,andar-2,0.075
2026-07-08T02:45,andar-2,0.079
2026-07-08T03:00,andar-2,0.074
2026-07-08T03:15,andar-2,0.082
2026-07-08T03:30,andar-2,0.081
2026-07-08T03:45,andar-2,0.087
2026-07-08T04:00,andar-2,0.082
2026-07-08T04:15,andar-2,0.083
2026-07-08T04:30,andar-2,0.083
2026-07-08T04:45,andar-2,0.077
2026-07-08T05:00,andar-2,0.090
2026-07-08T05:15,andar-2,0.083
2026-07-08T05:30,andar-2,0.085
2026-07-08T05:45,andar-2,0.076
2026-07-08T06:00,andar-2,0.242
2026-07-08T06:15,andar-2,0.236
2026-07-08T06:30,andar-2,0.225
2026-07-08T06:45,andar-2,0.225
2026-07-08T07:00,andar-2,0.243
2026-07-08T07:15,andar-2,0.221
2026-07-08T07:30,andar-2,0.286
2026-07-08T07:45,andar-2,0.248
2026-07-08T08:00,andar-2,0.252
2026-07-08T08:15,andar-2,0.250
2026-07-08T08:30,andar-2,0.255
2026-07-08T08:45,andar-2,0.219
2026-07-08T09:00,andar-2,0.411
2026-07-08T09:15,andar-2,0.467
2026-07-08T09:30,andar-2,0.393
2026-07-08T09:45,andar-2,0.471
2026-07-08T10:00,andar-2,0.461
2026-07-08T10:15,andar-2,0.454
2026-07-08T10:30,andar-2,0.514
2026-07-08T10:45,andar-2,0.423
2026-07-08T11:00,andar-2,0.439
2026-07-08T11:15,andar-2,0.402
2026-07-08T11:30,andar-2,0.466
2026-07-08T11:45,andar-2,0.410
2026-07-08T12:00,andar-2,0.469
2026-07-08T12:15,andar-2,0.413
2026-07-08T12:30,andar-2,0.425
2026-07-08T12:45,andar-2,0.401
2026-07-08T13:00,andar-2,0.482
2026-07-08T13:15,andar-2,0.432
2026-07-08T13:30,andar-2,0.452
2026-07-08T13:45,andar-2,0.451
2026-07-08T14:00,andar-2,0.420
2026-07-08T14:15,andar-2,0.458
2026-07-08T14:30,andar-2,0.494
2026-07-08T14:45,andar-2,0.505
2026-07-08T15:00,andar-2,0.439
2026-07-08T15:15,andar-2,0.430
2026-07-08T15:30,andar-2,0.439
2026-07-08T15:45,andar-2,0.424
2026-07-08T16:00,andar-2,0.421
2026-07-08T16:15,andar-2,0.446
2026-07-08T16:30,andar-2,0.407
2026-07-08T16:45,andar-2,0.518
2026-07-08T17:00,andar-2,0.496
2026-07-08T17:15,andar-2,0.475
2026-07-08T17:30,andar-2,0.467
2026-07-08T17:45,andar-2,0.383
2026-07-08T18:00,andar-2,0.382
2026-07-08T18:15,andar-2,0.375
2026-07-08T18:30,andar-2,0.363
2026-07-08T18:45,andar-2,0.313
2026-07-08T19:00,andar-2,0.381
2026-07-08T19:15,andar-2,0.342
2026-07-08T19:30,andar-2,0.368
2026-07-08T19:45,andar-2,0.293
2026-07-08T20:00,andar-2,0.350
2026-07-08T20:15,andar-2,0.377
2026-07-08T20:30,andar-2,0.383
2026-07-08T20:45,andar-2,0.355
2026-07-08T21:00,andar-2,0.116
2026-07-08T21:15,andar-2,0.120
2026-07-08T21:30,andar-2,0.127
2026-07-08T21:45,andar-2,0.129
2026-07-08T22:00,andar-2,0.117
2026-07-08T22:15,andar-2,0.111
2026-07-08T22:30,andar-2,0.121
2026-07-08T22:45,andar-2,0.109
2026-07-08T23:00,andar-2,0.129
2026-07-08T23:15,andar-2,0.140
2026-07-08T23:30,andar-2,0.124
2026-07-08T23:45,andar-2,0.122
2026-07-09T00:00,andar-2,0.075
2026-07-09T00:15,andar-2,0.081
2026-07-09T00:30,andar-2,0.093
2026-07-09T00:45,andar-2,0.090
2026-07-09T01:00,andar-2,0.072
2026-07-09T01:15,andar-2,0.081
2026-07-09T01:30,andar-2,0.085
2026-07-09T01:45,andar-2,0.070
2026-07-09T02:00,andar-2,0.077
2026-07-09T02:15,andar-2,0.076
2026-07-09T02:30,andar-2,0.067
2026-07-09T02:45,andar-2,0.072
2026-07-09T03:00,andar-2,0.083
2026-07-09T03:15,andar-2,0.077
2026-07-09T03:30,andar-2,0.089
2026-07-09T03:45,andar-2,0.076
2026-07-09T04:00,andar-2,0.082
2026-07-09T04:15,andar-2,0.073
2026-07-09T04:30,andar-2,0.079
2026-07-09T04:45,andar-2,0.087
2026-07-09T05:00,andar-2,0.084
2026-07-09T05:15,andar-2,0.078
2026-07-09T05:30,andar-2,0.075
2026-07-09T05:45,andar-2,0.074
2026-07-09T06:00,andar-2,0.241
2026-07-09T06:15,andar-2,0.209
2026-07-09T06:30,andar-2,0.204
2026-07-09T06:45,andar-2,0.267
2026-07-09T07:00,andar-2,0.229
2026-07-09T07:15,andar-2,0.234
2026-07-09T07:30,andar-2,0.245
2026-07-09T07:45,andar-2,0.277
2026-07-09T08:00,andar-2,0.231
2026-07-09T08:15,andar-2,0.282
2026-07-09T08:30,andar-2,0.229
2026-07-09T08:45,andar-2,0.248
2026-07-09T09:00,andar-2,0.438
2026-07-09T09:15,andar-2,0.485
2026-07-09T09:30,andar-2,0.453
2026-07-09T09:45,andar-2,0.485
2026-07-09T10:00,andar-2,0.378
2026-07-09T10:15,andar-2,0.434
2026-07-09T10:30,andar-2,0.378
2026-07-09T10:45,andar-2,0.495
2026-07-09T11:00,andar-2,0.419
2026-07-09T11:15,andar-2,0.445
2026-07-09T11:30,andar-2,0.448
2026-07-09T11:45,andar-2,0.512
2026-07-09T12:00,andar-2,0.517
2026-07-09T12:15,andar-2,0.522
2026-07-09T12:30,andar-2,0.469
2026-07-09T12:45,andar-2,0.439
2026-07-09T13:00,andar-2,0.458
2026-07-09T13:15,andar-2,0.505
2026-07-09T13:30,andar-2,0.424
2026-07-09T13:45,andar-2,0.469
2026-07-09T14:00,andar-2,0.398
2026-07-09T14:15,andar-2,0.442
2026-07-09T14:30,andar-2,0.462
2026-07-09T14:45,andar-2,0.518
2026-07-09T15:00,andar-2,0.456
2026-07-09T15:15,andar-2,0.422
2026-07-09T15:30,andar-2,0.435
2026-07-09T15:45,andar-2,0.444
2026-07-09T16:00,andar-2,0.423
2026-07-09T16:15,andar-2,0.410
2026-07-09T16:30,andar-2,0.502
2026-07-09T16:45,andar-2,0.447
2026-07-09T17:00,andar-2,0.397
2026-07-09T17:15,andar-2,0.461
2026-07-09T17:30,andar-2,0.438
2026-07-09T17:45,andar-2,0.490
2026-07-09T18:00,andar-2,0.329
2026-07-09T18:15,andar-2,0.338
2026-07-09T18:30,andar-2,0.414
2026-07-09T18:45,andar-2,0.342
2026-07-09T19:00,andar-2,0.364
2026-07-09T19:15,andar-2,0.413
2026-07-09T19:30,andar-2,0.342
2026-07-09T19:45,andar-2,0.389
2026-07-09T20:00,andar-2,0.355
2026-07-09T20:15,andar-2,0.364
2026-07-09T20:30,andar-2,0.358
2026-07-09T20:45,andar-2,0.365
2026-07-09T21:00,andar-2,0.121
2026-07-09T21:15,andar-2,0.120
2026-07-09T21:30,andar-2,0.118
2026-07-09T21:45,andar-2,0.116
2026-07-09T22:00,andar-2,0.127
2026-07-09T22:15,andar-2,0.113
2026-07-09T22:30,andar-2,0.098
2026-07-09T22:45,andar-2,0.121
2026-07-09T23:00,andar-2,0.128
2026-07-09T23:15,andar-2,0.104
2026-07-09T23:30,andar-2,0.120
2026-07-09T23:45,andar-2,0.126
2026-07-10T00:00,andar-2,0.080
2026-07-10T00:15,andar-2,0.078
2026-07-10T00:30,andar-2,0.069
2026-07-10T00:45,andar-2,0.085
2026-07-10T01:00,andar-2,0.085
2026-07-10T01:15,andar-2,0.077
2026-07-10T01:30,andar-2,0.081
2026-07-10T01:45,andar-2,0.083
2026-07-10T02:00,andar-2,0.079
2026-07-10T02:15,andar-2,0.088
2026-07-10T02:30,andar-2,0.088
2026-07-10T02:45,andar-2,0.075
2026-07-10T03:00,andar-2,0.078
2026-07-10T03:15,andar-2,0.079
2026-07-10T03:30,andar-2,0.087
2026-07-10T03:45,andar-2,0.089
2026-07-10T04:00,andar-2,0.086
2026-07-10T04:15,andar-2,0.080
2026-07-10T04:30,andar-2,0.084
2026-07-10T04:45,andar-2,0.067
2026-07-10T05:00,andar-2,0.084
2026-07-10T05:15,andar-2,0.072
2026-07-10T05:30,andar-2,0.090
2026-07-10T05:45,andar-2,0.084
2026-07-10T06:00,andar-2,0.232
2026-07-10T06:15,andar-2,0.226
2026-07-10T06:30,andar-2,0.237
2026-07-10T06:45,andar-2,0.266
2026-07-10T07:00,andar-2,0.262
2026-07-10T07:15,andar-2,0.279
2026-07-10T07:30,andar-2,0.289
2026-07-10T07:45,andar-2,0.249
2026-07-10T08:00,andar-2,0.249
2026-07-10T08:15,andar-2,0.238
2026-07-10T08:30,andar-2,0.253
2026-07-10T08:45,andar-2,0.268
2026-07-10T09:00,andar-2,0.453
2026-07-10T09:15,andar-2,0.493
2026-07-10T09:30,andar-2,0.459
2026-07-10T09:45,andar-2,0.443
2026-07-10T10:00,andar-2,0.455
2026-07-10T10:15,andar-2,0.441
2026-07-10T10:30,andar-2,0.446
2026-07-10T10:45,andar-2,0.532
2026-07-10T11:00,andar-2,0.450
2026-07-10T11:15,andar-2,0.413
2026-07-10T11:30,andar-2,0.476
2026-07-10T11:45,andar-2,0.447
2026-07-10T12:00,andar-2,0.474
2026-07-10T12:15,andar-2,0.427
2026-07-10T12:30,andar-2,0.450
2026-07-10T12:45,andar-2,0.519
2026-07-10T13:00,andar-2,0.447
2026-07-10T13:15,andar-2,0.426
2026-07-10T13:30,andar-2,0.480
2026-07-10T13:45,andar-2,0.462
2026-07-10T14:00,andar-2,0.534
2026-07-10T14:15,andar-2,0.426
2026-07-10T14:30,andar-2,0.451
2026-07-10T14:45,andar-2,0.426
2026-07-10T15:00,andar-2,0.457
2026-07-10T15:15,andar-2,0.428
2026-07-10T15:30,andar-2,0.466
2026-07-10T15:45,andar-2,0.420
2026-07-10T16:00,andar-2,0.437
2026-07-10T16:15,andar-2,0.412
2026-07-10T16:30,andar-2,0.490
2026-07-10T16:45,andar-2,0.468
2026-07-10T17:00,andar-2,0.491
2026-07-10T17:15,andar-2,0.402
2026-07-10T17:30,andar-2,0.479
2026-07-10T17:45,andar-2,0.493
2026-07-10T18:00,andar-2,0.370
2026-07-10T18:15,andar-2,0.394
2026-07-10T18:30,andar-2,0.317
2026-07-10T18:45,andar-2,0.301
2026-07-10T19:00,andar-2,0.292
2026-07-10T19:15,andar-2,0.396
2026-07-10T19:30,andar-2,0.363
2026-07-10T19:45,andar-2,0.336
2026-07-10T20:00,andar-2,0.407
2026-07-10T20:15,andar-2,0.363
2026-07-10T20:30,andar-2,0.326
2026-07-10T20:45,andar-2,0.356
2026-07-10T21:00,andar-2,0.125
2026-07-10T21:15,andar-2,0.133
2026-07-10T21:30,andar-2,0.125
2026-07-10T21:45,andar-2,0.116
2026-07-10T22:00,andar-2,0.129
2026-07-10T22:15,andar-2,0.110
2026-07-10T22:30,andar-2,0.126
2026-07-10T22:45,andar-2,0.118
2026-07-10T23:00,andar-2,0.120
2026-07-10T23:15,andar-2,0.127
2026-07-10T23:30,andar-2,0.102
2026-07-10T23:45,andar-2,0.112
2026-07-11T00:00,andar-2,0.034
2026-07-11T00:15,andar-2,0.045
2026-07-11T00:30,andar-2,0.034
2026-07-11T00:45,andar-2,0.036
2026-07-11T01:00,andar-2,0.035
2026-07-11T01:15,andar-2,0.035
2026-07-11T01:30,andar-2,0.036
2026-07-11T01:45,andar-2,0.037
2026-07-11T02:00,andar-2,0.031
2026-07-11T02:15,andar-2,0.035
2026-07-11T02:30,andar-2,0.034
2026-07-11T02:45,andar-2,0.034
2026-07-11T03:00,andar-2,0.039
2026-07-11T03:15,andar-2,0.033
2026-07-11T03:30,andar-2,0.039
2026-07-11T03:45,andar-2,0.035
2026-07-11T04:00,andar-2,0.038
2026-07-11T04:15,andar-2,0.034
2026-07-11T04:30,andar-2,0.037
2026-07-11T04:45,andar-2,0.035
2026-07-11T05:00,andar-2,0.039
2026-07-11T05:15,andar-2,0.036
2026-07-11T05:30,andar-2,0.039
2026-07-11T05:45,andar-2,0.034
2026-07-11T06:00,andar-2,0.095
2026-07-11T06:15,andar-2,0.109
2026-07-11T06:30,andar-2,0.112
2026-07-11T06:45,andar-2,0.106
2026-07-11T07:00,andar-2,0.122
2026-07-11T07:15,andar-2,0.117
2026-07-11T07:30,andar-2,0.106
2026-07-11T07:45,andar-2,0.104
2026-07-11T08:00,andar-2,0.111
2026-07-11T08:15,andar-2,0.109
2026-07-11T08:30,andar-2,0.122
2026-07-11T08:45,andar-2,0.094
2026-07-11T09:00,andar-2,0.186
2026-07-11T09:15,andar-2,0.199
2026-07-11T09:30,andar-2,0.195
2026-07-11T09:45,andar-2,0.229
2026-07-11T10:00,andar-2,0.220
2026-07-11T10:15,andar-2,0.224
2026-07-11T10:30,andar-2,0.211
2026-07-11T10:45,andar-2,0.187
2026-07-11T11:00,andar-2,0.223
2026-07-11T11:15,andar-2,0.218
2026-07-11T11:30,andar-2,0.176
2026-07-11T11:45,andar-2,0.209
2026-07-11T12:00,andar-2,0.197
2026-07-11T12:15,andar-2,0.195
2026-07-11T12:30,andar-2,0.203
2026-07-11T12:45,andar-2,0.194
2026-07-11T13:00,andar-2,0.215
2026-07-11T13:15,andar-2,0.177
2026-07-11T13:30,andar-2,0.210
2026-07-11T13:45,andar-2,0.192
2026-07-11T14:00,andar-2,0.219
2026-07-11T14:15,andar-2,0.209
2026-07-11T14:30,andar-2,0.190
2026-07-11T14:45,andar-2,0.203
2026-07-11T15:00,andar-2,0.231
2026-07-11T15:15,andar-2,0.221
2026-07-11T15:30,andar-2,0.238
2026-07-11T15:45,andar-2,0.225
2026-07-11T16:00,andar-2,0.182
2026-07-11T16:15,andar-2,0.207
2026-07-11T16:30,andar-2,0.193
2026-07-11T16:45,andar-2,0.199
2026-07-11T17:00,andar-2,0.194
2026-07-11T17:15,andar-2,0.199
2026-07-11T17:30,andar-2,0.183
2026-07-11T17:45,andar-2,0.190
2026-07-11T18:00,andar-2,0.143
2026-07-11T18:15,andar-2,0.150
2026-07-11T18:30,andar-2,0.155
2026-07-11T18:45,andar-2,0.170
2026-07-11T19:00,andar-2,0.139
2026-07-11T19:15,andar-2,0.134
2026-07-11T19:30,andar-2,0.161
2026-07-11T19:45,andar-2,0.158
2026-07-11T20:00,andar-2,0.139
2026-07-11T20:15,andar-2,0.151
2026-07-11T20:30,andar-2,0.190
2026-07-11T20:45,andar-2,0.160
2026-07-11T21:00,andar-2,0.056
2026-07-11T21:15,andar-2,0.052
2026-07-11T21:30,andar-2,0.055
2026-07-11T21:45,andar-2,0.059
2026-07-11T22:00,andar-2,0.051
2026-07-11T22:15,andar-2,0.044
2026-07-11T22:30,andar-2,0.049
2026-07-11T22:45,andar-2,0.048
2026-07-11T23:00,andar-2,0.056
2026-07-11T23:15,andar-2,0.047
2026-07-11T23:30,andar-2,0.058
2026-07-11T23:45,andar-2,0.055
2026-07-12T00:00,andar-2,0.037
2026-07-12T00:15,andar-2,0.035
2026-07-12T00:30,andar-2,0.036
2026-07-12T00:45,andar-2,0.032
2026-07-12T01:00,andar-2,0.038
2026-07-12T01:15,andar-2,0.038
2026-07-12T01:30,andar-2,0.038
2026-07-12T01:45,andar-2,0.034
2026-07-12T02:00,andar-2,0.035
2026-07-12T02:15,andar-2,0.039
2026-07-12T02:30,andar-2,0.033
2026-07-12T02:45,andar-2,0.036
2026-07-12T03:00,andar-2,0.036
2026-07-12T03:15,andar-2,0.038
2026-07-12T03:30,andar-2,0.037
2026-07-12T03:45,andar-2,0.034
2026-07-12T04:00,andar-2,0.037
2026-07-12T04:15,andar-2,0.037
2026-07-12T04:30,andar-2,0.037
2026-07-12T04:45,andar-2,0.033
2026-07-12T05:00,andar-2,0.042
2026-07-12T05:15,andar-2,0.031
2026-07-12T05:30,andar-2,0.036
2026-07-12T05:45,andar-2,0.036
2026-07-12T06:00,andar-2,0.111
2026-07-12T06:15,andar-2,0.122
2026-07-12T06:30,andar-2,0.113
2026-07-12T06:45,andar-2,0.129
2026-07-12T07:00,andar-2,0.107
2026-07-12T07:15,andar-2,0.122
2026-07-12T07:30,andar-2,0.107
2026-07-12T07:45,andar-2,0.109
2026-07-12T08:00,andar-2,0.100
2026-07-12T08:15,andar-2,0.110
2026-07-12T08:30,andar-2,0.100
2026-07-12T08:45,andar-2,0.117
2026-07-12T09:00,andar-2,0.210
2026-07-12T09:15,andar-2,0.181
2026-07-12T09:30,andar-2,0.214
2026-07-12T09:45,andar-2,0.185
2026-07-12T10:00,andar-2,0.226
2026-07-12T10:15,andar-2,0.191
2026-07-12T10:30,andar-2,0.196
2026-07-12T10:45,andar-2,0.235
2026-07-12T11:00,andar-2,0.186
2026-07-12T11:15,andar-2,0.216
2026-07-12T11:30,andar-2,0.219
2026-07-12T11:45,andar-2,0.193
2026-07-12T12:00,andar-2,0.194
2026-07-12T12:15,andar-2,0.205
2026-07-12T12:30,andar-2,0.231
2026-07-12T12:45,andar-2,0.175
2026-07-12T13:00,andar-2,0.198
2026-07-12T13:15,andar-2,0.183
2026-07-12T13:30,andar-2,0.200
2026-07-12T13:45,andar-2,0.194
2026-07-12T14:00,andar-2,0.221
2026-07-12T14:15,andar-2,0.210
2026-07-12T14:30,andar-2,0.195
2026-07-12T14:45,andar-2,0.181
2026-07-12T15:00,andar-2,0.180
2026-07-12T15:15,andar-2,0.180
2026-07-12T15:30,andar-2,0.201
2026-07-12T15:45,andar-2,0.202
2026-07-12T16:00,andar-2,0.226
2026-07-12T16:15,andar-2,0.218
2026-07-12T16:30,andar-2,0.207
2026-07-12T16:45,andar-2,0.218
2026-07-12T17:00,andar-2,0.224
2026-07-12T17:15,andar-2,0.241
2026-07-12T17:30,andar-2,0.176
2026-07-12T17:45,andar-2,0.221
2026-07-12T18:00,andar-2,0.154
2026-07-12T18:15,andar-2,0.144
2026-07-12T18:30,andar-2,0.163
2026-07-12T18:45,andar-2,0.139
2026-07-12T19:00,andar-2,0.165
2026-07-12T19:15,andar-2,0.167
2026-07-12T19:30,andar-2,0.185
2026-07-12T19:45,andar-2,0.153
2026-07-12T20:00,andar-2,0.149
2026-07-12T20:15,andar-2,0.156
2026-07-12T20:30,andar-2,0.148
2026-07-12T20:45,andar-2,0.156
2026-07-12T21:00,andar-2,0.051
2026-07-12T21:15,andar-2,0.052
2026-07-12T21:30,andar-2,0.055
2026-07-12T21:45,andar-2,0.059
2026-07-12T22:00,andar-2,0.045
2026-07-12T22:15,andar-2,0.054
2026-07-12T22:30,andar-2,0.052
2026-07-12T22:45,andar-2,0.052
2026-07-12T23:00,andar-2,0.059
2026-07-12T23:15,andar-2,0.052
2026-07-12T23:30,andar-2,0.065
2026-07-12T23:45,andar-2,0.060
2026-07-13T00:00,andar-2,0.074
2026-07-13T00:15,andar-2,0.076
2026-07-13T00:30,andar-2,0.087
2026-07-13T00:45,andar-2,0.085
2026-07-13T01:00,andar-2,0.082
2026-07-13T01:15,andar-2,0.091
2026-07-13T01:30,andar-2,0.085
2026-07-13T01:45,andar-2,0.082
2026-07-13T02:00,andar-2,0.081
2026-07-13T02:15,andar-2,0.084
2026-07-13T02:30,andar-2,0.084
2026-07-13T02:45,andar-2,0.093
2026-07-13T03:00,andar-2,0.081
2026-07-13T03:15,andar-2,0.088
2026-07-13T03:30,andar-2,0.081
2026-07-13T03:45,andar-2,0.075
2026-07-13T04:00,andar-2,0.087
2026-07-13T04:15,andar-2,0.078
2026-07-13T04:30,andar-2,0.082
2026-07-13T04:45,andar-2,0.079
2026-07-13T05:00,andar-2,0.088
2026-07-13T05:15,andar-2,0.083
2026-07-13T05:30,andar-2,0.080
2026-07-13T05:45,andar-2,0.074
2026-07-13T06:00,andar-2,0.237
2026-07-13T06:15,andar-2,0.279
2026-07-13T06:30,andar-2,0.284
2026-07-13T06:45,andar-2,0.250
2026-07-13T07:00,andar-2,0.270
2026-07-13T07:15,andar-2,0.257
2026-07-13T07:30,andar-2,0.253
2026-07-13T07:45,andar-2,0.241
2026-07-13T08:00,andar-2,0.246
2026-07-13T08:15,andar-2,0.222
2026-07-13T08:30,andar-2,0.260
2026-07-13T08:45,andar-2,0.242
2026-07-13T09:00,andar-2,0.402
2026-07-13T09:15,andar-2,0.437
2026-07-13T09:30,andar-2,0.384
2026-07-13T09:45,andar-2,0.394
2026-07-13T10:00,andar-2,0.465
2026-07-13T10:15,andar-2,0.461
2026-07-13T10:30,andar-2,0.430
2026-07-13T10:45,andar-2,0.396
2026-07-13T11:00,andar-2,0.407
2026-07-13T11:15,andar-2,0.447
2026-07-13T11:30,andar-2,0.407
2026-07-13T11:45,andar-2,0.445
2026-07-13T12:00,andar-2,0.479
2026-07-13T12:15,andar-2,0.412
2026-07-13T12:30,andar-2,0.456
2026-07-13T12:45,andar-2,0.486
2026-07-13T13:00,andar-2,0.414
2026-07-13T13:15,andar-2,0.428
2026-07-13T13:30,andar-2,0.467
2026-07-13T13:45,andar-2,0.387
2026-07-13T14:00,andar-2,0.470
2026-07-13T14:15,andar-2,0.470
2026-07-13T14:30,andar-2,0.439
2026-07-13T14:45,andar-2,0.465
2026-07-13T15:00,andar-2,0.453
2026-07-13T15:15,andar-2,0.438
2026-07-13T15:30,andar-2,0.403
2026-07-13T15:45,andar-2,0.469
2026-07-13T16:00,andar-2,0.513
2026-07-13T16:15,andar-2,0.398
2026-07-13T16:30,andar-2,0.455
2026-07-13T16:45,andar-2,0.399
2026-07-13T17:00,andar-2,0.438
2026-07-13T17:15,andar-2,0.494
2026-07-13T17:30,andar-2,0.428
2026-07-13T17:45,andar-2,0.429
2026-07-13T18:00,andar-2,0.330
2026-07-13T18:15,andar-2,0.412
2026-07-13T18:30,andar-2,0.292
2026-07-13T18:45,andar-2,0.356
2026-07-13T19:00,andar-2,0.367
2026-07-13T19:15,andar-2,0.331
2026-07-13T19:30,andar-2,0.343
2026-07-13T19:45,andar-2,0.392
2026-07-13T20:00,andar-2,0.367
2026-07-13T20:15,andar-2,0.343
2026-07-13T20:30,andar-2,0.337
2026-07-13T20:45,andar-2,0.312
2026-07-13T21:00,andar-2,0.094
2026-07-13T21:15,andar-2,0.116
2026-07-13T21:30,andar-2,0.121
2026-07-13T21:45,andar-2,0.109
2026-07-13T22:00,andar-2,0.118
2026-07-13T22:15,andar-2,0.120
2026-07-13T22:30,andar-2,0.134
2026-07-13T22:45,andar-2,0.136
2026-07-13T23:00,andar-2,0.123
2026-07-13T23:15,andar-2,0.127
2026-07-13T23:30,andar-2,0.126
2026-07-13T23:45,andar-2,0.132
2026-07-14T00:00,andar-2,0.080
2026-07-14T00:15,andar-2,0.078
2026-07-14T00:30,andar-2,0.078
2026-07-14T00:45,andar-2,0.082
2026-07-14T01:00,andar-2,0.076
2026-07-14T01:15,andar-2,0.082
2026-07-14T01:30,andar-2,0.087
2026-07-14T01:45,andar-2,0.075
2026-07-14T02:00,andar-2,0.080
2026-07-14T02:15,andar-2,0.081
2026-07-14T02:30,andar-2,0.085
2026-07-14T02:45,andar-2,0.083
2026-07-14T03:00,andar-2,0.087
2026-07-14T03:15,andar-2,0.093
2026-07-14T03:30,andar-2,0.084
2026-07-14T03:45,andar-2,0.074
2026-07-14T04:00,andar-2,0.084
2026-07-14T04:15,andar-2,0.084
2026-07-14T04:30,andar-2,0.079
2026-07-14T04:45,andar-2,0.077
2026-07-14T05:00,andar-2,0.071
2026-07-14T05:15,andar-2,0.089
2026-07-14T05:30,andar-2,0.059
2026-07-14T05:45,andar-2,0.072
2026-07-14T06:00,andar-2,0.288
2026-07-14T06:15,andar-2,0.255
2026-07-14T06:30,andar-2,0.260
2026-07-14T06:45,andar-2,0.262
2026-07-14T07:00,andar-2,0.268
2026-07-14T07:15,andar-2,0.227
2026-07-14T07:30,andar-2,0.229
2026-07-14T07:45,andar-2,0.274
2026-07-14T08:00,andar-2,0.257
2026-07-14T08:15,andar-2,0.226
2026-07-14T08:30,andar-2,0.245
2026-07-14T08:45,andar-2,0.245
2026-07-14T09:00,andar-2,0.460
2026-07-14T09:15,andar-2,0.449
2026-07-14T09:30,andar-2,0.451
2026-07-14T09:45,andar-2,0.425
2026-07-14T10:00,andar-2,0.498
2026-07-14T10:15,andar-2,0.521
2026-07-14T10:30,andar-2,0.435
2026-07-14T10:45,andar-2,0.491
2026-07-14T11:00,andar-2,0.472
2026-07-14T11:15,andar-2,0.444
2026-07-14T11:30,andar-2,0.470
2026-07-14T11:45,andar-2,0.520
2026-07-14T12:00,andar-2,0.427
2026-07-14T12:15,andar-2,0.463
2026-07-14T12:30,andar-2,0.434
2026-07-14T12:45,andar-2,0.443
2026-07-14T13:00,andar-2,0.395
2026-07-14T13:15,andar-2,0.419
2026-07-14T13:30,andar-2,0.423
2026-07-14T13:45,andar-2,0.529
2026-07-14T14:00,andar-2,0.442
2026-07-14T14:15,andar-2,0.495
2026-07-14T14:30,andar-2,0.468
2026-07-14T14:45,andar-2,0.476
2026-07-14T15:00,andar-2,0.423
2026-07-14T15:15,andar-2,0.464
2026-07-14T15:30,andar-2,0.476
2026-07-14T15:45,andar-2,0.437
2026-07-14T16:00,andar-2,0.451
2026-07-14T16:15,andar-2,0.406
2026-07-14T16:30,andar-2,0.476
2026-07-14T16:45,andar-2,0.480
2026-07-14T17:00,andar-2,0.446
2026-07-14T17:15,andar-2,0.423
2026-07-14T17:30,andar-2,0.390
2026-07-14T17:45,andar-2,0.501
2026-07-14T18:00,andar-2,0.371
2026-07-14T18:15,andar-2,0.366
2026-07-14T18:30,andar-2,0.392
2026-07-14T18:45,andar-2,0.336
2026-07-14T19:00,andar-2,0.405
2026-07-14T19:15,andar-2,0.327
2026-07-14T19:30,andar-2,0.299
2026-07-14T19:45,andar-2,0.330
2026-07-14T20:00,andar-2,0.359
2026-07-14T20:15,andar-2,0.347
2026-07-14T20:30,andar-2,0.349
2026-07-14T20:45,andar-2,0.321
2026-07-14T21:00,andar-2,0.096
2026-07-14T21:15,andar-2,0.124
2026-07-14T21:30,andar-2,0.136
2026-07-14T21:45,andar-2,0.116
2026-07-14T22:00,andar-2,0.109
2026-07-14T22:15,andar-2,0.134
2026-07-14T22:30,andar-2,0.102
2026-07-14T22:45,andar-2,0.121
2026-07-14T23:00,andar-2,0.114
2026-07-14T23:15,andar-2,0.131
2026-07-14T23:30,andar-2,0.117
2026-07-14T23:45,andar-2,0.137
2026-07-15T00:00,andar-2,0.080
2026-07-15T00:15,andar-2,0.077
2026-07-15T00:30,andar-2,0.080
2026-07-15T00:45,andar-2,0.081
2026-07-15T01:00,andar-2,0.085
2026-07-15T01:15,andar-2,0.081
2026-07-15T01:30,andar-2,0.079
2026-07-15T01:45,andar-2,0.069
2026-07-15T02:00,andar-2,0.077
2026-07-15T02:15,andar-2,0.090
2026-07-15T02:30,andar-2,0.081
2026-07-15T02:45,andar-2,0.080
2026-07-15T03:00,andar-2,0.084
2026-07-15T03:15,andar-2,0.075
2026-07-15T03:30,andar-2,0.078
2026-07-15T03:45,andar-2,0.083
2026-07-15T04:00,andar-2,0.092
2026-07-15T04:15,andar-2,0.073
2026-07-15T04:30,andar-2,0.078
2026-07-15T04:45,andar-2,0.073
2026-07-15T05:00,andar-2,0.077
2026-07-15T05:15,andar-2,0.073
2026-07-15T05:30,andar-2,0.085
2026-07-15T05:45,andar-2,0.070
2026-07-15T06:00,andar-2,0.265
2026-07-15T06:15,andar-2,0.259
2026-07-15T06:30,andar-2,0.222
2026-07-15T06:45,andar-2,0.229
2026-07-15T07:00,andar-2,0.293
2026-07-15T07:15,andar-2,0.274
2026-07-15T07:30,andar-2,0.241
2026-07-15T07:45,andar-2,0.250
2026-07-15T08:00,andar-2,0.261
2026-07-15T08:15,andar-2,0.232
2026-07-15T08:30,andar-2,0.270
2026-07-15T08:45,andar-2,0.284
2026-07-15T09:00,andar-2,0.496
2026-07-15T09:15,andar-2,0.508
2026-07-15T09:30,andar-2,0.493
2026-07-15T09:45,andar-2,0.480
2026-07-15T10:00,andar-2,0.490
2026-07-15T10:15,andar-2,0.459
2026-07-15T10:30,andar-2,0.420
2026-07-15T10:45,andar-2,0.468
2026-07-15T11:00,andar-2,0.439
2026-07-15T11:15,andar-2,0.396
2026-07-15T11:30,andar-2,0.412
2026-07-15T11:45,andar-2,0.447
2026-07-15T12:00,andar-2,0.450
2026-07-15T12:15,andar-2,0.370
2026-07-15T12:30,andar-2,0.456
2026-07-15T12:45,andar-2,0.377
2026-07-15T13:00,andar-2,0.432
2026-07-15T13:15,andar-2,0.493
2026-07-15T13:30,andar-2,0.439
2026-07-15T13:45,andar-2,0.454
2026-07-15T14:00,andar-2,0.489
2026-07-15T14:15,andar-2,0.413
2026-07-15T14:30,andar-2,0.499
2026-07-15T14:45,andar-2,0.453
2026-07-15T15:00,andar-2,0.467
2026-07-15T15:15,andar-2,0.464
2026-07-15T15:30,andar-2,0.458
2026-07-15T15:45,andar-2,0.422
2026-07-15T16:00,andar-2,0.471
2026-07-15T16:15,andar-2,0.404
2026-07-15T16:30,andar-2,0.460
2026-07-15T16:45,andar-2,0.515
2026-07-15T17:00,andar-2,0.419
2026-07-15T17:15,andar-2,0.467
2026-07-15T17:30,andar-2,0.437
2026-07-15T17:45,andar-2,0.457
2026-07-15T18:00,andar-2,0.311
2026-07-15T18:15,andar-2,0.295
2026-07-15T18:30,andar-2,0.343
2026-07-15T18:45,andar-2,0.347
2026-07-15T19:00,andar-2,0.393
2026-07-15T19:15,andar-2,0.405
2026-07-15T19:30,andar-2,0.383
2026-07-15T19:45,andar-2,0.351
2026-07-15T20:00,andar-2,0.362
2026-07-15T20:15,andar-2,0.379
2026-07-15T20:30,andar-2,0.318
2026-07-15T20:45,andar-2,0.318
2026-07-15T21:00,andar-2,0.120
2026-07-15T21:15,andar-2,0.114
2026-07-15T21:30,andar-2,0.119
2026-07-15T21:45,andar-2,0.127
2026-07-15T22:00,andar-2,0.115
2026-07-15T22:15,andar-2,0.125
2026-07-15T22:30,andar-2,0.121
2026-07-15T22:45,andar-2,0.133
2026-07-15T23:00,andar-2,0.114
2026-07-15T23:15,andar-2,0.115
2026-07-15T23:30,andar-2,0.134
2026-07-15T23:45,andar-2,0.143
2026-07-16T00:00,andar-2,0.089
2026-07-16T00:15,andar-2,0.080
2026-07-16T00:30,andar-2,0.079
2026-07-16T00:45,andar-2,0.086
2026-07-16T01:00,andar-2,0.091
2026-07-16T01:15,andar-2,0.075
2026-07-16T01:30,andar-2,0.068
2026-07-16T01:45,andar-2,0.092
2026-07-16T02:00,andar-2,0.072
2026-07-16T02:15,andar-2,0.083
2026-07-16T02:30,andar-2,0.082
2026-07-16T02:45,andar-2,0.077
2026-07-16T03:00,andar-2,0.085
2026-07-16T03:15,andar-2,0.090
2026-07-16T03:30,andar-2,0.084
2026-07-16T03:45,andar-2,0.090
2026-07-16T04:00,andar-2,0.078
2026-07-16T04:15,andar-2,0.078
2026-07-16T04:30,andar-2,0.080
2026-07-16T04:45,andar-2,0.071
2026-07-16T05:00,andar-2,0.078
2026-07-16T05:15,andar-2,0.087
2026-07-16T05:30,andar-2,0.085
2026-07-16T05:45,andar-2,0.084
2026-07-16T06:00,andar-2,0.249
2026-07-16T06:15,andar-2,0.269
2026-07-16T06:30,andar-2,0.257
2026-07-16T06:45,andar-2,0.259
2026-07-16T07:00,andar-2,0.261
2026-07-16T07:15,andar-2,0.268
2026-07-16T07:30,andar-2,0.245
2026-07-16T07:45,andar-2,0.233
2026-07-16T08:00,andar-2,0.290
2026-07-16T08:15,andar-2,0.294
2026-07-16T08:30,andar-2,0.285
2026-07-16T08:45,andar-2,0.240
2026-07-16T09:00,andar-2,0.453
2026-07-16T09:15,andar-2,0.428
2026-07-16T09:30,andar-2,0.454
2026-07-16T09:45,andar-2,0.458
2026-07-16T10:00,andar-2,0.418
2026-07-16T10:15,andar-2,0.488
2026-07-16T10:30,andar-2,0.485
2026-07-16T10:45,andar-2,0.440
2026-07-16T11:00,andar-2,0.431
2026-07-16T11:15,andar-2,0.480
2026-07-16T11:30,andar-2,0.393
2026-07-16T11:45,andar-2,0.420
2026-07-16T12:00,andar-2,0.444
2026-07-16T12:15,andar-2,0.469
2026-07-16T12:30,andar-2,0.414
2026-07-16T12:45,andar-2,0.480
2026-07-16T13:00,andar-2,0.348
2026-07-16T13:15,andar-2,0.447
2026-07-16T13:30,andar-2,0.436
2026-07-16T13:45,andar-2,0.442
2026-07-16T14:00,andar-2,0.469
2026-07-16T14:15,andar-2,0.437
2026-07-16T14:30,andar-2,0.521
2026-07-16T14:45,andar-2,0.455
2026-07-16T15:00,andar-2,0.435
2026-07-16T15:15,andar-2,0.456
2026-07-16T15:30,andar-2,0.391
2026-07-16T15:45,andar-2,0.467
2026-07-16T16:00,andar-2,0.415
2026-07-16T16:15,andar-2,0.453
2026-07-16T16:30,andar-2,0.402
2026-07-16T16:45,andar-2,0.441
2026-07-16T17:00,andar-2,0.411
2026-07-16T17:15,andar-2,0.496
2026-07-16T17:30,andar-2,0.468
2026-07-16T17:45,andar-2,0.490
2026-07-16T18:00,andar-2,0.349
2026-07-16T18:15,andar-2,0.354
2026-07-16T18:30,andar-2,0.325
2026-07-16T18:45,andar-2,0.373
2026-07-16T19:00,andar-2,0.349
2026-07-16T19:15,andar-2,0.392
2026-07-16T19:30,andar-2,0.317
2026-07-16T19:45,andar-2,0.382
2026-07-16T20:00,andar-2,0.338
2026-07-16T20:15,andar-2,0.383
2026-07-16T20:30,andar-2,0.368
2026-07-16T20:45,andar-2,0.359
2026-07-16T21:00,andar-2,0.122
2026-07-16T21:15,andar-2,0.128
2026-07-16T21:30,andar-2,0.122
2026-07-16T21:45,andar-2,0.111
2026-07-16T22:00,andar-2,0.121
2026-07-16T22:15,andar-2,0.126
2026-07-16T22:30,andar-2,0.125
2026-07-16T22:45,andar-2,0.130
2026-07-16T23:00,andar-2,0.118
2026-07-16T23:15,andar-2,0.116
2026-07-16T23:30,andar-2,0.121
2026-07-16T23:45,andar-2,0.120
2026-07-17T00:00,andar-2,0.078
2026-07-17T00:15,andar-2,0.085
2026-07-17T00:30,andar-2,0.074
2026-07-17T00:45,andar-2,0.071
2026-07-17T01:00,andar-2,0.072
2026-07-17T01:15,andar-2,0.082
2026-07-17T01:30,andar-2,0.076
2026-07-17T01:45,andar-2,0.082
2026-07-17T02:00,andar-2,0.089
2026-07-17T02:15,andar-2,0.080
2026-07-17T02:30,andar-2,0.072
2026-07-17T02:45,andar-2,0.079
2026-07-17T03:00,andar-2,0.076
2026-07-17T03:15,andar-2,0.095
2026-07-17T03:30,andar-2,0.082
2026-07-17T03:45,andar-2,0.090
2026-07-17T04:00,andar-2,0.073
2026-07-17T04:15,andar-2,0.078
2026-07-17T04:30,andar-2,0.085
2026-07-17T04:45,andar-2,0.080
2026-07-17T05:00,andar-2,0.074
2026-07-17T05:15,andar-2,0.076
2026-07-17T05:30,andar-2,0.081
2026-07-17T05:45,andar-2,0.083
2026-07-17T06:00,andar-2,0.314
2026-07-17T06:15,andar-2,0.197
2026-07-17T06:30,andar-2,0.243
2026-07-17T06:45,andar-2,0.205
2026-07-17T07:00,andar-2,0.268
2026-07-17T07:15,andar-2,0.246
2026-07-17T07:30,andar-2,0.263
2026-07-17T07:45,andar-2,0.253
2026-07-17T08:00,andar-2,0.264
2026-07-17T08:15,andar-2,0.234
2026-07-17T08:30,andar-2,0.286
2026-07-17T08:45,andar-2,0.228
2026-07-17T09:00,andar-2,0.457
2026-07-17T09:15,andar-2,0.440
2026-07-17T09:30,andar-2,0.372
2026-07-17T09:45,andar-2,0.458
2026-07-17T10:00,andar-2,0.535
2026-07-17T10:15,andar-2,0.461
2026-07-17T10:30,andar-2,0.420
2026-07-17T10:45,andar-2,0.440
2026-07-17T11:00,andar-2,0.414
2026-07-17T11:15,andar-2,0.472
2026-07-17T11:30,andar-2,0.463
2026-07-17T11:45,andar-2,0.426
2026-07-17T12:00,andar-2,0.516
2026-07-17T12:15,andar-2,0.468
2026-07-17T12:30,andar-2,0.482
2026-07-17T12:45,andar-2,0.425
2026-07-17T13:00,andar-2,0.433
2026-07-17T13:15,andar-2,0.432
2026-07-17T13:30,andar-2,0.384
2026-07-17T13:45,andar-2,0.453
2026-07-17T14:00,andar-2,0.455
2026-07-17T14:15,andar-2,0.468
2026-07-17T14:30,andar-2,0.494
2026-07-17T14:45,andar-2,0.466
2026-07-17T15:00,andar-2,0.374
2026-07-17T15:15,andar-2,0.476
2026-07-17T15:30,andar-2,0.390
2026-07-17T15:45,andar-2,0.438
2026-07-17T16:00,andar-2,0.437
2026-07-17T16:15,andar-2,0.444
2026-07-17T16:30,andar-2,0.482
2026-07-17T16:45,andar-2,0.470
2026-07-17T17:00,andar-2,0.463
2026-07-17T17:15,andar-2,0.462
2026-07-17T17:30,andar-2,0.467
2026-07-17T17:45,andar-2,0.389
2026-07-17T18:00,andar-2,0.383
2026-07-17T18:15,andar-2,0.352
2026-07-17T18:30,andar-2,0.361
2026-07-17T18:45,andar-2,0.331
2026-07-17T19:00,andar-2,0.354
2026-07-17T19:15,andar-2,0.423
2026-07-17T19:30,andar-2,0.340
2026-07-17T19:45,andar-2,0.393
2026-07-17T20:00,andar-2,0.340
2026-07-17T20:15,andar-2,0.372
2026-07-17T20:30,andar-2,0.363
2026-07-17T20:45,andar-2,0.291
2026-07-17T21:00,andar-2,0.128
2026-07-17T21:15,andar-2,0.115
2026-07-17T21:30,andar-2,0.126
2026-07-17T21:45,andar-2,0.114
2026-07-17T22:00,andar-2,0.114
2026-07-17T22:15,andar-2,0.117
2026-07-17T22:30,andar-2,0.126
2026-07-17T22:45,andar-2,0.120
2026-07-17T23:00,andar-2,0.136
2026-07-17T23:15,andar-2,0.134
2026-07-17T23:30,andar-2,0.112
2026-07-17T23:45,andar-2,0.108
2026-07-18T00:00,andar-2,0.037
2026-07-18T00:15,andar-2,0.038
2026-07-18T00:30,andar-2,0.034
2026-07-18T00:45,andar-2,0.035
2026-07-18T01:00,andar-2,0.037
2026-07-18T01:15,andar-2,0.036
2026-07-18T01:30,andar-2,0.039
2026-07-18T01:45,andar-2,0.036
2026-07-18T02:00,andar-2,0.036
2026-07-18T02:15,andar-2,0.035
2026-07-18T02:30,andar-2,0.042
2026-07-18T02:45,andar-2,0.041
2026-07-18T03:00,andar-2,0.031
2026-07-18T03:15,andar-2,0.038
2026-07-18T03:30,andar-2,0.033
2026-07-18T03:45,andar-2,0.040
2026-07-18T04:00,andar-2,0.036
2026-07-18T04:15,andar-2,0.043
2026-07-18T04:30,andar-2,0.037
2026-07-18T04:45,andar-2,0.035
2026-07-18T05:00,andar-2,0.034
2026-07-18T05:15,andar-2,0.037
2026-07-18T05:30,andar-2,0.039
2026-07-18T05:45,andar-2,0.036
2026-07-18T06:00,andar-2,0.119
2026-07-18T06:15,andar-2,0.101
2026-07-18T06:30,andar-2,0.097
2026-07-18T06:45,andar-2,0.120
2026-07-18T07:00,andar-2,0.114
2026-07-18T07:15,andar-2,0.120
2026-07-18T07:30,andar-2,0.089
2026-07-18T07:45,andar-2,0.113
2026-07-18T08:00,andar-2,0.119
2026-07-18T08:15,andar-2,0.102
2026-07-18T08:30,andar-2,0.088
2026-07-18T08:45,andar-2,0.105
2026-07-18T09:00,andar-2,0.225
2026-07-18T09:15,andar-2,0.172
2026-07-18T09:30,andar-2,0.213
2026-07-18T09:45,andar-2,0.217
2026-07-18T10:00,andar-2,0.190
2026-07-18T10:15,andar-2,0.209
2026-07-18T10:30,andar-2,0.159
2026-07-18T10:45,andar-2,0.199
2026-07-18T11:00,andar-2,0.190
2026-07-18T11:15,andar-2,0.185
2026-07-18T11:30,andar-2,0.202
2026-07-18T11:45,andar-2,0.183
2026-07-18T12:00,andar-2,0.179
2026-07-18T12:15,andar-2,0.224
2026-07-18T12:30,andar-2,0.202
2026-07-18T12:45,andar-2,0.210
2026-07-18T13:00,andar-2,0.210
2026-07-18T13:15,andar-2,0.224
2026-07-18T13:30,andar-2,0.206
2026-07-18T13:45,andar-2,0.195
2026-07-18T14:00,andar-2,0.220
2026-07-18T14:15,andar-2,0.194
2026-07-18T14:30,andar-2,0.204
2026-07-18T14:45,andar-2,0.230
2026-07-18T15:00,andar-2,0.195
2026-07-18T15:15,andar-2,0.222
2026-07-18T15:30,andar-2,0.205
2026-07-18T15:45,andar-2,0.177
2026-07-18T16:00,andar-2,0.191
2026-07-18T16:15,andar-2,0.194
2026-07-18T16:30,andar-2,0.205
2026-07-18T16:45,andar-2,0.187
2026-07-18T17:00,andar-2,0.182
2026-07-18T17:15,andar-2,0.191
2026-07-18T17:30,andar-2,0.191
2026-07-18T17:45,andar-2,0.207
2026-07-18T18:00,andar-2,0.168
2026-07-18T18:15,andar-2,0.163
2026-07-18T18:30,andar-2,0.174
2026-07-18T18:45,andar-2,0.156
2026-07-18T19:00,andar-2,0.150
2026-07-18T19:15,andar-2,0.138
2026-07-18T19:30,andar-2,0.142
2026-07-18T19:45,andar-2,0.155
2026-07-18T20:00,andar-2,0.154
2026-07-18T20:15,andar-2,0.163
2026-07-18T20:30,andar-2,0.152
2026-07-18T20:45,andar-2,0.172
2026-07-18T21:00,andar-2,0.058
2026-07-18T21:15,andar-2,0.049
2026-07-18T21:30,andar-2,0.045
2026-07-18T21:45,andar-2,0.050
2026-07-18T22:00,andar-2,0.051
2026-07-18T22:15,andar-2,0.046
2026-07-18T22:30,andar-2,0.044
2026-07-18T22:45,andar-2,0.053
2026-07-18T23:00,andar-2,0.054
2026-07-18T23:15,andar-2,0.050
2026-07-18T23:30,andar-2,0.057
2026-07-18T23:45,andar-2,0.056
2026-07-19T00:00,andar-2,0.036
2026-07-19T00:15,andar-2,0.035
2026-07-19T00:30,andar-2,0.035
2026-07-19T00:45,andar-2,0.038
2026-07-19T01:00,andar-2,0.038
2026-07-19T01:15,andar-2,0.036
2026-07-19T01:30,andar-2,0.032
2026-07-19T01:45,andar-2,0.037
2026-07-19T02:00,andar-2,0.040
2026-07-19T02:15,andar-2,0.038
2026-07-19T02:30,andar-2,0.031
2026-07-19T02:45,andar-2,0.037
2026-07-19T03:00,andar-2,0.037
2026-07-19T03:15,andar-2,0.034
2026-07-19T03:30,andar-2,0.039
2026-07-19T03:45,andar-2,0.035
2026-07-19T04:00,andar-2,0.037
2026-07-19T04:15,andar-2,0.037
2026-07-19T04:30,andar-2,0.031
2026-07-19T04:45,andar-2,0.033
2026-07-19T05:00,andar-2,0.038
2026-07-19T05:15,andar-2,0.036
2026-07-19T05:30,andar-2,0.036
2026-07-19T05:45,andar-2,0.037
2026-07-19T06:00,andar-2,0.100
2026-07-19T06:15,andar-2,0.117
2026-07-19T06:30,andar-2,0.108
2026-07-19T06:45,andar-2,0.095
2026-07-19T07:00,andar-2,0.109
2026-07-19T07:15,andar-2,0.109
2026-07-19T07:30,andar-2,0.096
2026-07-19T07:45,andar-2,0.114
2026-07-19T08:00,andar-2,0.108
2026-07-19T08:15,andar-2,0.130
2026-07-19T08:30,andar-2,0.120
2026-07-19T08:45,andar-2,0.107
2026-07-19T09:00,andar-2,0.181
2026-07-19T09:15,andar-2,0.197
2026-07-19T09:30,andar-2,0.200
2026-07-19T09:45,andar-2,0.228
2026-07-19T10:00,andar-2,0.201
2026-07-19T10:15,andar-2,0.219
2026-07-19T10:30,andar-2,0.188
2026-07-19T10:45,andar-2,0.183
2026-07-19T11:00,andar-2,0.219
2026-07-19T11:15,andar-2,0.166
2026-07-19T11:30,andar-2,0.169
2026-07-19T11:45,andar-2,0.200
2026-07-19T12:00,andar-2,0.198
2026-07-19T12:15,andar-2,0.221
2026-07-19T12:30,andar-2,0.206
2026-07-19T12:45,andar-2,0.195
2026-07-19T13:00,andar-2,0.188
2026-07-19T13:15,andar-2,0.193
2026-07-19T13:30,andar-2,0.208
2026-07-19T13:45,andar-2,0.209
2026-07-19T14:00,andar-2,0.197
2026-07-19T14:15,andar-2,0.213
2026-07-19T14:30,andar-2,0.199
2026-07-19T14:45,andar-2,0.190
2026-07-19T15:00,andar-2,0.203
2026-07-19T15:15,andar-2,0.232
2026-07-19T15:30,andar-2,0.216
2026-07-19T15:45,andar-2,0.210
2026-07-19T16:00,andar-2,0.193
2026-07-19T16:15,andar-2,0.179
2026-07-19T16:30,andar-2,0.217
2026-07-19T16:45,andar-2,0.194
2026-07-19T17:00,andar-2,0.206
2026-07-19T17:15,andar-2,0.210
2026-07-19T17:30,andar-2,0.209
2026-07-19T17:45,andar-2,0.221
2026-07-19T18:00,andar-2,0.173
2026-07-19T18:15,andar-2,0.159
2026-07-19T18:30,andar-2,0.146
2026-07-19T18:45,andar-2,0.155
2026-07-19T19:00,andar-2,0.153
2026-07-19T19:15,andar-2,0.154
2026-07-19T19:30,andar-2,0.174
2026-07-19T19:45,andar-2,0.154
2026-07-19T20:00,andar-2,0.161
2026-07-19T20:15,andar-2,0.150
2026-07-19T20:30,andar-2,0.176
2026-07-19T20:45,andar-2,0.170
2026-07-19T21:00,andar-2,0.057
2026-07-19T21:15,andar-2,0.056
2026-07-19T21:30,andar-2,0.059
2026-07-19T21:45,andar-2,0.057
2026-07-19T22:00,andar-2,0.056
2026-07-19T22:15,andar-2,0.054
2026-07-19T22:30,andar-2,0.055
2026-07-19T22:45,andar-2,0.058
2026-07-19T23:00,andar-2,0.047
2026-07-19T23:15,andar-2,0.055
2026-07-19T23:30,andar-2,0.047
2026-07-19T23:45,andar-2,0.056
2026-07-20T00:00,andar-2,0.079
2026-07-20T00:15,andar-2,0.071
2026-07-20T00:30,andar-2,0.083
2026-07-20T00:45,andar-2,0.084
2026-07-20T01:00,andar-2,0.085
2026-07-20T01:15,andar-2,0.067
2026-07-20T01:30,andar-2,0.083
2026-07-20T01:45,andar-2,0.084
2026-07-20T02:00,andar-2,0.092
2026-07-20T02:15,andar-2,0.072
2026-07-20T02:30,andar-2,0.081
2026-07-20T02:45,andar-2,0.083
2026-07-20T03:00,andar-2,0.082
2026-07-20T03:15,andar-2,0.087
2026-07-20T03:30,andar-2,0.090
2026-07-20T03:45,andar-2,0.077
2026-07-20T04:00,andar-2,0.085
2026-07-20T04:15,andar-2,0.086
2026-07-20T04:30,andar-2,0.077
2026-07-20T04:45,andar-2,0.086
2026-07-20T05:00,andar-2,0.075
2026-07-20T05:15,andar-2,0.084
2026-07-20T05:30,andar-2,0.085
2026-07-20T05:45,andar-2,0.079
2026-07-20T06:00,andar-2,0.211
2026-07-20T06:15,andar-2,0.255
2026-07-20T06:30,andar-2,0.248
2026-07-20T06:45,andar-2,0.245
2026-07-20T07:00,andar-2,0.249
2026-07-20T07:15,andar-2,0.249
2026-07-20T07:30,andar-2,0.238
2026-07-20T07:45,andar-2,0.257
2026-07-20T08:00,andar-2,0.264
2026-07-20T08:15,andar-2,0.260
2026-07-20T08:30,andar-2,0.273
2026-07-20T08:45,andar-2,0.252
2026-07-20T09:00,andar-2,0.477
2026-07-20T09:15,andar-2,0.476
2026-07-20T09:30,andar-2,0.431
2026-07-20T09:45,andar-2,0.476
2026-07-20T10:00,andar-2,0.434
2026-07-20T10:15,andar-2,0.447
2026-07-20T10:30,andar-2,0.492
2026-07-20T10:45,andar-2,0.481
2026-07-20T11:00,andar-2,0.486
2026-07-20T11:15,andar-2,0.488
2026-07-20T11:30,andar-2,0.447
2026-07-20T11:45,andar-2,0.421
2026-07-20T12:00,andar-2,0.473
2026-07-20T12:15,andar-2,0.415
2026-07-20T12:30,andar-2,0.414
2026-07-20T12:45,andar-2,0.412
2026-07-20T13:00,andar-2,0.486
2026-07-20T13:15,andar-2,0.388
2026-07-20T13:30,andar-2,0.390
2026-07-20T13:45,andar-2,0.485
2026-07-20T14:00,andar-2,0.479
2026-07-20T14:15,andar-2,0.504
2026-07-20T14:30,andar-2,0.455
2026-07-20T14:45,andar-2,0.479
2026-07-20T15:00,andar-2,0.432
2026-07-20T15:15,andar-2,0.444
2026-07-20T15:30,andar-2,0.385
2026-07-20T15:45,andar-2,0.471
2026-07-20T16:00,andar-2,0.428
2026-07-20T16:15,andar-2,0.465
2026-07-20T16:30,andar-2,0.356
2026-07-20T16:45,andar-2,0.481
2026-07-20T17:00,andar-2,0.430
2026-07-20T17:15,andar-2,0.407
2026-07-20T17:30,andar-2,0.455
2026-07-20T17:45,andar-2,0.458
2026-07-20T18:00,andar-2,0.287
2026-07-20T18:15,andar-2,0.379
2026-07-20T18:30,andar-2,0.370
2026-07-20T18:45,andar-2,0.408
2026-07-20T19:00,andar-2,0.341
2026-07-20T19:15,andar-2,0.332
2026-07-20T19:30,andar-2,0.339
2026-07-20T19:45,andar-2,0.334
2026-07-20T20:00,andar-2,0.311
2026-07-20T20:15,andar-2,0.293
2026-07-20T20:30,andar-2,0.370
2026-07-20T20:45,andar-2,0.393
2026-07-20T21:00,andar-2,0.113
2026-07-20T21:15,andar-2,0.127
2026-07-20T21:30,andar-2,0.116
2026-07-20T21:45,andar-2,0.135
2026-07-20T22:00,andar-2,0.109
2026-07-20T22:15,andar-2,0.113
2026-07-20T22:30,andar-2,0.120
2026-07-20T22:45,andar-2,0.108
2026-07-20T23:00,andar-2,0.109
2026-07-20T23:15,andar-2,0.118
2026-07-20T23:30,andar-2,0.132
2026-07-20T23:45,andar-2,0.126
2026-07-21T00:00,andar-2,0.074
2026-07-21T00:15,andar-2,0.078
2026-07-21T00:30,andar-2,0.075
2026-07-21T00:45,andar-2,0.088
2026-07-21T01:00,andar-2,0.086
2026-07-21T01:15,andar-2,0.088
2026-07-21T01:30,andar-2,0.075
2026-07-21T01:45,andar-2,0.078
2026-07-21T02:00,andar-2,0.072
2026-07-21T02:15,andar-2,0.081
2026-07-21T02:30,andar-2,0.076
2026-07-21T02:45,andar-2,0.085
2026-07-21T03:00,andar-2,0.073
2026-07-21T03:15,andar-2,0.083
2026-07-21T03:30,andar-2,0.082
2026-07-21T03:45,andar-2,0.093
2026-07-21T04:00,andar-2,0.093
2026-07-21T04:15,andar-2,0.079
2026-07-21T04:30,andar-2,0.071
2026-07-21T04:45,andar-2,0.087
2026-07-21T05:00,andar-2,0.080
2026-07-21T05:15,andar-2,0.078
2026-07-21T05:30,andar-2,0.077
2026-07-21T05:45,andar-2,0.083
2026-07-21T06:00,andar-2,0.258
2026-07-21T06:15,andar-2,0.274
2026-07-21T06:30,andar-2,0.237
2026-07-21T06:45,andar-2,0.294
2026-07-21T07:00,andar-2,0.249
2026-07-21T07:15,andar-2,0.257
2026-07-21T07:30,andar-2,0.250
2026-07-21T07:45,andar-2,0.269
2026-07-21T08:00,andar-2,0.270
2026-07-21T08:15,andar-2,0.249
2026-07-21T08:30,andar-2,0.238
2026-07-21T08:45,andar-2,0.239
2026-07-21T09:00,andar-2,0.465
2026-07-21T09:15,andar-2,0.513
2026-07-21T09:30,andar-2,0.461
2026-07-21T09:45,andar-2,0.451
2026-07-21T10:00,andar-2,0.467
2026-07-21T10:15,andar-2,0.395
2026-07-21T10:30,andar-2,0.459
2026-07-21T10:45,andar-2,0.428
2026-07-21T11:00,andar-2,0.470
2026-07-21T11:15,andar-2,0.473
2026-07-21T11:30,andar-2,0.447
2026-07-21T11:45,andar-2,0.373
2026-07-21T12:00,andar-2,0.425
2026-07-21T12:15,andar-2,0.411
2026-07-21T12:30,andar-2,0.469
2026-07-21T12:45,andar-2,0.437
2026-07-21T13:00,andar-2,0.471
2026-07-21T13:15,andar-2,0.462
2026-07-21T13:30,andar-2,0.434
2026-07-21T13:45,andar-2,0.448
2026-07-21T14:00,andar-2,0.384
2026-07-21T14:15,andar-2,0.421
2026-07-21T14:30,andar-2,0.448
2026-07-21T14:45,andar-2,0.398
2026-07-21T15:00,andar-2,0.435
2026-07-21T15:15,andar-2,0.496
2026-07-21T15:30,andar-2,0.436
2026-07-21T15:45,andar-2,0.436
2026-07-21T16:00,andar-2,0.494
2026-07-21T16:15,andar-2,0.470
2026-07-21T16:30,andar-2,0.466
2026-07-21T16:45,andar-2,0.459
2026-07-21T17:00,andar-2,0.418
2026-07-21T17:15,andar-2,0.438
2026-07-21T17:30,andar-2,0.485
2026-07-21T17:45,andar-2,0.424
2026-07-21T18:00,andar-2,0.384
2026-07-21T18:15,andar-2,0.371
2026-07-21T18:30,andar-2,0.359
2026-07-21T18:45,andar-2,0.354
2026-07-21T19:00,andar-2,0.397
2026-07-21T19:15,andar-2,0.373
2026-07-21T19:30,andar-2,0.371
2026-07-21T19:45,andar-2,0.335
2026-07-21T20:00,andar-2,0.358
2026-07-21T20:15,andar-2,0.393
2026-07-21T20:30,andar-2,0.302
2026-07-21T20:45,andar-2,0.345
2026-07-21T21:00,andar-2,0.105
2026-07-21T21:15,andar-2,0.130
2026-07-21T21:30,andar-2,0.129
2026-07-21T21:45,andar-2,0.124
2026-07-21T22:00,andar-2,0.133
2026-07-21T22:15,andar-2,0.095
2026-07-21T22:30,andar-2,0.106
2026-07-21T22:45,andar-2,0.104
2026-07-21T23:00,andar-2,0.121
2026-07-21T23:15,andar-2,0.109
2026-07-21T23:30,andar-2,0.111
2026-07-21T23:45,andar-2,0.115
2026-07-22T00:00,andar-2,0.071
2026-07-22T00:15,andar-2,0.082
2026-07-22T00:30,andar-2,0.081
2026-07-22T00:45,andar-2,0.085
2026-07-22T01:00,andar-2,0.080
2026-07-22T01:15,andar-2,0.071
2026-07-22T01:30,andar-2,0.083
2026-07-22T01:45,andar-2,0.089
2026-07-22T02:00,andar-2,0.080
2026-07-22T02:15,andar-2,0.086
2026-07-22T02:30,andar-2,0.080
2026-07-22T02:45,andar-2,0.081
2026-07-22T03:00,andar-2,0.084
2026-07-22T03:15,andar-2,0.081
2026-07-22T03:30,andar-2,0.070
2026-07-22T03:45,andar-2,0.067
2026-07-22T04:00,andar-2,0.080
2026-07-22T04:15,andar-2,0.078
2026-07-22T04:30,andar-2,0.067
2026-07-22T04:45,andar-2,0.073
2026-07-22T05:00,andar-2,0.076
2026-07-22T05:15,andar-2,0.083
2026-07-22T05:30,andar-2,0.072
2026-07-22T05:45,andar-2,0.079
2026-07-22T06:00,andar-2,0.248
2026-07-22T06:15,andar-2,0.224
2026-07-22T06:30,andar-2,0.263
2026-07-22T06:45,andar-2,0.274
2026-07-22T07:00,andar-2,0.263
2026-07-22T07:15,andar-2,0.252
2026-07-22T07:30,andar-2,0.278
2026-07-22T07:45,andar-2,0.279
2026-07-22T08:00,andar-2,0.274
2026-07-22T08:15,andar-2,0.219
2026-07-22T08:30,andar-2,0.256
2026-07-22T08:45,andar-2,0.242
2026-07-22T09:00,andar-2,0.407
2026-07-22T09:15,andar-2,0.422
2026-07-22T09:30,andar-2,0.401
2026-07-22T09:45,andar-2,0.443
2026-07-22T10:00,andar-2,0.399
2026-07-22T10:15,andar-2,0.399
2026-07-22T10:30,andar-2,0.393
2026-07-22T10:45,andar-2,0.416
2026-07-22T11:00,andar-2,0.449
2026-07-22T11:15,andar-2,0.433
2026-07-22T11:30,andar-2,0.338
2026-07-22T11:45,andar-2,0.440
2026-07-22T12:00,andar-2,0.405
2026-07-22T12:15,andar-2,0.398
2026-07-22T12:30,andar-2,0.435
2026-07-22T12:45,andar-2,0.397
2026-07-22T13:00,andar-2,0.493
2026-07-22T13:15,andar-2,0.506
2026-07-22T13:30,andar-2,0.397
2026-07-22T13:45,andar-2,0.461
2026-07-22T14:00,andar-2,0.476
2026-07-22T14:15,andar-2,0.473
2026-07-22T14:30,andar-2,0.546
2026-07-22T14:45,andar-2,0.441
2026-07-22T15:00,andar-2,0.400
2026-07-22T15:15,andar-2,0.433
2026-07-22T15:30,andar-2,0.415
2026-07-22T15:45,andar-2,0.438
2026-07-22T16:00,andar-2,0.479
2026-07-22T16:15,andar-2,0.461
2026-07-22T16:30,andar-2,0.443
2026-07-22T16:45,andar-2,0.419
2026-07-22T17:00,andar-2,0.464
2026-07-22T17:15,andar-2,0.398
2026-07-22T17:30,andar-2,0.470
2026-07-22T17:45,andar-2,0.438
2026-07-22T18:00,andar-2,0.355
2026-07-22T18:15,andar-2,0.332
2026-07-22T18:30,andar-2,0.361
2026-07-22T18:45,andar-2,0.341
2026-07-22T19:00,andar-2,0.385
2026-07-22T19:15,andar-2,0.302
2026-07-22T19:30,andar-2,0.380
2026-07-22T19:45,andar-2,0.330
2026-07-22T20:00,andar-2,0.296
2026-07-22T20:15,andar-2,0.308
2026-07-22T20:30,andar-2,0.380
2026-07-22T20:45,andar-2,0.361
2026-07-22T21:00,andar-2,0.123
2026-07-22T21:15,andar-2,0.140
2026-07-22T21:30,andar-2,0.121
2026-07-22T21:45,andar-2,0.117
2026-07-22T22:00,andar-2,0.129
2026-07-22T22:15,andar-2,0.136
2026-07-22T22:30,andar-2,0.125
2026-07-22T22:45,andar-2,0.110
2026-07-22T23:00,andar-2,0.123
2026-07-22T23:15,andar-2,0.121
2026-07-22T23:30,andar-2,0.127
2026-07-22T23:45,andar-2,0.149
2026-07-23T00:00,andar-2,0.086
2026-07-23T00:15,andar-2,0.084
2026-07-23T00:30,andar-2,0.084
2026-07-23T00:45,andar-2,0.076
2026-07-23T01:00,andar-2,0.076
2026-07-23T01:15,andar-2,0.088
2026-07-23T01:30,andar-2,0.084
2026-07-23T01:45,andar-2,0.071
2026-07-23T02:00,andar-2,0.090
2026-07-23T02:15,andar-2,0.093
2026-07-23T02:30,andar-2,0.080
2026-07-23T02:45,andar-2,0.072
2026-07-23T03:00,andar-2,0.075
2026-07-23T03:15,andar-2,0.074
2026-07-23T03:30,andar-2,0.073
2026-07-23T03:45,andar-2,0.094
2026-07-23T04:00,andar-2,0.080
2026-07-23T04:15,andar-2,0.074
2026-07-23T04:30,andar-2,0.089
2026-07-23T04:45,andar-2,0.084
2026-07-23T05:00,andar-2,0.074
2026-07-23T05:15,andar-2,0.084
2026-07-23T05:30,andar-2,0.068
2026-07-23T05:45,andar-2,0.089
2026-07-23T06:00,andar-2,0.230
2026-07-23T06:15,andar-2,0.242
2026-07-23T06:30,andar-2,0.203
2026-07-23T06:45,andar-2,0.264
2026-07-23T07:00,andar-2,0.255
2026-07-23T07:15,andar-2,0.243
2026-07-23T07:30,andar-2,0.269
2026-07-23T07:45,andar-2,0.238
2026-07-23T08:00,andar-2,0.249
2026-07-23T08:15,andar-2,0.257
2026-07-23T08:30,andar-2,0.281
2026-07-23T08:45,andar-2,0.259
2026-07-23T09:00,andar-2,0.440
2026-07-23T09:15,andar-2,0.436
2026-07-23T09:30,andar-2,0.449
2026-07-23T09:45,andar-2,0.443
2026-07-23T10:00,andar-2,0.408
2026-07-23T10:15,andar-2,0.477
2026-07-23T10:30,andar-2,0.449
2026-07-23T10:45,andar-2,0.484
2026-07-23T11:00,andar-2,0.431
2026-07-23T11:15,andar-2,0.428
2026-07-23T11:30,andar-2,0.484
2026-07-23T11:45,andar-2,0.456
2026-07-23T12:00,andar-2,0.460
2026-07-23T12:15,andar-2,0.413
2026-07-23T12:30,andar-2,0.510
2026-07-23T12:45,andar-2,0.376
2026-07-23T13:00,andar-2,0.463
2026-07-23T13:15,andar-2,0.446
2026-07-23T13:30,andar-2,0.408
2026-07-23T13:45,andar-2,0.514
2026-07-23T14:00,andar-2,0.487
2026-07-23T14:15,andar-2,0.427
2026-07-23T14:30,andar-2,0.444
2026-07-23T14:45,andar-2,0.410
2026-07-23T15:00,andar-2,0.400
2026-07-23T15:15,andar-2,0.401
2026-07-23T15:30,andar-2,0.486
2026-07-23T15:45,andar-2,0.436
2026-07-23T16:00,andar-2,0.469
2026-07-23T16:15,andar-2,0.403
2026-07-23T16:30,andar-2,0.480
2026-07-23T16:45,andar-2,0.448
2026-07-23T17:00,andar-2,0.479
2026-07-23T17:15,andar-2,0.409
2026-07-23T17:30,andar-2,0.441
2026-07-23T17:45,andar-2,0.480
2026-07-23T18:00,andar-2,0.401
2026-07-23T18:15,andar-2,0.310
2026-07-23T18:30,andar-2,0.357
2026-07-23T18:45,andar-2,0.328
2026-07-23T19:00,andar-2,0.358
2026-07-23T19:15,andar-2,0.354
2026-07-23T19:30,andar-2,0.395
2026-07-23T19:45,andar-2,0.355
2026-07-23T20:00,andar-2,0.377
2026-07-23T20:15,andar-2,0.406
2026-07-23T20:30,andar-2,0.340
2026-07-23T20:45,andar-2,0.333
2026-07-23T21:00,andar-2,0.104
2026-07-23T21:15,andar-2,0.115
2026-07-23T21:30,andar-2,0.135
2026-07-23T21:45,andar-2,0.121
2026-07-23T22:00,andar-2,0.109
2026-07-23T22:15,andar-2,0.136
2026-07-23T22:30,andar-2,0.122
2026-07-23T22:45,andar-2,0.118
2026-07-23T23:00,andar-2,0.133
2026-07-23T23:15,andar-2,0.123
2026-07-23T23:30,andar-2,0.130
2026-07-23T23:45,andar-2,0.127
2026-07-24T00:00,andar-2,0.081
2026-07-24T00:15,andar-2,0.068
2026-07-24T00:30,andar-2,0.072
2026-07-24T00:45,andar-2,0.081
2026-07-24T01:00,andar-2,0.077
2026-07-24T01:15,andar-2,0.078
2026-07-24T01:30,andar-2,0.087
2026-07-24T01:45,andar-2,0.084
2026-07-24T02:00,andar-2,0.080
2026-07-24T02:15,andar-2,0.091
2026-07-24T02:30,andar-2,0.080
2026-07-24T02:45,andar-2,0.085
2026-07-24T03:00,andar-2,0.083
2026-07-24T03:15,andar-2,0.086
2026-07-24T03:30,andar-2,0.075
2026-07-24T03:45,andar-2,0.081
2026-07-24T04:00,andar-2,0.062
2026-07-24T04:15,andar-2,0.081
2026-07-24T04:30,andar-2,0.088
2026-07-24T04:45,andar-2,0.081
2026-07-24T05:00,andar-2,0.078
2026-07-24T05:15,andar-2,0.084
2026-07-24T05:30,andar-2,0.071
2026-07-24T05:45,andar-2,0.072
2026-07-24T06:00,andar-2,0.266
2026-07-24T06:15,andar-2,0.234
2026-07-24T06:30,andar-2,0.232
2026-07-24T06:45,andar-2,0.259
2026-07-24T07:00,andar-2,0.274
2026-07-24T07:15,andar-2,0.261
2026-07-24T07:30,andar-2,0.278
2026-07-24T07:45,andar-2,0.279
2026-07-24T08:00,andar-2,0.246
2026-07-24T08:15,andar-2,0.239
2026-07-24T08:30,andar-2,0.267
2026-07-24T08:45,andar-2,0.225
2026-07-24T09:00,andar-2,0.443
2026-07-24T09:15,andar-2,0.511
2026-07-24T09:30,andar-2,0.454
2026-07-24T09:45,andar-2,0.447
2026-07-24T10:00,andar-2,0.513
2026-07-24T10:15,andar-2,0.449
2026-07-24T10:30,andar-2,0.453
2026-07-24T10:45,andar-2,0.484
2026-07-24T11:00,andar-2,0.429
2026-07-24T11:15,andar-2,0.442
2026-07-24T11:30,andar-2,0.474
2026-07-24T11:45,andar-2,0.501
2026-07-24T12:00,andar-2,0.369
2026-07-24T12:15,andar-2,0.455
2026-07-24T12:30,andar-2,0.448
2026-07-24T12:45,andar-2,0.455
2026-07-24T13:00,andar-2,0.392
2026-07-24T13:15,andar-2,0.459
2026-07-24T13:30,andar-2,0.403
2026-07-24T13:45,andar-2,0.467
2026-07-24T14:00,andar-2,0.460
2026-07-24T14:15,andar-2,0.463
2026-07-24T14:30,andar-2,0.470
2026-07-24T14:45,andar-2,0.420
2026-07-24T15:00,andar-2,0.454
2026-07-24T15:15,andar-2,0.524
2026-07-24T15:30,andar-2,0.453
2026-07-24T15:45,andar-2,0.475
2026-07-24T16:00,andar-2,0.421
2026-07-24T16:15,andar-2,0.455
2026-07-24T16:30,andar-2,0.478
2026-07-24T16:45,andar-2,0.458
2026-07-24T17:00,andar-2,0.441
2026-07-24T17:15,andar-2,0.480
2026-07-24T17:30,andar-2,0.459
2026-07-24T17:45,andar-2,0.463
2026-07-24T18:00,andar-2,0.395
2026-07-24T18:15,andar-2,0.326
2026-07-24T18:30,andar-2,0.328
2026-07-24T18:45,andar-2,0.349
2026-07-24T19:00,andar-2,0.413
2026-07-24T19:15,andar-2,0.328
2026-07-24T19:30,andar-2,0.371
2026-07-24T19:45,andar-2,0.341
2026-07-24T20:00,andar-2,0.342
2026-07-24T20:15,andar-2,0.317
2026-07-24T20:30,andar-2,0.301
2026-07-24T20:45,andar-2,0.382
2026-07-24T21:00,andar-2,0.124
2026-07-24T21:15,andar-2,0.132
2026-07-24T21:30,andar-2,0.121
2026-07-24T21:45,andar-2,0.118
2026-07-24T22:00,andar-2,0.130
2026-07-24T22:15,andar-2,0.126
2026-07-24T22:30,andar-2,0.118
2026-07-24T22:45,andar-2,0.123
2026-07-24T23:00,andar-2,0.110
2026-07-24T23:15,andar-2,0.114
2026-07-24T23:30,andar-2,0.118
2026-07-24T23:45,andar-2,0.111
2026-07-25T00:00,andar-2,0.034
2026-07-25T00:15,andar-2,0.034
2026-07-25T00:30,andar-2,0.039
2026-07-25T00:45,andar-2,0.037
2026-07-25T01:00,andar-2,0.036
2026-07-25T01:15,andar-2,0.035
2026-07-25T01:30,andar-2,0.037
2026-07-25T01:45,andar-2,0.032
2026-07-25T02:00,andar-2,0.039
2026-07-25T02:15,andar-2,0.032
2026-07-25T02:30,andar-2,0.039
2026-07-25T02:45,andar-2,0.032
2026-07-25T03:00,andar-2,0.035
2026-07-25T03:15,andar-2,0.036
2026-07-25T03:30,andar-2,0.037
2026-07-25T03:45,andar-2,0.041
2026-07-25T04:00,andar-2,0.038
2026-07-25T04:15,andar-2,0.032
2026-07-25T04:30,andar-2,0.039
2026-07-25T04:45,andar-2,0.033
2026-07-25T05:00,andar-2,0.035
2026-07-25T05:15,andar-2,0.034
2026-07-25T05:30,andar-2,0.040
2026-07-25T05:45,andar-2,0.033
2026-07-25T06:00,andar-2,0.119
2026-07-25T06:15,andar-2,0.113
2026-07-25T06:30,andar-2,0.115
2026-07-25T06:45,andar-2,0.106
2026-07-25T07:00,andar-2,0.108
2026-07-25T07:15,andar-2,0.130
2026-07-25T07:30,andar-2,0.115
2026-07-25T07:45,andar-2,0.109
2026-07-25T08:00,andar-2,0.099
2026-07-25T08:15,andar-2,0.118
2026-07-25T08:30,andar-2,0.122
2026-07-25T08:45,andar-2,0.123
2026-07-25T09:00,andar-2,0.205
2026-07-25T09:15,andar-2,0.232
2026-07-25T09:30,andar-2,0.188
2026-07-25T09:45,andar-2,0.196
2026-07-25T10:00,andar-2,0.191
2026-07-25T10:15,andar-2,0.197
2026-07-25T10:30,andar-2,0.223
2026-07-25T10:45,andar-2,0.156
2026-07-25T11:00,andar-2,0.217
2026-07-25T11:15,andar-2,0.212
2026-07-25T11:30,andar-2,0.212
2026-07-25T11:45,andar-2,0.238
2026-07-25T12:00,andar-2,0.204
2026-07-25T12:15,andar-2,0.215
2026-07-25T12:30,andar-2,0.174
2026-07-25T12:45,andar-2,0.218
2026-07-25T13:00,andar-2,0.217
2026-07-25T13:15,andar-2,0.212
2026-07-25T13:30,andar-2,0.175
2026-07-25T13:45,andar-2,0.174
2026-07-25T14:00,andar-2,0.245
2026-07-25T14:15,andar-2,0.214
2026-07-25T14:30,andar-2,0.206
2026-07-25T14:45,andar-2,0.224
2026-07-25T15:00,andar-2,0.196
2026-07-25T15:15,andar-2,0.217
2026-07-25T15:30,andar-2,0.216
2026-07-25T15:45,andar-2,0.207
2026-07-25T16:00,andar-2,0.211
2026-07-25T16:15,andar-2,0.183
2026-07-25T16:30,andar-2,0.197
2026-07-25T16:45,andar-2,0.187
2026-07-25T17:00,andar-2,0.196
2026-07-25T17:15,andar-2,0.224
2026-07-25T17:30,andar-2,0.201
2026-07-25T17:45,andar-2,0.244
2026-07-25T18:00,andar-2,0.148
2026-07-25T18:15,andar-2,0.149
2026-07-25T18:30,andar-2,0.171
2026-07-25T18:45,andar-2,0.145
2026-07-25T19:00,andar-2,0.175
2026-07-25T19:15,andar-2,0.169
2026-07-25T19:30,andar-2,0.162
2026-07-25T19:45,andar-2,0.158
2026-07-25T20:00,andar-2,0.148
2026-07-25T20:15,andar-2,0.144
2026-07-25T20:30,andar-2,0.159
2026-07-25T20:45,andar-2,0.147
2026-07-25T21:00,andar-2,0.057
2026-07-25T21:15,andar-2,0.061
2026-07-25T21:30,andar-2,0.053
2026-07-25T21:45,andar-2,0.051
2026-07-25T22:00,andar-2,0.059
2026-07-25T22:15,andar-2,0.057
2026-07-25T22:30,andar-2,0.059
2026-07-25T22:45,andar-2,0.053
2026-07-25T23:00,andar-2,0.059
2026-07-25T23:15,andar-2,0.061
2026-07-25T23:30,andar-2,0.055
2026-07-25T23:45,andar-2,0.051
2026-07-26T00:00,andar-2,0.039
2026-07-26T00:15,andar-2,0.037
2026-07-26T00:30,andar-2,0.034
2026-07-26T00:45,andar-2,0.033
2026-07-26T01:00,andar-2,0.039
2026-07-26T01:15,andar-2,0.040
2026-07-26T01:30,andar-2,0.038
2026-07-26T01:45,andar-2,0.043
2026-07-26T02:00,andar-2,0.036
2026-07-26T02:15,andar-2,0.036
2026-07-26T02:30,andar-2,0.032
2026-07-26T02:45,andar-2,0.031
2026-07-26T03:00,andar-2,0.032
2026-07-26T03:15,andar-2,0.031
2026-07-26T03:30,andar-2,0.038
2026-07-26T03:45,andar-2,0.028
2026-07-26T04:00,andar-2,0.038
2026-07-26T04:15,andar-2,0.036
2026-07-26T04:30,andar-2,0.037
2026-07-26T04:45,andar-2,0.035
2026-07-26T05:00,andar-2,0.034
2026-07-26T05:15,andar-2,0.029
2026-07-26T05:30,andar-2,0.036
2026-07-26T05:45,andar-2,0.038
2026-07-26T06:00,andar-2,0.115
2026-07-26T06:15,andar-2,0.124
2026-07-26T06:30,andar-2,0.109
2026-07-26T06:45,andar-2,0.116
2026-07-26T07:00,andar-2,0.126
2026-07-26T07:15,andar-2,0.106
2026-07-26T07:30,andar-2,0.110
2026-07-26T07:45,andar-2,0.101
2026-07-26T08:00,andar-2,0.111
2026-07-26T08:15,andar-2,0.098
2026-07-26T08:30,andar-2,0.127
2026-07-26T08:45,andar-2,0.116
2026-07-26T09:00,andar-2,0.223
2026-07-26T09:15,andar-2,0.203
2026-07-26T09:30,andar-2,0.223
2026-07-26T09:45,andar-2,0.201
2026-07-26T10:00,andar-2,0.185
2026-07-26T10:15,andar-2,0.211
2026-07-26T10:30,andar-2,0.195
2026-07-26T10:45,andar-2,0.211
2026-07-26T11:00,andar-2,0.186
2026-07-26T11:15,andar-2,0.211
2026-07-26T11:30,andar-2,0.198
2026-07-26T11:45,andar-2,0.213
2026-07-26T12:00,andar-2,0.195
2026-07-26T12:15,andar-2,0.177
2026-07-26T12:30,andar-2,0.187
2026-07-26T12:45,andar-2,0.195
2026-07-26T13:00,andar-2,0.219
2026-07-26T13:15,andar-2,0.180
2026-07-26T13:30,andar-2,0.228
2026-07-26T13:45,andar-2,0.206
2026-07-26T14:00,andar-2,0.199
2026-07-26T14:15,andar-2,0.200
2026-07-26T14:30,andar-2,0.204
2026-07-26T14:45,andar-2,0.192
2026-07-26T15:00,andar-2,0.175
2026-07-26T15:15,andar-2,0.207
2026-07-26T15:30,andar-2,0.182
2026-07-26T15:45,andar-2,0.174
2026-07-26T16:00,andar-2,0.222
2026-07-26T16:15,andar-2,0.203
2026-07-26T16:30,andar-2,0.187
2026-07-26T16:45,andar-2,0.188
2026-07-26T17:00,andar-2,0.179
2026-07-26T17:15,andar-2,0.195
2026-07-26T17:30,andar-2,0.222
2026-07-26T17:45,andar-2,0.188
2026-07-26T18:00,andar-2,0.175
2026-07-26T18:15,andar-2,0.156
2026-07-26T18:30,andar-2,0.165
2026-07-26T18:45,andar-2,0.163
2026-07-26T19:00,andar-2,0.164
2026-07-26T19:15,andar-2,0.165
2026-07-26T19:30,andar-2,0.156
2026-07-26T19:45,andar-2,0.153
2026-07-26T20:00,andar-2,0.163
2026-07-26T20:15,andar-2,0.147
2026-07-26T20:30,andar-2,0.158
2026-07-26T20:45,andar-2,0.156
2026-07-26T21:00,andar-2,0.062
2026-07-26T21:15,andar-2,0.057
2026-07-26T21:30,andar-2,0.051
2026-07-26T21:45,andar-2,0.052
2026-07-26T22:00,andar-2,0.045
2026-07-26T22:15,andar-2,0.054
2026-07-26T22:30,andar-2,0.052
2026-07-26T22:45,andar-2,0.051
2026-07-26T23:00,andar-2,0.044
2026-07-26T23:15,andar-2,0.053
2026-07-26T23:30,andar-2,0.055
2026-07-26T23:45,andar-2,0.056
2026-07-27T00:00,andar-2,0.089
2026-07-27T00:15,andar-2,0.089
2026-07-27T00:30,andar-2,0.080
2026-07-27T00:45,andar-2,0.083
2026-07-27T01:00,andar-2,0.102
2026-07-27T01:15,andar-2,0.080
2026-07-27T01:30,andar-2,0.083
2026-07-27T01:45,andar-2,0.066
2026-07-27T02:00,andar-2,0.085
2026-07-27T02:15,andar-2,0.095
2026-07-27T02:30,andar-2,0.078
2026-07-27T02:45,andar-2,0.076
2026-07-27T03:00,andar-2,0.086
2026-07-27T03:15,andar-2,0.082
2026-07-27T03:30,andar-2,0.076
2026-07-27T03:45,andar-2,0.080
2026-07-27T04:00,andar-2,0.087
2026-07-27T04:15,andar-2,0.086
2026-07-27T04:30,andar-2,0.084
2026-07-27T04:45,andar-2,0.089
2026-07-27T05:00,andar-2,0.075
2026-07-27T05:15,andar-2,0.080
2026-07-27T05:30,andar-2,0.080
2026-07-27T05:45,andar-2,0.080
2026-07-27T06:00,andar-2,0.253
2026-07-27T06:15,andar-2,0.254
2026-07-27T06:30,andar-2,0.283
2026-07-27T06:45,andar-2,0.220
2026-07-27T07:00,andar-2,0.253
2026-07-27T07:15,andar-2,0.238
2026-07-27T07:30,andar-2,0.281
2026-07-27T07:45,andar-2,0.246
2026-07-27T08:00,andar-2,0.237
2026-07-27T08:15,andar-2,0.289
2026-07-27T08:30,andar-2,0.242
2026-07-27T08:45,andar-2,0.240
2026-07-27T09:00,andar-2,0.469
2026-07-27T09:15,andar-2,0.421
2026-07-27T09:30,andar-2,0.533
2026-07-27T09:45,andar-2,0.474
2026-07-27T10:00,andar-2,0.402
2026-07-27T10:15,andar-2,0.372
2026-07-27T10:30,andar-2,0.444
2026-07-27T10:45,andar-2,0.449
2026-07-27T11:00,andar-2,0.430
2026-07-27T11:15,andar-2,0.430
2026-07-27T11:30,andar-2,0.477
2026-07-27T11:45,andar-2,0.462
2026-07-27T12:00,andar-2,0.491
2026-07-27T12:15,andar-2,0.446
2026-07-27T12:30,andar-2,0.413
2026-07-27T12:45,andar-2,0.462
2026-07-27T13:00,andar-2,0.496
2026-07-27T13:15,andar-2,0.510
2026-07-27T13:30,andar-2,0.424
2026-07-27T13:45,andar-2,0.422
2026-07-27T14:00,andar-2,0.401
2026-07-27T14:15,andar-2,0.496
2026-07-27T14:30,andar-2,0.467
2026-07-27T14:45,andar-2,0.470
2026-07-27T15:00,andar-2,0.484
2026-07-27T15:15,andar-2,0.452
2026-07-27T15:30,andar-2,0.506
2026-07-27T15:45,andar-2,0.509
2026-07-27T16:00,andar-2,0.487
2026-07-27T16:15,andar-2,0.464
2026-07-27T16:30,andar-2,0.464
2026-07-27T16:45,andar-2,0.445
2026-07-27T17:00,andar-2,0.439
2026-07-27T17:15,andar-2,0.501
2026-07-27T17:30,andar-2,0.451
2026-07-27T17:45,andar-2,0.454
2026-07-27T18:00,andar-2,0.274
2026-07-27T18:15,andar-2,0.347
2026-07-27T18:30,andar-2,0.393
2026-07-27T18:45,andar-2,0.398
2026-07-27T19:00,andar-2,0.349
2026-07-27T19:15,andar-2,0.378
2026-07-27T19:30,andar-2,0.341
2026-07-27T19:45,andar-2,0.381
2026-07-27T20:00,andar-2,0.327
2026-07-27T20:15,andar-2,0.354
2026-07-27T20:30,andar-2,0.389
2026-07-27T20:45,andar-2,0.338
2026-07-27T21:00,andar-2,0.124
2026-07-27T21:15,andar-2,0.123
2026-07-27T21:30,andar-2,0.119
2026-07-27T21:45,andar-2,0.123
2026-07-27T22:00,andar-2,0.114
2026-07-27T22:15,andar-2,0.123
2026-07-27T22:30,andar-2,0.114
2026-07-27T22:45,andar-2,0.111
2026-07-27T23:00,andar-2,0.119
2026-07-27T23:15,andar-2,0.116
2026-07-27T23:30,andar-2,0.125
2026-07-27T23:45,andar-2,0.102
2026-07-28T00:00,andar-2,0.089
2026-07-28T00:15,andar-2,0.074
2026-07-28T00:30,andar-2,0.084
2026-07-28T00:45,andar-2,0.081
2026-07-28T01:00,andar-2,0.073
2026-07-28T01:15,andar-2,0.080
2026-07-28T01:30,andar-2,0.085
2026-07-28T01:45,andar-2,0.081
2026-07-28T02:00,andar-2,0.077
2026-07-28T02:15,andar-2,0.084
2026-07-28T02:30,andar-2,0.084
2026-07-28T02:45,andar-2,0.087
2026-07-28T03:00,andar-2,0.074
2026-07-28T03:15,andar-2,0.082
2026-07-28T03:30,andar-2,0.085
2026-07-28T03:45,andar-2,0.091
2026-07-28T04:00,andar-2,0.081
2026-07-28T04:15,andar-2,0.085
2026-07-28T04:30,andar-2,0.088
2026-07-28T04:45,andar-2,0.073
2026-07-28T05:00,andar-2,0.081
2026-07-28T05:15,andar-2,0.082
2026-07-28T05:30,andar-2,0.075
2026-07-28T05:45,andar-2,0.090
2026-07-28T06:00,andar-2,0.321
2026-07-28T06:15,andar-2,0.195
2026-07-28T06:30,andar-2,0.232
2026-07-28T06:45,andar-2,0.255
2026-07-28T07:00,andar-2,0.255
2026-07-28T07:15,andar-2,0.261
2026-07-28T07:30,andar-2,0.280
2026-07-28T07:45,andar-2,0.282
2026-07-28T08:00,andar-2,0.273
2026-07-28T08:15,andar-2,0.247
2026-07-28T08:30,andar-2,0.223
2026-07-28T08:45,andar-2,0.233
2026-07-28T09:00,andar-2,0.470
2026-07-28T09:15,andar-2,0.472
2026-07-28T09:30,andar-2,0.433
2026-07-28T09:45,andar-2,0.439
2026-07-28T10:00,andar-2,0.451
2026-07-28T10:15,andar-2,0.476
2026-07-28T10:30,andar-2,0.488
2026-07-28T10:45,andar-2,0.500
2026-07-28T11:00,andar-2,0.449
2026-07-28T11:15,andar-2,0.448
2026-07-28T11:30,andar-2,0.493
2026-07-28T11:45,andar-2,0.420
2026-07-28T12:00,andar-2,0.375
2026-07-28T12:15,andar-2,0.413
2026-07-28T12:30,andar-2,0.465
2026-07-28T12:45,andar-2,0.443
2026-07-28T13:00,andar-2,0.514
2026-07-28T13:15,andar-2,0.467
2026-07-28T13:30,andar-2,0.444
2026-07-28T13:45,andar-2,0.410
2026-07-28T14:00,andar-2,0.468
2026-07-28T14:15,andar-2,0.420
2026-07-28T14:30,andar-2,0.478
2026-07-28T14:45,andar-2,0.469
2026-07-28T15:00,andar-2,0.445
2026-07-28T15:15,andar-2,0.410
2026-07-28T15:30,andar-2,0.437
2026-07-28T15:45,andar-2,0.443
2026-07-28T16:00,andar-2,0.416
2026-07-28T16:15,andar-2,0.481
2026-07-28T16:30,andar-2,0.457
2026-07-28T16:45,andar-2,0.461
2026-07-28T17:00,andar-2,0.448
2026-07-28T17:15,andar-2,0.448
2026-07-28T17:30,andar-2,0.431
2026-07-28T17:45,andar-2,0.500
2026-07-28T18:00,andar-2,0.293
2026-07-28T18:15,andar-2,0.330
2026-07-28T18:30,andar-2,0.327
2026-07-28T18:45,andar-2,0.333
2026-07-28T19:00,andar-2,0.365
2026-07-28T19:15,andar-2,0.347
2026-07-28T19:30,andar-2,0.406
2026-07-28T19:45,andar-2,0.350
2026-07-28T20:00,andar-2,0.305
2026-07-28T20:15,andar-2,0.355
2026-07-28T20:30,andar-2,0.321
2026-07-28T20:45,andar-2,0.388
2026-07-28T21:00,andar-2,0.127
2026-07-28T21:15,andar-2,0.108
2026-07-28T21:30,andar-2,0.120
2026-07-28T21:45,andar-2,0.125
2026-07-28T22:00,andar-2,0.121
2026-07-28T22:15,andar-2,0.111
2026-07-28T22:30,andar-2,0.133
2026-07-28T22:45,andar-2,0.120
2026-07-28T23:00,andar-2,0.126
2026-07-28T23:15,andar-2,0.127
2026-07-28T23:30,andar-2,0.145
2026-07-28T23:45,andar-2,0.114
2026-07-29T00:00,andar-2,0.083
2026-07-29T00:15,andar-2,0.089
2026-07-29T00:30,andar-2,0.072
2026-07-29T00:45,andar-2,0.078
2026-07-29T01:00,andar-2,0.094
2026-07-29T01:15,andar-2,0.077
2026-07-29T01:30,andar-2,0.084
2026-07-29T01:45,andar-2,0.083
2026-07-29T02:00,andar-2,0.074
2026-07-29T02:15,andar-2,0.070
2026-07-29T02:30,andar-2,0.081
2026-07-29T02:45,andar-2,0.074
2026-07-29T03:00,andar-2,0.072
2026-07-29T03:15,andar-2,0.081
2026-07-29T03:30,andar-2,0.077
2026-07-29T03:45,andar-2,0.080
2026-07-29T04:00,andar-2,0.085
2026-07-29T04:15,andar-2,0.087
2026-07-29T04:30,andar-2,0.081
2026-07-29T04:45,andar-2,0.075
2026-07-29T05:00,andar-2,0.090
2026-07-29T05:15,andar-2,0.084
2026-07-29T05:30,andar-2,0.079
2026-07-29T05:45,andar-2,0.070
2026-07-29T06:00,andar-2,0.230
2026-07-29T06:15,andar-2,0.290
2026-07-29T06:30,andar-2,0.238
2026-07-29T06:45,andar-2,0.251
2026-07-29T07:00,andar-2,0.257
2026-07-29T07:15,andar-2,0.230
2026-07-29T07:30,andar-2,0.221
2026-07-29T07:45,andar-2,0.258
2026-07-29T08:00,andar-2,0.262
2026-07-29T08:15,andar-2,0.246
2026-07-29T08:30,andar-2,0.252
2026-07-29T08:45,andar-2,0.227
2026-07-29T09:00,andar-2,0.512
2026-07-29T09:15,andar-2,0.474
2026-07-29T09:30,andar-2,0.527
2026-07-29T09:45,andar-2,0.406
2026-07-29T10:00,andar-2,0.395
2026-07-29T10:15,andar-2,0.558
2026-07-29T10:30,andar-2,0.489
2026-07-29T10:45,andar-2,0.455
2026-07-29T11:00,andar-2,0.478
2026-07-29T11:15,andar-2,0.490
2026-07-29T11:30,andar-2,0.452
2026-07-29T11:45,andar-2,0.431
2026-07-29T12:00,andar-2,0.430
2026-07-29T12:15,andar-2,0.389
2026-07-29T12:30,andar-2,0.484
2026-07-29T12:45,andar-2,0.423
2026-07-29T13:00,andar-2,0.447
2026-07-29T13:15,andar-2,0.407
2026-07-29T13:30,andar-2,0.386
2026-07-29T13:45,andar-2,0.370
2026-07-29T14:00,andar-2,0.431
2026-07-29T14:15,andar-2,0.421
2026-07-29T14:30,andar-2,0.414
2026-07-29T14:45,andar-2,0.472
2026-07-29T15:00,andar-2,0.354
2026-07-29T15:15,andar-2,0.414
2026-07-29T15:30,andar-2,0.515
2026-07-29T15:45,andar-2,0.494
2026-07-29T16:00,andar-2,0.434
2026-07-29T16:15,andar-2,0.499
2026-07-29T16:30,andar-2,0.409
2026-07-29T16:45,andar-2,0.443
2026-07-29T17:00,andar-2,0.420
2026-07-29T17:15,andar-2,0.428
2026-07-29T17:30,andar-2,0.471
2026-07-29T17:45,andar-2,0.456
2026-07-29T18:00,andar-2,0.346
2026-07-29T18:15,andar-2,0.396
2026-07-29T18:30,andar-2,0.307
2026-07-29T18:45,andar-2,0.381
2026-07-29T19:00,andar-2,0.386
2026-07-29T19:15,andar-2,0.380
2026-07-29T19:30,andar-2,0.370
2026-07-29T19:45,andar-2,0.362
2026-07-29T20:00,andar-2,0.344
2026-07-29T20:15,andar-2,0.358
2026-07-29T20:30,andar-2,0.414
2026-07-29T20:45,andar-2,0.338
2026-07-29T21:00,andar-2,0.136
2026-07-29T21:15,andar-2,0.131
2026-07-29T21:30,andar-2,0.120
2026-07-29T21:45,andar-2,0.121
2026-07-29T22:00,andar-2,0.132
2026-07-29T22:15,andar-2,0.123
2026-07-29T22:30,andar-2,0.132
2026-07-29T22:45,andar-2,0.112
2026-07-29T23:00,andar-2,0.140
2026-07-29T23:15,andar-2,0.116
2026-07-29T23:30,andar-2,0.121
2026-07-29T23:45,andar-2,0.127
2026-07-30T00:00,andar-2,0.082
2026-07-30T00:15,andar-2,0.087
2026-07-30T00:30,andar-2,0.091
2026-07-30T00:45,andar-2,0.084
2026-07-30T01:00,andar-2,0.074
2026-07-30T01:15,andar-2,0.078
2026-07-30T01:30,andar-2,0.085
2026-07-30T01:45,andar-2,0.079
2026-07-30T02:00,andar-2,0.079
2026-07-30T02:15,andar-2,0.079
2026-07-30T02:30,andar-2,0.077
2026-07-30T02:45,andar-2,0.065
2026-07-30T03:00,andar-2,0.081
2026-07-30T03:15,andar-2,0.077
2026-07-30T03:30,andar-2,0.071
2026-07-30T03:45,andar-2,0.080
2026-07-30T04:00,andar-2,0.077
2026-07-30T04:15,andar-2,0.082
2026-07-30T04:30,andar-2,0.076
2026-07-30T04:45,andar-2,0.076
2026-07-30T05:00,andar-2,0.085
2026-07-30T05:15,andar-2,0.078
2026-07-30T05:30,andar-2,0.090
2026-07-30T05:45,andar-2,0.083
2026-07-30T06:00,andar-2,0.274
2026-07-30T06:15,andar-2,0.267
2026-07-30T06:30,andar-2,0.228
2026-07-30T06:45,andar-2,0.297
2026-07-30T07:00,andar-2,0.216
2026-07-30T07:15,andar-2,0.250
2026-07-30T07:30,andar-2,0.264
2026-07-30T07:45,andar-2,0.269
2026-07-30T08:00,andar-2,0.232
2026-07-30T08:15,andar-2,0.226
2026-07-30T08:30,andar-2,0.243
2026-07-30T08:45,andar-2,0.246
2026-07-30T09:00,andar-2,0.414
2026-07-30T09:15,andar-2,0.503
2026-07-30T09:30,andar-2,0.392
2026-07-30T09:45,andar-2,0.471
2026-07-30T10:00,andar-2,0.445
2026-07-30T10:15,andar-2,0.461
2026-07-30T10:30,andar-2,0.420
2026-07-30T10:45,andar-2,0.416
2026-07-30T11:00,andar-2,0.382
2026-07-30T11:15,andar-2,0.488
2026-07-30T11:30,andar-2,0.471
2026-07-30T11:45,andar-2,0.499
2026-07-30T12:00,andar-2,0.408
2026-07-30T12:15,andar-2,0.411
2026-07-30T12:30,andar-2,0.465
2026-07-30T12:45,andar-2,0.450
2026-07-30T13:00,andar-2,0.448
2026-07-30T13:15,andar-2,0.471
2026-07-30T13:30,andar-2,0.408
2026-07-30T13:45,andar-2,0.488
2026-07-30T14:00,andar-2,0.479
2026-07-30T14:15,andar-2,0.474
2026-07-30T14:30,andar-2,0.473
2026-07-30T14:45,andar-2,0.433
2026-07-30T15:00,andar-2,0.535
2026-07-30T15:15,andar-2,0.494
2026-07-30T15:30,andar-2,0.475
2026-07-30T15:45,andar-2,0.439
2026-07-30T16:00,andar-2,0.509
2026-07-30T16:15,andar-2,0.442
2026-07-30T16:30,andar-2,0.423
2026-07-30T16:45,andar-2,0.388
2026-07-30T17:00,andar-2,0.414
2026-07-30T17:15,andar-2,0.460
2026-07-30T17:30,andar-2,0.463
2026-07-30T17:45,andar-2,0.465
2026-07-30T18:00,andar-2,0.347
2026-07-30T18:15,andar-2,0.369
2026-07-30T18:30,andar-2,0.336
2026-07-30T18:45,andar-2,0.347
2026-07-30T19:00,andar-2,0.348
2026-07-30T19:15,andar-2,0.334
2026-07-30T19:30,andar-2,0.391
2026-07-30T19:45,andar-2,0.374
2026-07-30T20:00,andar-2,0.308
2026-07-30T20:15,andar-2,0.310
2026-07-30T20:30,andar-2,0.369
2026-07-30T20:45,andar-2,0.383
2026-07-30T21:00,andar-2,0.117
2026-07-30T21:15,andar-2,0.123
2026-07-30T21:30,andar-2,0.142
2026-07-30T21:45,andar-2,0.117
2026-07-30T22:00,andar-2,0.128
2026-07-30T22:15,andar-2,0.107
2026-07-30T22:30,andar-2,0.112
2026-07-30T22:45,andar-2,0.117
2026-07-30T23:00,andar-2,0.124
2026-07-30T23:15,andar-2,0.130
2026-07-30T23:30,andar-2,0.136
2026-07-30T23:45,andar-2,0.113
2026-07-31T00:00,andar-2,0.075
2026-07-31T00:15,andar-2,0.084
2026-07-31T00:30,andar-2,0.079
2026-07-31T00:45,andar-2,0.081
2026-07-31T01:00,andar-2,0.082
2026-07-31T01:15,andar-2,0.083
2026-07-31T01:30,andar-2,0.072
2026-07-31T01:45,andar-2,0.089
2026-07-31T02:00,andar-2,0.073
2026-07-31T02:15,andar-2,0.085
2026-07-31T02:30,andar-2,0.087
2026-07-31T02:45,andar-2,0.077
2026-07-31T03:00,andar-2,0.079
2026-07-31T03:15,andar-2,0.072
2026-07-31T03:30,andar-2,0.086
2026-07-31T03:45,andar-2,0.084
2026-07-31T04:00,andar-2,0.081
2026-07-31T04:15,andar-2,0.079
2026-07-31T04:30,andar-2,0.079
2026-07-31T04:45,andar-2,0.079
2026-07-31T05:00,andar-2,0.079
2026-07-31T05:15,andar-2,0.081
2026-07-31T05:30,andar-2,0.082
2026-07-31T05:45,andar-2,0.078
2026-07-31T06:00,andar-2,0.271
2026-07-31T06:15,andar-2,0.224
2026-07-31T06:30,andar-2,0.252
2026-07-31T06:45,andar-2,0.244
2026-07-31T07:00,andar-2,0.257
2026-07-31T07:15,andar-2,0.216
2026-07-31T07:30,andar-2,0.243
2026-07-31T07:45,andar-2,0.295
2026-07-31T08:00,andar-2,0.228
2026-07-31T08:15,andar-2,0.265
2026-07-31T08:30,andar-2,0.218
2026-07-31T08:45,andar-2,0.232
2026-07-31T09:00,andar-2,0.446
2026-07-31T09:15,andar-2,0.445
2026-07-31T09:30,andar-2,0.401
2026-07-31T09:45,andar-2,0.408
2026-07-31T10:00,andar-2,0.481
2026-07-31T10:15,andar-2,0.413
2026-07-31T10:30,andar-2,0.441
2026-07-31T10:45,andar-2,0.425
2026-07-31T11:00,andar-2,0.431
2026-07-31T11:15,andar-2,0.467
2026-07-31T11:30,andar-2,0.442
2026-07-31T11:45,andar-2,0.445
2026-07-31T12:00,andar-2,0.499
2026-07-31T12:15,andar-2,0.479
2026-07-31T12:30,andar-2,0.461
2026-07-31T12:45,andar-2,0.428
2026-07-31T13:00,andar-2,0.386
2026-07-31T13:15,andar-2,0.458
2026-07-31T13:30,andar-2,0.438
2026-07-31T13:45,andar-2,0.405
2026-07-31T14:00,andar-2,0.443
2026-07-31T14:15,andar-2,0.471
2026-07-31T14:30,andar-2,0.458
2026-07-31T14:45,andar-2,0.397
2026-07-31T15:00,andar-2,0.496
2026-07-31T15:15,andar-2,0.451
2026-07-31T15:30,andar-2,0.402
2026-07-31T15:45,andar-2,0.460
2026-07-31T16:00,andar-2,0.493
2026-07-31T16:15,andar-2,0.409
2026-07-31T16:30,andar-2,0.497
2026-07-31T16:45,andar-2,0.440
2026-07-31T17:00,andar-2,0.483
2026-07-31T17:15,andar-2,0.423
2026-07-31T17:30,andar-2,0.509
2026-07-31T17:45,andar-2,0.496
2026-07-31T18:00,andar-2,0.354
2026-07-31T18:15,andar-2,0.350
2026-07-31T18:30,andar-2,0.414
2026-07-31T18:45,andar-2,0.354
2026-07-31T19:00,andar-2,0.416
2026-07-31T19:15,andar-2,0.363
2026-07-31T19:30,andar-2,0.392
2026-07-31T19:45,andar-2,0.342
2026-07-31T20:00,andar-2,0.354
2026-07-31T20:15,andar-2,0.332
2026-07-31T20:30,andar-2,0.372
2026-07-31T20:45,andar-2,0.367
2026-07-31T21:00,andar-2,0.129
2026-07-31T21:15,andar-2,0.111
2026-07-31T21:30,andar-2,0.130
2026-07-31T21:45,andar-2,0.122
2026-07-31T22:00,andar-2,0.119
2026-07-31T22:15,andar-2,0.115
2026-07-31T22:30,andar-2,0.130
2026-07-31T22:45,andar-2,0.121
2026-07-31T23:00,andar-2,0.123
2026-07-31T23:15,andar-2,0.125
2026-07-31T23:30,andar-2,0.115
2026-07-31T23:45,andar-2,0.117
2026-08-01T00:00,andar-2,0.036
2026-08-01T00:15,andar-2,0.037
2026-08-01T00:30,andar-2,0.034
2026-08-01T00:45,andar-2,0.035
2026-08-01T01:00,andar-2,0.037
2026-08-01T01:15,andar-2,0.036
2026-08-01T01:30,andar-2,0.032
2026-08-01T01:45,andar-2,0.037
2026-08-01T02:00,andar-2,0.036
2026-08-01T02:15,andar-2,0.031
2026-08-01T02:30,andar-2,0.036
2026-08-01T02:45,andar-2,0.035
2026-08-01T03:00,andar-2,0.036
2026-08-01T03:15,andar-2,0.038
2026-08-01T03:30,andar-2,0.032
2026-08-01T03:45,andar-2,0.039
2026-08-01T04:00,andar-2,0.035
2026-08-01T04:15,andar-2,0.038
2026-08-01T04:30,andar-2,0.036
2026-08-01T04:45,andar-2,0.036
2026-08-01T05:00,andar-2,0.039
2026-08-01T05:15,andar-2,0.040
2026-08-01T05:30,andar-2,0.037
2026-08-01T05:45,andar-2,0.035
2026-08-01T06:00,andar-2,0.112
2026-08-01T06:15,andar-2,0.117
2026-08-01T06:30,andar-2,0.106
2026-08-01T06:45,andar-2,0.113
2026-08-01T07:00,andar-2,0.108
2026-08-01T07:15,andar-2,0.098
2026-08-01T07:30,andar-2,0.111
2026-08-01T07:45,andar-2,0.096
2026-08-01T08:00,andar-2,0.106
2026-08-01T08:15,andar-2,0.119
2026-08-01T08:30,andar-2,0.119
2026-08-01T08:45,andar-2,0.113
2026-08-01T09:00,andar-2,0.228
2026-08-01T09:15,andar-2,0.202
2026-08-01T09:30,andar-2,0.211
2026-08-01T09:45,andar-2,0.220
2026-08-01T10:00,andar-2,0.186
2026-08-01T10:15,andar-2,0.200
2026-08-01T10:30,andar-2,0.195
2026-08-01T10:45,andar-2,0.180
2026-08-01T11:00,andar-2,0.210
2026-08-01T11:15,andar-2,0.186
2026-08-01T11:30,andar-2,0.227
2026-08-01T11:45,andar-2,0.189
2026-08-01T12:00,andar-2,0.209
2026-08-01T12:15,andar-2,0.167
2026-08-01T12:30,andar-2,0.225
2026-08-01T12:45,andar-2,0.204
2026-08-01T13:00,andar-2,0.214
2026-08-01T13:15,andar-2,0.200
2026-08-01T13:30,andar-2,0.192
2026-08-01T13:45,andar-2,0.201
2026-08-01T14:00,andar-2,0.214
2026-08-01T14:15,andar-2,0.209
2026-08-01T14:30,andar-2,0.202
2026-08-01T14:45,andar-2,0.206
2026-08-01T15:00,andar-2,0.172
2026-08-01T15:15,andar-2,0.218
2026-08-01T15:30,andar-2,0.196
2026-08-01T15:45,andar-2,0.173
2026-08-01T16:00,andar-2,0.218
2026-08-01T16:15,andar-2,0.203
2026-08-01T16:30,andar-2,0.212
2026-08-01T16:45,andar-2,0.204
2026-08-01T17:00,andar-2,0.228
2026-08-01T17:15,andar-2,0.207
2026-08-01T17:30,andar-2,0.217
2026-08-01T17:45,andar-2,0.188
2026-08-01T18:00,andar-2,0.145
2026-08-01T18:15,andar-2,0.153
2026-08-01T18:30,andar-2,0.174
2026-08-01T18:45,andar-2,0.160
2026-08-01T19:00,andar-2,0.144
2026-08-01T19:15,andar-2,0.146
2026-08-01T19:30,andar-2,0.128
2026-08-01T19:45,andar-2,0.149
2026-08-01T20:00,andar-2,0.156
2026-08-01T20:15,andar-2,0.155
2026-08-01T20:30,andar-2,0.164
2026-08-01T20:45,andar-2,0.158
2026-08-01T21:00,andar-2,0.055
2026-08-01T21:15,andar-2,0.047
2026-08-01T21:30,andar-2,0.055
2026-08-01T21:45,andar-2,0.048
2026-08-01T22:00,andar-2,0.059
2026-08-01T22:15,andar-2,0.052
2026-08-01T22:30,andar-2,0.055
2026-08-01T22:45,andar-2,0.057
2026-08-01T23:00,andar-2,0.056
2026-08-01T23:15,andar-2,0.057
2026-08-01T23:30,andar-2,0.062
2026-08-01T23:45,andar-2,0.060
2026-08-02T00:00,andar-2,0.040
2026-08-02T00:15,andar-2,0.040
2026-08-02T00:30,andar-2,0.039
2026-08-02T00:45,andar-2,0.035
2026-08-02T01:00,andar-2,0.033
2026-08-02T01:15,andar-2,0.038
2026-08-02T01:30,andar-2,0.034
2026-08-02T01:45,andar-2,0.039
2026-08-02T02:00,andar-2,0.040
2026-08-02T02:15,andar-2,0.037
2026-08-02T02:30,andar-2,0.033
2026-08-02T02:45,andar-2,0.033
2026-08-02T03:00,andar-2,0.037
2026-08-02T03:15,andar-2,0.040
2026-08-02T03:30,andar-2,0.033
2026-08-02T03:45,andar-2,0.038
2026-08-02T04:00,andar-2,0.035
2026-08-02T04:15,andar-2,0.031
2026-08-02T04:30,andar-2,0.035
2026-08-02T04:45,andar-2,0.038
2026-08-02T05:00,andar-2,0.036
2026-08-02T05:15,andar-2,0.036
2026-08-02T05:30,andar-2,0.042
2026-08-02T05:45,andar-2,0.036
2026-08-02T06:00,andar-2,0.127
2026-08-02T06:15,andar-2,0.114
2026-08-02T06:30,andar-2,0.114
2026-08-02T06:45,andar-2,0.094
2026-08-02T07:00,andar-2,0.120
2026-08-02T07:15,andar-2,0.117
2026-08-02T07:30,andar-2,0.129
2026-08-02T07:45,andar-2,0.113
2026-08-02T08:00,andar-2,0.111
2026-08-02T08:15,andar-2,0.104
2026-08-02T08:30,andar-2,0.115
2026-08-02T08:45,andar-2,0.115
2026-08-02T09:00,andar-2,0.194
2026-08-02T09:15,andar-2,0.210
2026-08-02T09:30,andar-2,0.199
2026-08-02T09:45,andar-2,0.203
2026-08-02T10:00,andar-2,0.183
2026-08-02T10:15,andar-2,0.214
2026-08-02T10:30,andar-2,0.240
2026-08-02T10:45,andar-2,0.241
2026-08-02T11:00,andar-2,0.197
2026-08-02T11:15,andar-2,0.209
2026-08-02T11:30,andar-2,0.199
2026-08-02T11:45,andar-2,0.203
2026-08-02T12:00,andar-2,0.173
2026-08-02T12:15,andar-2,0.193
2026-08-02T12:30,andar-2,0.212
2026-08-02T12:45,andar-2,0.231
2026-08-02T13:00,andar-2,0.200
2026-08-02T13:15,andar-2,0.194
2026-08-02T13:30,andar-2,0.196
2026-08-02T13:45,andar-2,0.207
2026-08-02T14:00,andar-2,0.190
2026-08-02T14:15,andar-2,0.229
2026-08-02T14:30,andar-2,0.168
2026-08-02T14:45,andar-2,0.182
2026-08-02T15:00,andar-2,0.203
2026-08-02T15:15,andar-2,0.188
2026-08-02T15:30,andar-2,0.207
2026-08-02T15:45,andar-2,0.208
2026-08-02T16:00,andar-2,0.188
2026-08-02T16:15,andar-2,0.206
2026-08-02T16:30,andar-2,0.200
2026-08-02T16:45,andar-2,0.234
2026-08-02T17:00,andar-2,0.223
2026-08-02T17:15,andar-2,0.197
2026-08-02T17:30,andar-2,0.235
2026-08-02T17:45,andar-2,0.209
2026-08-02T18:00,andar-2,0.159
2026-08-02T18:15,andar-2,0.146
2026-08-02T18:30,andar-2,0.148
2026-08-02T18:45,andar-2,0.163
2026-08-02T19:00,andar-2,0.178
2026-08-02T19:15,andar-2,0.169
2026-08-02T19:30,andar-2,0.140
2026-08-02T19:45,andar-2,0.176
2026-08-02T20:00,andar-2,0.140
2026-08-02T20:15,andar-2,0.160
2026-08-02T20:30,andar-2,0.152
2026-08-02T20:45,andar-2,0.139
2026-08-02T21:00,andar-2,0.057
2026-08-02T21:15,andar-2,0.051
2026-08-02T21:30,andar-2,0.058
2026-08-02T21:45,andar-2,0.054
2026-08-02T22:00,andar-2,0.048
2026-08-02T22:15,andar-2,0.055
2026-08-02T22:30,andar-2,0.055
2026-08-02T22:45,andar-2,0.063
2026-08-02T23:00,andar-2,0.050
2026-08-02T23:15,andar-2,0.052
2026-08-02T23:30,andar-2,0.060
2026-08-02T23:45,andar-2,0.061
2026-08-03T00:00,andar-2,0.073
2026-08-03T00:15,andar-2,0.076
2026-08-03T00:30,andar-2,0.081
2026-08-03T00:45,andar-2,0.067
2026-08-03T01:00,andar-2,0.071
2026-08-03T01:15,andar-2,0.086
2026-08-03T01:30,andar-2,0.077
2026-08-03T01:45,andar-2,0.063
2026-08-03T02:00,andar-2,0.083
2026-08-03T02:15,andar-2,0.075
2026-08-03T02:30,andar-2,0.083
2026-08-03T02:45,andar-2,0.081
2026-08-03T03:00,andar-2,0.085
2026-08-03T03:15,andar-2,0.076
2026-08-03T03:30,andar-2,0.085
2026-08-03T03:45,andar-2,0.083
2026-08-03T04:00,andar-2,0.082
2026-08-03T04:15,andar-2,0.090
2026-08-03T04:30,andar-2,0.080
2026-08-03T04:45,andar-2,0.085
2026-08-03T05:00,andar-2,0.080
2026-08-03T05:15,andar-2,0.071
2026-08-03T05:30,andar-2,0.074
2026-08-03T05:45,andar-2,0.080
2026-08-03T06:00,andar-2,0.258
2026-08-03T06:15,andar-2,0.309
2026-08-03T06:30,andar-2,0.252
2026-08-03T06:45,andar-2,0.236
2026-08-03T07:00,andar-2,0.261
2026-08-03T07:15,andar-2,0.255
2026-08-03T07:30,andar-2,0.258
2026-08-03T07:45,andar-2,0.242
2026-08-03T08:00,andar-2,0.250
2026-08-03T08:15,andar-2,0.252
2026-08-03T08:30,andar-2,0.271
2026-08-03T08:45,andar-2,0.250
2026-08-03T09:00,andar-2,0.417
2026-08-03T09:15,andar-2,0.440
2026-08-03T09:30,andar-2,0.479
2026-08-03T09:45,andar-2,0.445
2026-08-03T10:00,andar-2,0.419
2026-08-03T10:15,andar-2,0.437
2026-08-03T10:30,andar-2,0.535
2026-08-03T10:45,andar-2,0.431
2026-08-03T11:00,andar-2,0.428
2026-08-03T11:15,andar-2,0.373
2026-08-03T11:30,andar-2,0.461
2026-08-03T11:45,andar-2,0.430
2026-08-03T12:00,andar-2,0.560
2026-08-03T12:15,andar-2,0.426
2026-08-03T12:30,andar-2,0.489
2026-08-03T12:45,andar-2,0.381
2026-08-03T13:00,andar-2,0.441
2026-08-03T13:15,andar-2,0.495
2026-08-03T13:30,andar-2,0.471
2026-08-03T13:45,andar-2,0.430
2026-08-03T14:00,andar-2,0.406
2026-08-03T14:15,andar-2,0.429
2026-08-03T14:30,andar-2,0.428
2026-08-03T14:45,andar-2,0.417
2026-08-03T15:00,andar-2,0.452
2026-08-03T15:15,andar-2,0.459
2026-08-03T15:30,andar-2,0.466
2026-08-03T15:45,andar-2,0.437
2026-08-03T16:00,andar-2,0.432
2026-08-03T16:15,andar-2,0.433
2026-08-03T16:30,andar-2,0.481
2026-08-03T16:45,andar-2,0.452
2026-08-03T17:00,andar-2,0.447
2026-08-03T17:15,andar-2,0.386
2026-08-03T17:30,andar-2,0.468
2026-08-03T17:45,andar-2,0.468
2026-08-03T18:00,andar-2,0.283
2026-08-03T18:15,andar-2,0.379
2026-08-03T18:30,andar-2,0.345
2026-08-03T18:45,andar-2,0.369
2026-08-03T19:00,andar-2,0.343
2026-08-03T19:15,andar-2,0.360
2026-08-03T19:30,andar-2,0.371
2026-08-03T19:45,andar-2,0.392
2026-08-03T20:00,andar-2,0.303
2026-08-03T20:15,andar-2,0.396
2026-08-03T20:30,andar-2,0.365
2026-08-03T20:45,andar-2,0.387
2026-08-03T21:00,andar-2,0.104
2026-08-03T21:15,andar-2,0.127
2026-08-03T21:30,andar-2,0.135
2026-08-03T21:45,andar-2,0.121
2026-08-03T22:00,andar-2,0.134
2026-08-03T22:15,andar-2,0.116
2026-08-03T22:30,andar-2,0.119
2026-08-03T22:45,andar-2,0.109
2026-08-03T23:00,andar-2,0.119
2026-08-03T23:15,andar-2,0.130
2026-08-03T23:30,andar-2,0.110
2026-08-03T23:45,andar-2,0.112
2026-08-04T00:00,andar-2,0.074
2026-08-04T00:15,andar-2,0.075
2026-08-04T00:30,andar-2,0.088
2026-08-04T00:45,andar-2,0.082
2026-08-04T01:00,andar-2,0.081
2026-08-04T01:15,andar-2,0.081
2026-08-04T01:30,andar-2,0.081
2026-08-04T01:45,andar-2,0.085
2026-08-04T02:00,andar-2,0.078
2026-08-04T02:15,andar-2,0.084
2026-08-04T02:30,andar-2,0.082
2026-08-04T02:45,andar-2,0.078
2026-08-04T03:00,andar-2,0.076
2026-08-04T03:15,andar-2,0.073
2026-08-04T03:30,andar-2,0.097
2026-08-04T03:45,andar-2,0.077
2026-08-04T04:00,andar-2,0.067
2026-08-04T04:15,andar-2,0.084
2026-08-04T04:30,andar-2,0.082
2026-08-04T04:45,andar-2,0.087
2026-08-04T05:00,andar-2,0.091
2026-08-04T05:15,andar-2,0.091
2026-08-04T05:30,andar-2,0.092
2026-08-04T05:45,andar-2,0.072
2026-08-04T06:00,andar-2,0.259
2026-08-04T06:15,andar-2,0.235
2026-08-04T06:30,andar-2,0.251
2026-08-04T06:45,andar-2,0.235
2026-08-04T07:00,andar-2,0.238
2026-08-04T07:15,andar-2,0.296
2026-08-04T07:30,andar-2,0.240
2026-08-04T07:45,andar-2,0.260
2026-08-04T08:00,andar-2,0.238
2026-08-04T08:15,andar-2,0.264
2026-08-04T08:30,andar-2,0.254
2026-08-04T08:45,andar-2,0.294
2026-08-04T09:00,andar-2,0.461
2026-08-04T09:15,andar-2,0.459
2026-08-04T09:30,andar-2,0.432
2026-08-04T09:45,andar-2,0.446
2026-08-04T10:00,andar-2,0.487
2026-08-04T10:15,andar-2,0.464
2026-08-04T10:30,andar-2,0.525
2026-08-04T10:45,andar-2,0.462
2026-08-04T11:00,andar-2,0.515
2026-08-04T11:15,andar-2,0.416
2026-08-04T11:30,andar-2,0.436
2026-08-04T11:45,andar-2,0.421
2026-08-04T12:00,andar-2,0.478
2026-08-04T12:15,andar-2,0.439
2026-08-04T12:30,andar-2,0.423
2026-08-04T12:45,andar-2,0.406
2026-08-04T13:00,andar-2,0.365
2026-08-04T13:15,andar-2,0.440
2026-08-04T13:30,andar-2,0.447
2026-08-04T13:45,andar-2,0.468
2026-08-04T14:00,andar-2,0.442
2026-08-04T14:15,andar-2,0.443
2026-08-04T14:30,andar-2,0.459
2026-08-04T14:45,andar-2,0.426
2026-08-04T15:00,andar-2,0.437
2026-08-04T15:15,andar-2,0.468
2026-08-04T15:30,andar-2,0.463
2026-08-04T15:45,andar-2,0.503
2026-08-04T16:00,andar-2,0.397
2026-08-04T16:15,andar-2,0.461
2026-08-04T16:30,andar-2,0.409
2026-08-04T16:45,andar-2,0.482
2026-08-04T17:00,andar-2,0.417
2026-08-04T17:15,andar-2,0.425
2026-08-04T17:30,andar-2,0.456
2026-08-04T17:45,andar-2,0.356
2026-08-04T18:00,andar-2,0.338
2026-08-04T18:15,andar-2,0.325
2026-08-04T18:30,andar-2,0.378
2026-08-04T18:45,andar-2,0.358
2026-08-04T19:00,andar-2,0.354
2026-08-04T19:15,andar-2,0.315
2026-08-04T19:30,andar-2,0.273
2026-08-04T19:45,andar-2,0.329
2026-08-04T20:00,andar-2,0.337
2026-08-04T20:15,andar-2,0.347
2026-08-04T20:30,andar-2,0.387
2026-08-04T20:45,andar-2,0.432
2026-08-04T21:00,andar-2,0.119
2026-08-04T21:15,andar-2,0.107
2026-08-04T21:30,andar-2,0.127
2026-08-04T21:45,andar-2,0.119
2026-08-04T22:00,andar-2,0.103
2026-08-04T22:15,andar-2,0.106
2026-08-04T22:30,andar-2,0.101
2026-08-04T22:45,andar-2,0.123
2026-08-04T23:00,andar-2,0.098
2026-08-04T23:15,andar-2,0.114
2026-08-04T23:30,andar-2,0.100
2026-08-04T23:45,andar-2,0.122
2026-08-05T00:00,andar-2,0.073
2026-08-05T00:15,andar-2,0.083
2026-08-05T00:30,andar-2,0.088
2026-08-05T00:45,andar-2,0.079
2026-08-05T01:00,andar-2,0.082
2026-08-05T01:15,andar-2,0.069
2026-08-05T01:30,andar-2,0.070
2026-08-05T01:45,andar-2,0.077
2026-08-05T02:00,andar-2,0.078
2026-08-05T02:15,andar-2,0.065
2026-08-05T02:30,andar-2,0.079
2026-08-05T02:45,andar-2,0.078
2026-08-05T03:00,andar-2,0.077
2026-08-05T03:15,andar-2,0.073
2026-08-05T03:30,andar-2,0.085
2026-08-05T03:45,andar-2,0.073
2026-08-05T04:00,andar-2,0.075
2026-08-05T04:15,andar-2,0.088
2026-08-05T04:30,andar-2,0.084
2026-08-05T04:45,andar-2,0.081
2026-08-05T05:00,andar-2,0.090
2026-08-05T05:15,andar-2,0.075
2026-08-05T05:30,andar-2,0.078
2026-08-05T05:45,andar-2,0.074
2026-08-05T06:00,andar-2,0.248
2026-08-05T06:15,andar-2,0.246
2026-08-05T06:30,andar-2,0.251
2026-08-05T06:45,andar-2,0.256
2026-08-05T07:00,andar-2,0.244
2026-08-05T07:15,andar-2,0.251
2026-08-05T07:30,andar-2,0.237
2026-08-05T07:45,andar-2,0.261
2026-08-05T08:00,andar-2,0.228
2026-08-05T08:15,andar-2,0.231
2026-08-05T08:30,andar-2,0.262
2026-08-05T08:45,andar-2,0.222
2026-08-05T09:00,andar-2,0.511
2026-08-05T09:15,andar-2,0.417
2026-08-05T09:30,andar-2,0.458
2026-08-05T09:45,andar-2,0.454
2026-08-05T10:00,andar-2,0.477
2026-08-05T10:15,andar-2,0.453
2026-08-05T10:30,andar-2,0.435
2026-08-05T10:45,andar-2,0.434
2026-08-05T11:00,andar-2,0.409
2026-08-05T11:15,andar-2,0.452
2026-08-05T11:30,andar-2,0.460
2026-08-05T11:45,andar-2,0.452
2026-08-05T12:00,andar-2,0.442
2026-08-05T12:15,andar-2,0.435
2026-08-05T12:30,andar-2,0.503
2026-08-05T12:45,andar-2,0.454
2026-08-05T13:00,andar-2,0.442
2026-08-05T13:15,andar-2,0.416
2026-08-05T13:30,andar-2,0.504
2026-08-05T13:45,andar-2,0.419
2026-08-05T14:00,andar-2,0.449
2026-08-05T14:15,andar-2,0.512
2026-08-05T14:30,andar-2,0.422
2026-08-05T14:45,andar-2,0.428
2026-08-05T15:00,andar-2,0.436
2026-08-05T15:15,andar-2,0.429
2026-08-05T15:30,andar-2,0.431
2026-08-05T15:45,andar-2,0.399
2026-08-05T16:00,andar-2,0.352
2026-08-05T16:15,andar-2,0.478
2026-08-05T16:30,andar-2,0.446
2026-08-05T16:45,andar-2,0.509
2026-08-05T17:00,andar-2,0.398
2026-08-05T17:15,andar-2,0.487
2026-08-05T17:30,andar-2,0.425
2026-08-05T17:45,andar-2,0.409
2026-08-05T18:00,andar-2,0.385
2026-08-05T18:15,andar-2,0.347
2026-08-05T18:30,andar-2,0.323
2026-08-05T18:45,andar-2,0.368
2026-08-05T19:00,andar-2,0.293
2026-08-05T19:15,andar-2,0.340
2026-08-05T19:30,andar-2,0.362
2026-08-05T19:45,andar-2,0.387
2026-08-05T20:00,andar-2,0.345
2026-08-05T20:15,andar-2,0.303
2026-08-05T20:30,andar-2,0.317
2026-08-05T20:45,andar-2,0.311
2026-08-05T21:00,andar-2,0.118
2026-08-05T21:15,andar-2,0.112
2026-08-05T21:30,andar-2,0.113
2026-08-05T21:45,andar-2,0.116
2026-08-05T22:00,andar-2,0.116
2026-08-05T22:15,andar-2,0.117
2026-08-05T22:30,andar-2,0.115
2026-08-05T22:45,andar-2,0.114
2026-08-05T23:00,andar-2,0.097
2026-08-05T23:15,andar-2,0.105
2026-08-05T23:30,andar-2,0.120
2026-08-05T23:45,andar-2,0.129
2026-08-06T00:00,andar-2,0.079
2026-08-06T00:15,andar-2,0.075
2026-08-06T00:30,andar-2,0.073
2026-08-06T00:45,andar-2,0.080
2026-08-06T01:00,andar-2,0.075
2026-08-06T01:15,andar-2,0.086
2026-08-06T01:30,andar-2,0.079
2026-08-06T01:45,andar-2,0.079
2026-08-06T02:00,andar-2,0.094
2026-08-06T02:15,andar-2,0.076
2026-08-06T02:30,andar-2,0.082
2026-08-06T02:45,andar-2,0.082
2026-08-06T03:00,andar-2,0.078
2026-08-06T03:15,andar-2,0.088
2026-08-06T03:30,andar-2,0.068
2026-08-06T03:45,andar-2,0.077
2026-08-06T04:00,andar-2,0.083
2026-08-06T04:15,andar-2,0.084
2026-08-06T04:30,andar-2,0.079
2026-08-06T04:45,andar-2,0.070
2026-08-06T05:00,andar-2,0.095
2026-08-06T05:15,andar-2,0.085
2026-08-06T05:30,andar-2,0.083
2026-08-06T05:45,andar-2,0.081
2026-08-06T06:00,andar-2,0.267
2026-08-06T06:15,andar-2,0.257
2026-08-06T06:30,andar-2,0.262
2026-08-06T06:45,andar-2,0.256
2026-08-06T07:00,andar-2,0.242
2026-08-06T07:15,andar-2,0.258
2026-08-06T07:30,andar-2,0.261
2026-08-06T07:45,andar-2,0.258
2026-08-06T08:00,andar-2,0.239
2026-08-06T08:15,andar-2,0.249
2026-08-06T08:30,andar-2,0.223
2026-08-06T08:45,andar-2,0.273
2026-08-06T09:00,andar-2,0.419
2026-08-06T09:15,andar-2,0.470
2026-08-06T09:30,andar-2,0.435
2026-08-06T09:45,andar-2,0.486
2026-08-06T10:00,andar-2,0.431
2026-08-06T10:15,andar-2,0.460
2026-08-06T10:30,andar-2,0.456
2026-08-06T10:45,andar-2,0.453
2026-08-06T11:00,andar-2,0.456
2026-08-06T11:15,andar-2,0.452
2026-08-06T11:30,andar-2,0.439
2026-08-06T11:45,andar-2,0.434
2026-08-06T12:00,andar-2,0.503
2026-08-06T12:15,andar-2,0.429
2026-08-06T12:30,andar-2,0.462
2026-08-06T12:45,andar-2,0.440
2026-08-06T13:00,andar-2,0.452
2026-08-06T13:15,andar-2,0.504
2026-08-06T13:30,andar-2,0.455
2026-08-06T13:45,andar-2,0.439
2026-08-06T14:00,andar-2,0.439
2026-08-06T14:15,andar-2,0.525
2026-08-06T14:30,andar-2,0.448
2026-08-06T14:45,andar-2,0.444
2026-08-06T15:00,andar-2,0.443
2026-08-06T15:15,andar-2,0.391
2026-08-06T15:30,andar-2,0.441
2026-08-06T15:45,andar-2,0.460
2026-08-06T16:00,andar-2,0.516
2026-08-06T16:15,andar-2,0.444
2026-08-06T16:30,andar-2,0.476
2026-08-06T16:45,andar-2,0.387
2026-08-06T17:00,andar-2,0.440
2026-08-06T17:15,andar-2,0.446
2026-08-06T17:30,andar-2,0.436
2026-08-06T17:45,andar-2,0.421
2026-08-06T18:00,andar-2,0.371
2026-08-06T18:15,andar-2,0.372
2026-08-06T18:30,andar-2,0.363
2026-08-06T18:45,andar-2,0.382
2026-08-06T19:00,andar-2,0.380
2026-08-06T19:15,andar-2,0.344
2026-08-06T19:30,andar-2,0.364
2026-08-06T19:45,andar-2,0.340
2026-08-06T20:00,andar-2,0.347
2026-08-06T20:15,andar-2,0.363
2026-08-06T20:30,andar-2,0.339
2026-08-06T20:45,andar-2,0.292
2026-08-06T21:00,andar-2,0.111
2026-08-06T21:15,andar-2,0.132
2026-08-06T21:30,andar-2,0.139
2026-08-06T21:45,andar-2,0.112
2026-08-06T22:00,andar-2,0.120
2026-08-06T22:15,andar-2,0.125
2026-08-06T22:30,andar-2,0.121
2026-08-06T22:45,andar-2,0.125
2026-08-06T23:00,andar-2,0.121
2026-08-06T23:15,andar-2,0.135
2026-08-06T23:30,andar-2,0.125
2026-08-06T23:45,andar-2,0.115
2026-08-07T00:00,andar-2,0.075
2026-08-07T00:15,andar-2,0.083
2026-08-07T00:30,andar-2,0.077
2026-08-07T00:45,andar-2,0.076
2026-08-07T01:00,andar-2,0.070
2026-08-07T01:15,andar-2,0.071
2026-08-07T01:30,andar-2,0.082
2026-08-07T01:45,andar-2,0.091
2026-08-07T02:00,andar-2,0.079
2026-08-07T02:15,andar-2,0.079
2026-08-07T02:30,andar-2,0.074
2026-08-07T02:45,andar-2,0.086
2026-08-07T03:00,andar-2,0.078
2026-08-07T03:15,andar-2,0.082
2026-08-07T03:30,andar-2,0.091
2026-08-07T03:45,andar-2,0.088
2026-08-07T04:00,andar-2,0.086
2026-08-07T04:15,andar-2,0.077
2026-08-07T04:30,andar-2,0.081
2026-08-07T04:45,andar-2,0.081
2026-08-07T05:00,andar-2,0.084
2026-08-07T05:15,andar-2,0.075
2026-08-07T05:30,andar-2,0.086
2026-08-07T05:45,andar-2,0.090
2026-08-07T06:00,andar-2,0.257
2026-08-07T06:15,andar-2,0.292
2026-08-07T06:30,andar-2,0.254
2026-08-07T06:45,andar-2,0.229
2026-08-07T07:00,andar-2,0.283
2026-08-07T07:15,andar-2,0.256
2026-08-07T07:30,andar-2,0.215
2026-08-07T07:45,andar-2,0.273
2026-08-07T08:00,andar-2,0.271
2026-08-07T08:15,andar-2,0.241
2026-08-07T08:30,andar-2,0.300
2026-08-07T08:45,andar-2,0.246
2026-08-07T09:00,andar-2,0.441
2026-08-07T09:15,andar-2,0.437
2026-08-07T09:30,andar-2,0.468
2026-08-07T09:45,andar-2,0.482
2026-08-07T10:00,andar-2,0.454
2026-08-07T10:15,andar-2,0.436
2026-08-07T10:30,andar-2,0.472
2026-08-07T10:45,andar-2,0.441
2026-08-07T11:00,andar-2,0.467
2026-08-07T11:15,andar-2,0.538
2026-08-07T11:30,andar-2,0.402
2026-08-07T11:45,andar-2,0.410
2026-08-07T12:00,andar-2,0.490
2026-08-07T12:15,andar-2,0.493
2026-08-07T12:30,andar-2,0.440
2026-08-07T12:45,andar-2,0.465
2026-08-07T13:00,andar-2,0.509
2026-08-07T13:15,andar-2,0.441
2026-08-07T13:30,andar-2,0.486
2026-08-07T13:45,andar-2,0.403
2026-08-07T14:00,andar-2,0.377
2026-08-07T14:15,andar-2,0.456
2026-08-07T14:30,andar-2,0.383
2026-08-07T14:45,andar-2,0.477
2026-08-07T15:00,andar-2,0.459
2026-08-07T15:15,andar-2,0.442
2026-08-07T15:30,andar-2,0.426
2026-08-07T15:45,andar-2,0.420
2026-08-07T16:00,andar-2,0.472
2026-08-07T16:15,andar-2,0.465
2026-08-07T16:30,andar-2,0.410
2026-08-07T16:45,andar-2,0.432
2026-08-07T17:00,andar-2,0.418
2026-08-07T17:15,andar-2,0.512
2026-08-07T17:30,andar-2,0.517
2026-08-07T17:45,andar-2,0.428
2026-08-07T18:00,andar-2,0.330
2026-08-07T18:15,andar-2,0.330
2026-08-07T18:30,andar-2,0.372
2026-08-07T18:45,andar-2,0.364
2026-08-07T19:00,andar-2,0.396
2026-08-07T19:15,andar-2,0.330
2026-08-07T19:30,andar-2,0.280
2026-08-07T19:45,andar-2,0.363
2026-08-07T20:00,andar-2,0.351
2026-08-07T20:15,andar-2,0.307
2026-08-07T20:30,andar-2,0.368
2026-08-07T20:45,andar-2,0.344
2026-08-07T21:00,andar-2,0.111
2026-08-07T21:15,andar-2,0.109
2026-08-07T21:30,andar-2,0.114
2026-08-07T21:45,andar-2,0.117
2026-08-07T22:00,andar-2,0.127
2026-08-07T22:15,andar-2,0.125
2026-08-07T22:30,andar-2,0.116
2026-08-07T22:45,andar-2,0.108
2026-08-07T23:00,andar-2,0.119
2026-08-07T23:15,andar-2,0.127
2026-08-07T23:30,andar-2,0.121
2026-08-07T23:45,andar-2,0.111
2026-08-08T00:00,andar-2,0.041
2026-08-08T00:15,andar-2,0.038
2026-08-08T00:30,andar-2,0.034
2026-08-08T00:45,andar-2,0.038
2026-08-08T01:00,andar-2,0.041
2026-08-08T01:15,andar-2,0.033
2026-08-08T01:30,andar-2,0.035
2026-08-08T01:45,andar-2,0.030
2026-08-08T02:00,andar-2,0.039
2026-08-08T02:15,andar-2,0.036
2026-08-08T02:30,andar-2,0.037
2026-08-08T02:45,andar-2,0.034
2026-08-08T03:00,andar-2,0.033
2026-08-08T03:15,andar-2,0.038
2026-08-08T03:30,andar-2,0.039
2026-08-08T03:45,andar-2,0.031
2026-08-08T04:00,andar-2,0.036
2026-08-08T04:15,andar-2,0.033
2026-08-08T04:30,andar-2,0.034
2026-08-08T04:45,andar-2,0.038
2026-08-08T05:00,andar-2,0.035
2026-08-08T05:15,andar-2,0.037
2026-08-08T05:30,andar-2,0.036
2026-08-08T05:45,andar-2,0.039
2026-08-08T06:00,andar-2,0.126
2026-08-08T06:15,andar-2,0.109
2026-08-08T06:30,andar-2,0.115
2026-08-08T06:45,andar-2,0.123
2026-08-08T07:00,andar-2,0.131
2026-08-08T07:15,andar-2,0.122
2026-08-08T07:30,andar-2,0.114
2026-08-08T07:45,andar-2,0.097
2026-08-08T08:00,andar-2,0.115
2026-08-08T08:15,andar-2,0.108
2026-08-08T08:30,andar-2,0.103
2026-08-08T08:45,andar-2,0.113
2026-08-08T09:00,andar-2,0.171
2026-08-08T09:15,andar-2,0.230
2026-08-08T09:30,andar-2,0.196
2026-08-08T09:45,andar-2,0.216
2026-08-08T10:00,andar-2,0.198
2026-08-08T10:15,andar-2,0.177
2026-08-08T10:30,andar-2,0.212
2026-08-08T10:45,andar-2,0.204
2026-08-08T11:00,andar-2,0.212
2026-08-08T11:15,andar-2,0.237
2026-08-08T11:30,andar-2,0.176
2026-08-08T11:45,andar-2,0.187
2026-08-08T12:00,andar-2,0.195
2026-08-08T12:15,andar-2,0.223
2026-08-08T12:30,andar-2,0.201
2026-08-08T12:45,andar-2,0.209
2026-08-08T13:00,andar-2,0.206
2026-08-08T13:15,andar-2,0.184
2026-08-08T13:30,andar-2,0.182
2026-08-08T13:45,andar-2,0.213
2026-08-08T14:00,andar-2,0.181
2026-08-08T14:15,andar-2,0.215
2026-08-08T14:30,andar-2,0.195
2026-08-08T14:45,andar-2,0.186
2026-08-08T15:00,andar-2,0.202
2026-08-08T15:15,andar-2,0.181
2026-08-08T15:30,andar-2,0.208
2026-08-08T15:45,andar-2,0.165
2026-08-08T16:00,andar-2,0.226
2026-08-08T16:15,andar-2,0.191
2026-08-08T16:30,andar-2,0.176
2026-08-08T16:45,andar-2,0.216
2026-08-08T17:00,andar-2,0.181
2026-08-08T17:15,andar-2,0.226
2026-08-08T17:30,andar-2,0.195
2026-08-08T17:45,andar-2,0.188
2026-08-08T18:00,andar-2,0.142
2026-08-08T18:15,andar-2,0.178
2026-08-08T18:30,andar-2,0.160
2026-08-08T18:45,andar-2,0.164
2026-08-08T19:00,andar-2,0.168
2026-08-08T19:15,andar-2,0.164
2026-08-08T19:30,andar-2,0.160
2026-08-08T19:45,andar-2,0.164
2026-08-08T20:00,andar-2,0.170
2026-08-08T20:15,andar-2,0.164
2026-08-08T20:30,andar-2,0.158
2026-08-08T20:45,andar-2,0.151
2026-08-08T21:00,andar-2,0.049
2026-08-08T21:15,andar-2,0.053
2026-08-08T21:30,andar-2,0.063
2026-08-08T21:45,andar-2,0.049
2026-08-08T22:00,andar-2,0.048
2026-08-08T22:15,andar-2,0.054
2026-08-08T22:30,andar-2,0.050
2026-08-08T22:45,andar-2,0.050
2026-08-08T23:00,andar-2,0.054
2026-08-08T23:15,andar-2,0.051
2026-08-08T23:30,andar-2,0.048
2026-08-08T23:45,andar-2,0.054
2026-08-09T00:00,andar-2,0.042
2026-08-09T00:15,andar-2,0.031
2026-08-09T00:30,andar-2,0.037
2026-08-09T00:45,andar-2,0.039
2026-08-09T01:00,andar-2,0.034
2026-08-09T01:15,andar-2,0.038
2026-08-09T01:30,andar-2,0.044
2026-08-09T01:45,andar-2,0.036
2026-08-09T02:00,andar-2,0.038
2026-08-09T02:15,andar-2,0.043
2026-08-09T02:30,andar-2,0.038
2026-08-09T02:45,andar-2,0.032
2026-08-09T03:00,andar-2,0.036
2026-08-09T03:15,andar-2,0.036
2026-08-09T03:30,andar-2,0.037
2026-08-09T03:45,andar-2,0.037
2026-08-09T04:00,andar-2,0.033
2026-08-09T04:15,andar-2,0.036
2026-08-09T04:30,andar-2,0.034
2026-08-09T04:45,andar-2,0.043
2026-08-09T05:00,andar-2,0.040
2026-08-09T05:15,andar-2,0.039
2026-08-09T05:30,andar-2,0.040
2026-08-09T05:45,andar-2,0.032
2026-08-09T06:00,andar-2,0.115
2026-08-09T06:15,andar-2,0.101
2026-08-09T06:30,andar-2,0.110
2026-08-09T06:45,andar-2,0.097
2026-08-09T07:00,andar-2,0.109
2026-08-09T07:15,andar-2,0.111
2026-08-09T07:30,andar-2,0.121
2026-08-09T07:45,andar-2,0.100
2026-08-09T08:00,andar-2,0.103
2026-08-09T08:15,andar-2,0.111
2026-08-09T08:30,andar-2,0.103
2026-08-09T08:45,andar-2,0.099
2026-08-09T09:00,andar-2,0.191
2026-08-09T09:15,andar-2,0.201
2026-08-09T09:30,andar-2,0.214
2026-08-09T09:45,andar-2,0.210
2026-08-09T10:00,andar-2,0.180
2026-08-09T10:15,andar-2,0.202
2026-08-09T10:30,andar-2,0.215
2026-08-09T10:45,andar-2,0.197
2026-08-09T11:00,andar-2,0.209
2026-08-09T11:15,andar-2,0.173
2026-08-09T11:30,andar-2,0.214
2026-08-09T11:45,andar-2,0.188
2026-08-09T12:00,andar-2,0.187
2026-08-09T12:15,andar-2,0.202
2026-08-09T12:30,andar-2,0.221
2026-08-09T12:45,andar-2,0.213
2026-08-09T13:00,andar-2,0.217
2026-08-09T13:15,andar-2,0.194
2026-08-09T13:30,andar-2,0.191
2026-08-09T13:45,andar-2,0.182
2026-08-09T14:00,andar-2,0.221
2026-08-09T14:15,andar-2,0.183
2026-08-09T14:30,andar-2,0.224
2026-08-09T14:45,andar-2,0.222
2026-08-09T15:00,andar-2,0.217
2026-08-09T15:15,andar-2,0.207
2026-08-09T15:30,andar-2,0.205
2026-08-09T15:45,andar-2,0.196
2026-08-09T16:00,andar-2,0.194
2026-08-09T16:15,andar-2,0.218
2026-08-09T16:30,andar-2,0.215
2026-08-09T16:45,andar-2,0.220
2026-08-09T17:00,andar-2,0.215
2026-08-09T17:15,andar-2,0.226
2026-08-09T17:30,andar-2,0.210
2026-08-09T17:45,andar-2,0.233
2026-08-09T18:00,andar-2,0.162
2026-08-09T18:15,andar-2,0.171
2026-08-09T18:30,andar-2,0.153
2026-08-09T18:45,andar-2,0.149
2026-08-09T19:00,andar-2,0.150
2026-08-09T19:15,andar-2,0.148
2026-08-09T19:30,andar-2,0.146
2026-08-09T19:45,andar-2,0.158
2026-08-09T20:00,andar-2,0.148
2026-08-09T20:15,andar-2,0.157
2026-08-09T20:30,andar-2,0.170
2026-08-09T20:45,andar-2,0.148
2026-08-09T21:00,andar-2,0.055
2026-08-09T21:15,andar-2,0.050
2026-08-09T21:30,andar-2,0.056
2026-08-09T21:45,andar-2,0.056
2026-08-09T22:00,andar-2,0.049
2026-08-09T22:15,andar-2,0.059
2026-08-09T22:30,andar-2,0.052
2026-08-09T22:45,andar-2,0.057
2026-08-09T23:00,andar-2,0.063
2026-08-09T23:15,andar-2,0.061
2026-08-09T23:30,andar-2,0.054
2026-08-09T23:45,andar-2,0.055
2026-08-10T00:00,andar-2,0.083
2026-08-10T00:15,andar-2,0.082
2026-08-10T00:30,andar-2,0.082
2026-08-10T00:45,andar-2,0.075
2026-08-10T01:00,andar-2,0.084
2026-08-10T01:15,andar-2,0.082
2026-08-10T01:30,andar-2,0.086
2026-08-10T01:45,andar-2,0.081
2026-08-10T02:00,andar-2,0.071
2026-08-10T02:15,andar-2,0.086
2026-08-10T02:30,andar-2,0.073
2026-08-10T02:45,andar-2,0.083
2026-08-10T03:00,andar-2,0.072
2026-08-10T03:15,andar-2,0.086
2026-08-10T03:30,andar-2,0.073
2026-08-10T03:45,andar-2,0.072
2026-08-10T04:00,andar-2,0.086
2026-08-10T04:15,andar-2,0.094
2026-08-10T04:30,andar-2,0.080
2026-08-10T04:45,andar-2,0.070
2026-08-10T05:00,andar-2,0.079
2026-08-10T05:15,andar-2,0.086
2026-08-10T05:30,andar-2,0.073
2026-08-10T05:45,andar-2,0.085
2026-08-10T06:00,andar-2,0.225
2026-08-10T06:15,andar-2,0.264
2026-08-10T06:30,andar-2,0.227
2026-08-10T06:45,andar-2,0.251
2026-08-10T07:00,andar-2,0.226
2026-08-10T07:15,andar-2,0.243
2026-08-10T07:30,andar-2,0.203
2026-08-10T07:45,andar-2,0.276
2026-08-10T08:00,andar-2,0.258
2026-08-10T08:15,andar-2,0.232
2026-08-10T08:30,andar-2,0.261
2026-08-10T08:45,andar-2,0.255
2026-08-10T09:00,andar-2,0.476
2026-08-10T09:15,andar-2,0.474
2026-08-10T09:30,andar-2,0.373
2026-08-10T09:45,andar-2,0.442
2026-08-10T10:00,andar-2,0.425
2026-08-10T10:15,andar-2,0.431
2026-08-10T10:30,andar-2,0.433
2026-08-10T10:45,andar-2,0.414
2026-08-10T11:00,andar-2,0.522
2026-08-10T11:15,andar-2,0.459
2026-08-10T11:30,andar-2,0.439
2026-08-10T11:45,andar-2,0.469
2026-08-10T12:00,andar-2,0.468
2026-08-10T12:15,andar-2,0.461
2026-08-10T12:30,andar-2,0.446
2026-08-10T12:45,andar-2,0.460
2026-08-10T13:00,andar-2,0.406
2026-08-10T13:15,andar-2,0.429
2026-08-10T13:30,andar-2,0.430
2026-08-10T13:45,andar-2,0.397
2026-08-10T14:00,andar-2,0.436
2026-08-10T14:15,andar-2,0.512
2026-08-10T14:30,andar-2,0.435
2026-08-10T14:45,andar-2,0.489
2026-08-10T15:00,andar-2,0.432
2026-08-10T15:15,andar-2,0.474
2026-08-10T15:30,andar-2,0.438
2026-08-10T15:45,andar-2,0.466
2026-08-10T16:00,andar-2,0.456
2026-08-10T16:15,andar-2,0.403
2026-08-10T16:30,andar-2,0.432
2026-08-10T16:45,andar-2,0.408
2026-08-10T17:00,andar-2,0.422
2026-08-10T17:15,andar-2,0.457
2026-08-10T17:30,andar-2,0.511
2026-08-10T17:45,andar-2,0.474
2026-08-10T18:00,andar-2,0.357
2026-08-10T18:15,andar-2,0.389
2026-08-10T18:30,andar-2,0.351
2026-08-10T18:45,andar-2,0.334
2026-08-10T19:00,andar-2,0.308
2026-08-10T19:15,andar-2,0.347
2026-08-10T19:30,andar-2,0.350
2026-08-10T19:45,andar-2,0.415
2026-08-10T20:00,andar-2,0.342
2026-08-10T20:15,andar-2,0.350
2026-08-10T20:30,andar-2,0.355
2026-08-10T20:45,andar-2,0.320
2026-08-10T21:00,andar-2,0.147
2026-08-10T21:15,andar-2,0.123
2026-08-10T21:30,andar-2,0.109
2026-08-10T21:45,andar-2,0.132
2026-08-10T22:00,andar-2,0.128
2026-08-10T22:15,andar-2,0.139
2026-08-10T22:30,andar-2,0.123
2026-08-10T22:45,andar-2,0.111
2026-08-10T23:00,andar-2,0.109
2026-08-10T23:15,andar-2,0.122
2026-08-10T23:30,andar-2,0.128
2026-08-10T23:45,andar-2,0.113
2026-08-11T00:00,andar-2,0.085
2026-08-11T00:15,andar-2,0.082
2026-08-11T00:30,andar-2,0.081
2026-08-11T00:45,andar-2,0.085
2026-08-11T01:00,andar-2,0.082
2026-08-11T01:15,andar-2,0.077
2026-08-11T01:30,andar-2,0.081
2026-08-11T01:45,andar-2,0.088
2026-08-11T02:00,andar-2,0.089
2026-08-11T02:15,andar-2,0.084
2026-08-11T02:30,andar-2,0.076
2026-08-11T02:45,andar-2,0.071
2026-08-11T03:00,andar-2,0.082
2026-08-11T03:15,andar-2,0.086
2026-08-11T03:30,andar-2,0.081
2026-08-11T03:45,andar-2,0.084
2026-08-11T04:00,andar-2,0.089
2026-08-11T04:15,andar-2,0.071
2026-08-11T04:30,andar-2,0.076
2026-08-11T04:45,andar-2,0.081
2026-08-11T05:00,andar-2,0.081
2026-08-11T05:15,andar-2,0.070
2026-08-11T05:30,andar-2,0.076
2026-08-11T05:45,andar-2,0.077
2026-08-11T06:00,andar-2,0.246
2026-08-11T06:15,andar-2,0.237
2026-08-11T06:30,andar-2,0.230
2026-08-11T06:45,andar-2,0.216
2026-08-11T07:00,andar-2,0.225
2026-08-11T07:15,andar-2,0.257
2026-08-11T07:30,andar-2,0.232
2026-08-11T07:45,andar-2,0.271
2026-08-11T08:00,andar-2,0.266
2026-08-11T08:15,andar-2,0.277
2026-08-11T08:30,andar-2,0.243
2026-08-11T08:45,andar-2,0.239
2026-08-11T09:00,andar-2,0.455
2026-08-11T09:15,andar-2,0.429
2026-08-11T09:30,andar-2,0.517
2026-08-11T09:45,andar-2,0.423
2026-08-11T10:00,andar-2,0.425
2026-08-11T10:15,andar-2,0.448
2026-08-11T10:30,andar-2,0.406
2026-08-11T10:45,andar-2,0.460
2026-08-11T11:00,andar-2,0.485
2026-08-11T11:15,andar-2,0.503
2026-08-11T11:30,andar-2,0.440
2026-08-11T11:45,andar-2,0.354
2026-08-11T12:00,andar-2,0.446
2026-08-11T12:15,andar-2,0.422
2026-08-11T12:30,andar-2,0.456
2026-08-11T12:45,andar-2,0.470
2026-08-11T13:00,andar-2,0.392
2026-08-11T13:15,andar-2,0.378
2026-08-11T13:30,andar-2,0.445
2026-08-11T13:45,andar-2,0.450
2026-08-11T14:00,andar-2,0.452
2026-08-11T14:15,andar-2,0.467
2026-08-11T14:30,andar-2,0.469
2026-08-11T14:45,andar-2,0.468
2026-08-11T15:00,andar-2,0.486
2026-08-11T15:15,andar-2,0.477
2026-08-11T15:30,andar-2,0.445
2026-08-11T15:45,andar-2,0.444
2026-08-11T16:00,andar-2,0.446
2026-08-11T16:15,andar-2,0.454
2026-08-11T16:30,andar-2,0.431
2026-08-11T16:45,andar-2,0.444
2026-08-11T17:00,andar-2,0.441
2026-08-11T17:15,andar-2,0.487
2026-08-11T17:30,andar-2,0.327
2026-08-11T17:45,andar-2,0.376
2026-08-11T18:00,andar-2,0.351
2026-08-11T18:15,andar-2,0.409
2026-08-11T18:30,andar-2,0.362
2026-08-11T18:45,andar-2,0.383
2026-08-11T19:00,andar-2,0.374
2026-08-11T19:15,andar-2,0.315
2026-08-11T19:30,andar-2,0.354
2026-08-11T19:45,andar-2,0.365
2026-08-11T20:00,andar-2,0.389
2026-08-11T20:15,andar-2,0.347
2026-08-11T20:30,andar-2,0.314
2026-08-11T20:45,andar-2,0.353
2026-08-11T21:00,andar-2,0.098
2026-08-11T21:15,andar-2,0.114
2026-08-11T21:30,andar-2,0.119
2026-08-11T21:45,andar-2,0.126
2026-08-11T22:00,andar-2,0.130
2026-08-11T22:15,andar-2,0.122
2026-08-11T22:30,andar-2,0.135
2026-08-11T22:45,andar-2,0.130
2026-08-11T23:00,andar-2,0.131
2026-08-11T23:15,andar-2,0.147
2026-08-11T23:30,andar-2,0.132
2026-08-11T23:45,andar-2,0.126
2026-08-12T00:00,andar-2,0.081
2026-08-12T00:15,andar-2,0.090
2026-08-12T00:30,andar-2,0.070
2026-08-12T00:45,andar-2,0.076
2026-08-12T01:00,andar-2,0.084
2026-08-12T01:15,andar-2,0.083
2026-08-12T01:30,andar-2,0.086
2026-08-12T01:45,andar-2,0.073
2026-08-12T02:00,andar-2,0.085
2026-08-12T02:15,andar-2,0.080
2026-08-12T02:30,andar-2,0.083
2026-08-12T02:45,andar-2,0.081
2026-08-12T03:00,andar-2,0.076
2026-08-12T03:15,andar-2,0.076
2026-08-12T03:30,andar-2,0.084
2026-08-12T03:45,andar-2,0.087
2026-08-12T04:00,andar-2,0.081
2026-08-12T04:15,andar-2,0.090
2026-08-12T04:30,andar-2,0.082
2026-08-12T04:45,andar-2,0.083
2026-08-12T05:00,andar-2,0.082
2026-08-12T05:15,andar-2,0.085
2026-08-12T05:30,andar-2,0.089
2026-08-12T05:45,andar-2,0.090
2026-08-12T06:00,andar-2,0.237
2026-08-12T06:15,andar-2,0.250
2026-08-12T06:30,andar-2,0.278
2026-08-12T06:45,andar-2,0.255
2026-08-12T07:00,andar-2,0.258
2026-08-12T07:15,andar-2,0.245
2026-08-12T07:30,andar-2,0.250
2026-08-12T07:45,andar-2,0.261
2026-08-12T08:00,andar-2,0.254
2026-08-12T08:15,andar-2,0.285
2026-08-12T08:30,andar-2,0.247
2026-08-12T08:45,andar-2,0.251
2026-08-12T09:00,andar-2,0.425
2026-08-12T09:15,andar-2,0.460
2026-08-12T09:30,andar-2,0.467
2026-08-12T09:45,andar-2,0.406
2026-08-12T10:00,andar-2,0.447
2026-08-12T10:15,andar-2,0.501
2026-08-12T10:30,andar-2,0.428
2026-08-12T10:45,andar-2,0.447
2026-08-12T11:00,andar-2,0.413
2026-08-12T11:15,andar-2,0.400
2026-08-12T11:30,andar-2,0.433
2026-08-12T11:45,andar-2,0.427
2026-08-12T12:00,andar-2,0.405
2026-08-12T12:15,andar-2,0.400
2026-08-12T12:30,andar-2,0.478
2026-08-12T12:45,andar-2,0.415
2026-08-12T13:00,andar-2,0.415
2026-08-12T13:15,andar-2,0.432
2026-08-12T13:30,andar-2,0.425
2026-08-12T13:45,andar-2,0.427
2026-08-12T14:00,andar-2,0.429
2026-08-12T14:15,andar-2,0.490
2026-08-12T14:30,andar-2,0.482
2026-08-12T14:45,andar-2,0.450
2026-08-12T15:00,andar-2,0.435
2026-08-12T15:15,andar-2,0.508
2026-08-12T15:30,andar-2,0.448
2026-08-12T15:45,andar-2,0.405
2026-08-12T16:00,andar-2,0.385
2026-08-12T16:15,andar-2,0.443
2026-08-12T16:30,andar-2,0.422
2026-08-12T16:45,andar-2,0.415
2026-08-12T17:00,andar-2,0.470
2026-08-12T17:15,andar-2,0.458
2026-08-12T17:30,andar-2,0.430
2026-08-12T17:45,andar-2,0.401
2026-08-12T18:00,andar-2,0.354
2026-08-12T18:15,andar-2,0.456
2026-08-12T18:30,andar-2,0.343
2026-08-12T18:45,andar-2,0.326
2026-08-12T19:00,andar-2,0.370
2026-08-12T19:15,andar-2,0.370
2026-08-12T19:30,andar-2,0.366
2026-08-12T19:45,andar-2,0.301
2026-08-12T20:00,andar-2,0.336
2026-08-12T20:15,andar-2,0.349
2026-08-12T20:30,andar-2,0.370
2026-08-12T20:45,andar-2,0.383
2026-08-12T21:00,andar-2,0.125
2026-08-12T21:15,andar-2,0.115
2026-08-12T21:30,andar-2,0.108
2026-08-12T21:45,andar-2,0.112
2026-08-12T22:00,andar-2,0.129
2026-08-12T22:15,andar-2,0.123
2026-08-12T22:30,andar-2,0.114
2026-08-12T22:45,andar-2,0.116
2026-08-12T23:00,andar-2,0.129
2026-08-12T23:15,andar-2,0.117
2026-08-12T23:30,andar-2,0.127
2026-08-12T23:45,andar-2,0.131
2026-08-13T00:00,andar-2,0.087
2026-08-13T00:15,andar-2,0.090
2026-08-13T00:30,andar-2,0.075
2026-08-13T00:45,andar-2,0.070
2026-08-13T01:00,andar-2,0.065
2026-08-13T01:15,andar-2,0.086
2026-08-13T01:30,andar-2,0.084
2026-08-13T01:45,andar-2,0.076
2026-08-13T02:00,andar-2,0.073
2026-08-13T02:15,andar-2,0.077
2026-08-13T02:30,andar-2,0.075
2026-08-13T02:45,andar-2,0.086
2026-08-13T03:00,andar-2,0.090
2026-08-13T03:15,andar-2,0.080
2026-08-13T03:30,andar-2,0.078
2026-08-13T03:45,andar-2,0.076
2026-08-13T04:00,andar-2,0.076
2026-08-13T04:15,andar-2,0.076
2026-08-13T04:30,andar-2,0.080
2026-08-13T04:45,andar-2,0.077
2026-08-13T05:00,andar-2,0.087
2026-08-13T05:15,andar-2,0.086
2026-08-13T05:30,andar-2,0.072
2026-08-13T05:45,andar-2,0.089
2026-08-13T06:00,andar-2,0.250
2026-08-13T06:15,andar-2,0.223
2026-08-13T06:30,andar-2,0.267
2026-08-13T06:45,andar-2,0.241
2026-08-13T07:00,andar-2,0.214
2026-08-13T07:15,andar-2,0.262
2026-08-13T07:30,andar-2,0.248
2026-08-13T07:45,andar-2,0.252
2026-08-13T08:00,andar-2,0.247
2026-08-13T08:15,andar-2,0.258
2026-08-13T08:30,andar-2,0.247
2026-08-13T08:45,andar-2,0.242
2026-08-13T09:00,andar-2,0.423
2026-08-13T09:15,andar-2,0.522
2026-08-13T09:30,andar-2,0.420
2026-08-13T09:45,andar-2,0.424
2026-08-13T10:00,andar-2,0.484
2026-08-13T10:15,andar-2,0.376
2026-08-13T10:30,andar-2,0.425
2026-08-13T10:45,andar-2,0.436
2026-08-13T11:00,andar-2,0.463
2026-08-13T11:15,andar-2,0.462
2026-08-13T11:30,andar-2,0.479
2026-08-13T11:45,andar-2,0.449
2026-08-13T12:00,andar-2,0.493
2026-08-13T12:15,andar-2,0.446
2026-08-13T12:30,andar-2,0.423
2026-08-13T12:45,andar-2,0.487
2026-08-13T13:00,andar-2,0.406
2026-08-13T13:15,andar-2,0.476
2026-08-13T13:30,andar-2,0.444
2026-08-13T13:45,andar-2,0.460
2026-08-13T14:00,andar-2,0.446
2026-08-13T14:15,andar-2,0.470
2026-08-13T14:30,andar-2,0.467
2026-08-13T14:45,andar-2,0.459
2026-08-13T15:00,andar-2,0.449
2026-08-13T15:15,andar-2,0.477
2026-08-13T15:30,andar-2,0.490
2026-08-13T15:45,andar-2,0.449
2026-08-13T16:00,andar-2,0.467
2026-08-13T16:15,andar-2,0.425
2026-08-13T16:30,andar-2,0.484
2026-08-13T16:45,andar-2,0.459
2026-08-13T17:00,andar-2,0.463
2026-08-13T17:15,andar-2,0.400
2026-08-13T17:30,andar-2,0.465
2026-08-13T17:45,andar-2,0.478
2026-08-13T18:00,andar-2,0.377
2026-08-13T18:15,andar-2,0.355
2026-08-13T18:30,andar-2,0.349
2026-08-13T18:45,andar-2,0.348
2026-08-13T19:00,andar-2,0.362
2026-08-13T19:15,andar-2,0.326
2026-08-13T19:30,andar-2,0.321
2026-08-13T19:45,andar-2,0.348
2026-08-13T20:00,andar-2,0.352
2026-08-13T20:15,andar-2,0.328
2026-08-13T20:30,andar-2,0.324
2026-08-13T20:45,andar-2,0.331
2026-08-13T21:00,andar-2,0.111
2026-08-13T21:15,andar-2,0.127
2026-08-13T21:30,andar-2,0.109
2026-08-13T21:45,andar-2,0.130
2026-08-13T22:00,andar-2,0.123
2026-08-13T22:15,andar-2,0.113
2026-08-13T22:30,andar-2,0.091
2026-08-13T22:45,andar-2,0.110
2026-08-13T23:00,andar-2,0.119
2026-08-13T23:15,andar-2,0.115
2026-08-13T23:30,andar-2,0.126
2026-08-13T23:45,andar-2,0.111
2026-08-14T00:00,andar-2,0.084
2026-08-14T00:15,andar-2,0.087
2026-08-14T00:30,andar-2,0.083
2026-08-14T00:45,andar-2,0.081
2026-08-14T01:00,andar-2,0.068
2026-08-14T01:15,andar-2,0.075
2026-08-14T01:30,andar-2,0.075
2026-08-14T01:45,andar-2,0.074
2026-08-14T02:00,andar-2,0.080
2026-08-14T02:15,andar-2,0.072
2026-08-14T02:30,andar-2,0.083
2026-08-14T02:45,andar-2,0.076
2026-08-14T03:00,andar-2,0.081
2026-08-14T03:15,andar-2,0.090
2026-08-14T03:30,andar-2,0.081
2026-08-14T03:45,andar-2,0.092
2026-08-14T04:00,andar-2,0.083
2026-08-14T04:15,andar-2,0.082
2026-08-14T04:30,andar-2,0.084
2026-08-14T04:45,andar-2,0.088
2026-08-14T05:00,andar-2,0.073
2026-08-14T05:15,andar-2,0.069
2026-08-14T05:30,andar-2,0.097
2026-08-14T05:45,andar-2,0.086
2026-08-14T06:00,andar-2,0.262
2026-08-14T06:15,andar-2,0.247
2026-08-14T06:30,andar-2,0.234
2026-08-14T06:45,andar-2,0.254
2026-08-14T07:00,andar-2,0.252
2026-08-14T07:15,andar-2,0.233
2026-08-14T07:30,andar-2,0.272
2026-08-14T07:45,andar-2,0.262
2026-08-14T08:00,andar-2,0.265
2026-08-14T08:15,andar-2,0.228
2026-08-14T08:30,andar-2,0.278
2026-08-14T08:45,andar-2,0.237
2026-08-14T09:00,andar-2,0.472
2026-08-14T09:15,andar-2,0.403
2026-08-14T09:30,andar-2,0.438
2026-08-14T09:45,andar-2,0.389
2026-08-14T10:00,andar-2,0.441
2026-08-14T10:15,andar-2,0.506
2026-08-14T10:30,andar-2,0.445
2026-08-14T10:45,andar-2,0.421
2026-08-14T11:00,andar-2,0.376
2026-08-14T11:15,andar-2,0.497
2026-08-14T11:30,andar-2,0.407
2026-08-14T11:45,andar-2,0.456
2026-08-14T12:00,andar-2,0.543
2026-08-14T12:15,andar-2,0.440
2026-08-14T12:30,andar-2,0.426
2026-08-14T12:45,andar-2,0.518
2026-08-14T13:00,andar-2,0.417
2026-08-14T13:15,andar-2,0.404
2026-08-14T13:30,andar-2,0.409
2026-08-14T13:45,andar-2,0.467
2026-08-14T14:00,andar-2,0.512
2026-08-14T14:15,andar-2,0.408
2026-08-14T14:30,andar-2,0.422
2026-08-14T14:45,andar-2,0.389
2026-08-14T15:00,andar-2,0.462
2026-08-14T15:15,andar-2,0.413
2026-08-14T15:30,andar-2,0.481
2026-08-14T15:45,andar-2,0.435
2026-08-14T16:00,andar-2,0.465
2026-08-14T16:15,andar-2,0.473
2026-08-14T16:30,andar-2,0.401
2026-08-14T16:45,andar-2,0.479
2026-08-14T17:00,andar-2,0.469
2026-08-14T17:15,andar-2,0.440
2026-08-14T17:30,andar-2,0.498
2026-08-14T17:45,andar-2,0.466
2026-08-14T18:00,andar-2,0.368
2026-08-14T18:15,andar-2,0.340
2026-08-14T18:30,andar-2,0.380
2026-08-14T18:45,andar-2,0.357
2026-08-14T19:00,andar-2,0.393
2026-08-14T19:15,andar-2,0.330
2026-08-14T19:30,andar-2,0.419
2026-08-14T19:45,andar-2,0.348
2026-08-14T20:00,andar-2,0.329
2026-08-14T20:15,andar-2,0.363
2026-08-14T20:30,andar-2,0.376
2026-08-14T20:45,andar-2,0.350
2026-08-14T21:00,andar-2,0.097
2026-08-14T21:15,andar-2,0.110
2026-08-14T21:30,andar-2,0.123
2026-08-14T21:45,andar-2,0.104
2026-08-14T22:00,andar-2,0.120
2026-08-14T22:15,andar-2,0.120
2026-08-14T22:30,andar-2,0.122
2026-08-14T22:45,andar-2,0.135
2026-08-14T23:00,andar-2,0.118
2026-08-14T23:15,andar-2,0.139
2026-08-14T23:30,andar-2,0.116
2026-08-14T23:45,andar-2,0.115
2026-08-15T00:00,andar-2,0.036
2026-08-15T00:15,andar-2,0.034
2026-08-15T00:30,andar-2,0.036
2026-08-15T00:45,andar-2,0.035
2026-08-15T01:00,andar-2,0.033
2026-08-15T01:15,andar-2,0.041
2026-08-15T01:30,andar-2,0.032
2026-08-15T01:45,andar-2,0.034
2026-08-15T02:00,andar-2,0.039
2026-08-15T02:15,andar-2,0.036
2026-08-15T02:30,andar-2,0.034
2026-08-15T02:45,andar-2,0.035
2026-08-15T03:00,andar-2,0.040
2026-08-15T03:15,andar-2,0.036
2026-08-15T03:30,andar-2,0.036
2026-08-15T03:45,andar-2,0.041
2026-08-15T04:00,andar-2,0.039
2026-08-15T04:15,andar-2,0.037
2026-08-15T04:30,andar-2,0.036
2026-08-15T04:45,andar-2,0.041
2026-08-15T05:00,andar-2,0.034
2026-08-15T05:15,andar-2,0.038
2026-08-15T05:30,andar-2,0.033
2026-08-15T05:45,andar-2,0.034
2026-08-15T06:00,andar-2,0.112
2026-08-15T06:15,andar-2,0.116
2026-08-15T06:30,andar-2,0.105
2026-08-15T06:45,andar-2,0.114
2026-08-15T07:00,andar-2,0.119
2026-08-15T07:15,andar-2,0.115
2026-08-15T07:30,andar-2,0.118
2026-08-15T07:45,andar-2,0.110
2026-08-15T08:00,andar-2,0.126
2026-08-15T08:15,andar-2,0.102
2026-08-15T08:30,andar-2,0.107
2026-08-15T08:45,andar-2,0.105
2026-08-15T09:00,andar-2,0.198
2026-08-15T09:15,andar-2,0.226
2026-08-15T09:30,andar-2,0.185
2026-08-15T09:45,andar-2,0.201
2026-08-15T10:00,andar-2,0.201
2026-08-15T10:15,andar-2,0.213
2026-08-15T10:30,andar-2,0.181
2026-08-15T10:45,andar-2,0.225
2026-08-15T11:00,andar-2,0.221
2026-08-15T11:15,andar-2,0.173
2026-08-15T11:30,andar-2,0.177
2026-08-15T11:45,andar-2,0.208
2026-08-15T12:00,andar-2,0.224
2026-08-15T12:15,andar-2,0.208
2026-08-15T12:30,andar-2,0.219
2026-08-15T12:45,andar-2,0.204
2026-08-15T13:00,andar-2,0.189
2026-08-15T13:15,andar-2,0.206
2026-08-15T13:30,andar-2,0.185
2026-08-15T13:45,andar-2,0.200
2026-08-15T14:00,andar-2,0.198
2026-08-15T14:15,andar-2,0.197
2026-08-15T14:30,andar-2,0.220
2026-08-15T14:45,andar-2,0.200
2026-08-15T15:00,andar-2,0.203
2026-08-15T15:15,andar-2,0.217
2026-08-15T15:30,andar-2,0.197
2026-08-15T15:45,andar-2,0.207
2026-08-15T16:00,andar-2,0.219
2026-08-15T16:15,andar-2,0.223
2026-08-15T16:30,andar-2,0.248
2026-08-15T16:45,andar-2,0.209
2026-08-15T17:00,andar-2,0.227
2026-08-15T17:15,andar-2,0.195
2026-08-15T17:30,andar-2,0.189
2026-08-15T17:45,andar-2,0.192
2026-08-15T18:00,andar-2,0.167
2026-08-15T18:15,andar-2,0.158
2026-08-15T18:30,andar-2,0.149
2026-08-15T18:45,andar-2,0.150
2026-08-15T19:00,andar-2,0.157
2026-08-15T19:15,andar-2,0.166
2026-08-15T19:30,andar-2,0.162
2026-08-15T19:45,andar-2,0.158
2026-08-15T20:00,andar-2,0.154
2026-08-15T20:15,andar-2,0.183
2026-08-15T20:30,andar-2,0.144
2026-08-15T20:45,andar-2,0.151
2026-08-15T21:00,andar-2,0.056
2026-08-15T21:15,andar-2,0.050
2026-08-15T21:30,andar-2,0.054
2026-08-15T21:45,andar-2,0.058
2026-08-15T22:00,andar-2,0.051
2026-08-15T22:15,andar-2,0.052
2026-08-15T22:30,andar-2,0.053
2026-08-15T22:45,andar-2,0.051
2026-08-15T23:00,andar-2,0.056
2026-08-15T23:15,andar-2,0.056
2026-08-15T23:30,andar-2,0.054
2026-08-15T23:45,andar-2,0.055
2026-08-16T00:00,andar-2,0.030
2026-08-16T00:15,andar-2,0.033
2026-08-16T00:30,andar-2,0.037
2026-08-16T00:45,andar-2,0.035
2026-08-16T01:00,andar-2,0.034
2026-08-16T01:15,andar-2,0.034
2026-08-16T01:30,andar-2,0.035
2026-08-16T01:45,andar-2,0.041
2026-08-16T02:00,andar-2,0.034
2026-08-16T02:15,andar-2,0.037
2026-08-16T02:30,andar-2,0.038
2026-08-16T02:45,andar-2,0.035
2026-08-16T03:00,andar-2,0.038
2026-08-16T03:15,andar-2,0.037
2026-08-16T03:30,andar-2,0.038
2026-08-16T03:45,andar-2,0.036
2026-08-16T04:00,andar-2,0.039
2026-08-16T04:15,andar-2,0.036
2026-08-16T04:30,andar-2,0.033
2026-08-16T04:45,andar-2,0.030
2026-08-16T05:00,andar-2,0.038
2026-08-16T05:15,andar-2,0.037
2026-08-16T05:30,andar-2,0.036
2026-08-16T05:45,andar-2,0.040
2026-08-16T06:00,andar-2,0.127
2026-08-16T06:15,andar-2,0.116
2026-08-16T06:30,andar-2,0.107
2026-08-16T06:45,andar-2,0.121
2026-08-16T07:00,andar-2,0.112
2026-08-16T07:15,andar-2,0.103
2026-08-16T07:30,andar-2,0.100
2026-08-16T07:45,andar-2,0.111
2026-08-16T08:00,andar-2,0.112
2026-08-16T08:15,andar-2,0.091
2026-08-16T08:30,andar-2,0.113
2026-08-16T08:45,andar-2,0.134
2026-08-16T09:00,andar-2,0.197
2026-08-16T09:15,andar-2,0.210
2026-08-16T09:30,andar-2,0.194
2026-08-16T09:45,andar-2,0.209
2026-08-16T10:00,andar-2,0.168
2026-08-16T10:15,andar-2,0.225
2026-08-16T10:30,andar-2,0.200
2026-08-16T10:45,andar-2,0.194
2026-08-16T11:00,andar-2,0.197
2026-08-16T11:15,andar-2,0.200
2026-08-16T11:30,andar-2,0.193
2026-08-16T11:45,andar-2,0.203
2026-08-16T12:00,andar-2,0.187
2026-08-16T12:15,andar-2,0.213
2026-08-16T12:30,andar-2,0.192
2026-08-16T12:45,andar-2,0.214
2026-08-16T13:00,andar-2,0.187
2026-08-16T13:15,andar-2,0.222
2026-08-16T13:30,andar-2,0.231
2026-08-16T13:45,andar-2,0.232
2026-08-16T14:00,andar-2,0.209
2026-08-16T14:15,andar-2,0.189
2026-08-16T14:30,andar-2,0.210
2026-08-16T14:45,andar-2,0.191
2026-08-16T15:00,andar-2,0.224
2026-08-16T15:15,andar-2,0.196
2026-08-16T15:30,andar-2,0.205
2026-08-16T15:45,andar-2,0.209
2026-08-16T16:00,andar-2,0.192
2026-08-16T16:15,andar-2,0.208
2026-08-16T16:30,andar-2,0.220
2026-08-16T16:45,andar-2,0.196
2026-08-16T17:00,andar-2,0.197
2026-08-16T17:15,andar-2,0.179
2026-08-16T17:30,andar-2,0.207
2026-08-16T17:45,andar-2,0.213
2026-08-16T18:00,andar-2,0.168
2026-08-16T18:15,andar-2,0.144
2026-08-16T18:30,andar-2,0.141
2026-08-16T18:45,andar-2,0.167
2026-08-16T19:00,andar-2,0.169
2026-08-16T19:15,andar-2,0.188
2026-08-16T19:30,andar-2,0.165
2026-08-16T19:45,andar-2,0.188
2026-08-16T20:00,andar-2,0.147
2026-08-16T20:15,andar-2,0.157
2026-08-16T20:30,andar-2,0.154
2026-08-16T20:45,andar-2,0.156
2026-08-16T21:00,andar-2,0.052
2026-08-16T21:15,andar-2,0.055
2026-08-16T21:30,andar-2,0.058
2026-08-16T21:45,andar-2,0.056
2026-08-16T22:00,andar-2,0.055
2026-08-16T22:15,andar-2,0.057
2026-08-16T22:30,andar-2,0.054
2026-08-16T22:45,andar-2,0.055
2026-08-16T23:00,andar-2,0.060
2026-08-16T23:15,andar-2,0.057
2026-08-16T23:30,andar-2,0.069
2026-08-16T23:45,andar-2,0.054
2026-08-17T00:00,andar-2,0.084
2026-08-17T00:15,andar-2,0.084
2026-08-17T00:30,andar-2,0.077
2026-08-17T00:45,andar-2,0.087
2026-08-17T01:00,andar-2,0.082
2026-08-17T01:15,andar-2,0.079
2026-08-17T01:30,andar-2,0.079
2026-08-17T01:45,andar-2,0.062
2026-08-17T02:00,andar-2,0.072
2026-08-17T02:15,andar-2,0.070
2026-08-17T02:30,andar-2,0.078
2026-08-17T02:45,andar-2,0.082
2026-08-17T03:00,andar-2,0.067
2026-08-17T03:15,andar-2,0.077
2026-08-17T03:30,andar-2,0.077
2026-08-17T03:45,andar-2,0.082
2026-08-17T04:00,andar-2,0.090
2026-08-17T04:15,andar-2,0.085
2026-08-17T04:30,andar-2,0.073
2026-08-17T04:45,andar-2,0.085
2026-08-17T05:00,andar-2,0.089
2026-08-17T05:15,andar-2,0.082
2026-08-17T05:30,andar-2,0.074
2026-08-17T05:45,andar-2,0.080
2026-08-17T06:00,andar-2,0.247
2026-08-17T06:15,andar-2,0.236
2026-08-17T06:30,andar-2,0.261
2026-08-17T06:45,andar-2,0.229
2026-08-17T07:00,andar-2,0.231
2026-08-17T07:15,andar-2,0.261
2026-08-17T07:30,andar-2,0.219
2026-08-17T07:45,andar-2,0.248
2026-08-17T08:00,andar-2,0.222
2026-08-17T08:15,andar-2,0.292
2026-08-17T08:30,andar-2,0.221
2026-08-17T08:45,andar-2,0.213
2026-08-17T09:00,andar-2,0.489
2026-08-17T09:15,andar-2,0.484
2026-08-17T09:30,andar-2,0.426
2026-08-17T09:45,andar-2,0.492
2026-08-17T10:00,andar-2,0.465
2026-08-17T10:15,andar-2,0.461
2026-08-17T10:30,andar-2,0.402
2026-08-17T10:45,andar-2,0.441
2026-08-17T11:00,andar-2,0.457
2026-08-17T11:15,andar-2,0.495
2026-08-17T11:30,andar-2,0.478
2026-08-17T11:45,andar-2,0.432
2026-08-17T12:00,andar-2,0.490
2026-08-17T12:15,andar-2,0.445
2026-08-17T12:30,andar-2,0.442
2026-08-17T12:45,andar-2,0.547
2026-08-17T13:00,andar-2,0.437
2026-08-17T13:15,andar-2,0.436
2026-08-17T13:30,andar-2,0.464
2026-08-17T13:45,andar-2,0.472
2026-08-17T14:00,andar-2,0.508
2026-08-17T14:15,andar-2,0.400
2026-08-17T14:30,andar-2,0.430
2026-08-17T14:45,andar-2,0.475
2026-08-17T15:00,andar-2,0.458
2026-08-17T15:15,andar-2,0.438
2026-08-17T15:30,andar-2,0.433
2026-08-17T15:45,andar-2,0.454
2026-08-17T16:00,andar-2,0.511
2026-08-17T16:15,andar-2,0.460
2026-08-17T16:30,andar-2,0.512
2026-08-17T16:45,andar-2,0.514
2026-08-17T17:00,andar-2,0.440
2026-08-17T17:15,andar-2,0.433
2026-08-17T17:30,andar-2,0.417
2026-08-17T17:45,andar-2,0.506
2026-08-17T18:00,andar-2,0.394
2026-08-17T18:15,andar-2,0.327
2026-08-17T18:30,andar-2,0.391
2026-08-17T18:45,andar-2,0.362
2026-08-17T19:00,andar-2,0.330
2026-08-17T19:15,andar-2,0.339
2026-08-17T19:30,andar-2,0.360
2026-08-17T19:45,andar-2,0.361
2026-08-17T20:00,andar-2,0.333
2026-08-17T20:15,andar-2,0.363
2026-08-17T20:30,andar-2,0.339
2026-08-17T20:45,andar-2,0.342
2026-08-17T21:00,andar-2,0.117
2026-08-17T21:15,andar-2,0.109
2026-08-17T21:30,andar-2,0.129
2026-08-17T21:45,andar-2,0.130
2026-08-17T22:00,andar-2,0.126
2026-08-17T22:15,andar-2,0.106
2026-08-17T22:30,andar-2,0.109
2026-08-17T22:45,andar-2,0.118
2026-08-17T23:00,andar-2,0.136
2026-08-17T23:15,andar-2,0.112
2026-08-17T23:30,andar-2,0.114
2026-08-17T23:45,andar-2,0.123
2026-08-18T00:00,andar-2,0.081
2026-08-18T00:15,andar-2,0.090
2026-08-18T00:30,andar-2,0.085
2026-08-18T00:45,andar-2,0.072
2026-08-18T01:00,andar-2,0.073
2026-08-18T01:15,andar-2,0.092
2026-08-18T01:30,andar-2,0.081
2026-08-18T01:45,andar-2,0.077
2026-08-18T02:00,andar-2,0.080
2026-08-18T02:15,andar-2,0.078
2026-08-18T02:30,andar-2,0.076
2026-08-18T02:45,andar-2,0.094
2026-08-18T03:00,andar-2,0.074
2026-08-18T03:15,andar-2,0.072
2026-08-18T03:30,andar-2,0.088
2026-08-18T03:45,andar-2,0.075
2026-08-18T04:00,andar-2,0.082
2026-08-18T04:15,andar-2,0.081
2026-08-18T04:30,andar-2,0.082
2026-08-18T04:45,andar-2,0.072
2026-08-18T05:00,andar-2,0.079
2026-08-18T05:15,andar-2,0.087
2026-08-18T05:30,andar-2,0.080
2026-08-18T05:45,andar-2,0.071
2026-08-18T06:00,andar-2,0.232
2026-08-18T06:15,andar-2,0.248
2026-08-18T06:30,andar-2,0.263
2026-08-18T06:45,andar-2,0.231
2026-08-18T07:00,andar-2,0.292
2026-08-18T07:15,andar-2,0.269
2026-08-18T07:30,andar-2,0.237
2026-08-18T07:45,andar-2,0.217
2026-08-18T08:00,andar-2,0.269
2026-08-18T08:15,andar-2,0.268
2026-08-18T08:30,andar-2,0.259
2026-08-18T08:45,andar-2,0.256
2026-08-18T09:00,andar-2,0.483
2026-08-18T09:15,andar-2,0.486
2026-08-18T09:30,andar-2,0.434
2026-08-18T09:45,andar-2,0.430
2026-08-18T10:00,andar-2,0.434
2026-08-18T10:15,andar-2,0.448
2026-08-18T10:30,andar-2,0.384
2026-08-18T10:45,andar-2,0.481
2026-08-18T11:00,andar-2,0.398
2026-08-18T11:15,andar-2,0.450
2026-08-18T11:30,andar-2,0.380
2026-08-18T11:45,andar-2,0.367
2026-08-18T12:00,andar-2,0.427
2026-08-18T12:15,andar-2,0.464
2026-08-18T12:30,andar-2,0.417
2026-08-18T12:45,andar-2,0.477
2026-08-18T13:00,andar-2,0.425
2026-08-18T13:15,andar-2,0.433
2026-08-18T13:30,andar-2,0.433
2026-08-18T13:45,andar-2,0.400
2026-08-18T14:00,andar-2,0.504
2026-08-18T14:15,andar-2,0.485
2026-08-18T14:30,andar-2,0.429
2026-08-18T14:45,andar-2,0.486
2026-08-18T15:00,andar-2,0.439
2026-08-18T15:15,andar-2,0.426
2026-08-18T15:30,andar-2,0.450
2026-08-18T15:45,andar-2,0.443
2026-08-18T16:00,andar-2,0.481
2026-08-18T16:15,andar-2,0.450
2026-08-18T16:30,andar-2,0.411
2026-08-18T16:45,andar-2,0.476
2026-08-18T17:00,andar-2,0.466
2026-08-18T17:15,andar-2,0.433
2026-08-18T17:30,andar-2,0.410
2026-08-18T17:45,andar-2,0.432
2026-08-18T18:00,andar-2,0.371
2026-08-18T18:15,andar-2,0.389
2026-08-18T18:30,andar-2,0.396
2026-08-18T18:45,andar-2,0.370
2026-08-18T19:00,andar-2,0.331
2026-08-18T19:15,andar-2,0.333
2026-08-18T19:30,andar-2,0.352
2026-08-18T19:45,andar-2,0.323
2026-08-18T20:00,andar-2,0.328
2026-08-18T20:15,andar-2,0.356
2026-08-18T20:30,andar-2,0.410
2026-08-18T20:45,andar-2,0.375
2026-08-18T21:00,andar-2,0.120
2026-08-18T21:15,andar-2,0.116
2026-08-18T21:30,andar-2,0.128
2026-08-18T21:45,andar-2,0.122
2026-08-18T22:00,andar-2,0.115
2026-08-18T22:15,andar-2,0.106
2026-08-18T22:30,andar-2,0.116
2026-08-18T22:45,andar-2,0.116
2026-08-18T23:00,andar-2,0.135
2026-08-18T23:15,andar-2,0.128
2026-08-18T23:30,andar-2,0.132
2026-08-18T23:45,andar-2,0.121
2026-08-19T00:00,andar-2,0.091
2026-08-19T00:15,andar-2,0.084
2026-08-19T00:30,andar-2,0.078
2026-08-19T00:45,andar-2,0.081
2026-08-19T01:00,andar-2,0.079
2026-08-19T01:15,andar-2,0.079
2026-08-19T01:30,andar-2,0.087
2026-08-19T01:45,andar-2,0.084
2026-08-19T02:00,andar-2,0.083
2026-08-19T02:15,andar-2,0.072
2026-08-19T02:30,andar-2,0.074
2026-08-19T02:45,andar-2,0.081
2026-08-19T03:00,andar-2,0.075
2026-08-19T03:15,andar-2,0.074
2026-08-19T03:30,andar-2,0.074
2026-08-19T03:45,andar-2,0.069
2026-08-19T04:00,andar-2,0.075
2026-08-19T04:15,andar-2,0.079
2026-08-19T04:30,andar-2,0.073
2026-08-19T04:45,andar-2,0.081
2026-08-19T05:00,andar-2,0.066
2026-08-19T05:15,andar-2,0.074
2026-08-19T05:30,andar-2,0.086
2026-08-19T05:45,andar-2,0.083
2026-08-19T06:00,andar-2,0.231
2026-08-19T06:15,andar-2,0.237
2026-08-19T06:30,andar-2,0.265
2026-08-19T06:45,andar-2,0.220
2026-08-19T07:00,andar-2,0.266
2026-08-19T07:15,andar-2,0.265
2026-08-19T07:30,andar-2,0.259
2026-08-19T07:45,andar-2,0.198
2026-08-19T08:00,andar-2,0.249
2026-08-19T08:15,andar-2,0.242
2026-08-19T08:30,andar-2,0.251
2026-08-19T08:45,andar-2,0.285
2026-08-19T09:00,andar-2,0.447
2026-08-19T09:15,andar-2,0.474
2026-08-19T09:30,andar-2,0.432
2026-08-19T09:45,andar-2,0.452
2026-08-19T10:00,andar-2,0.421
2026-08-19T10:15,andar-2,0.504
2026-08-19T10:30,andar-2,0.388
2026-08-19T10:45,andar-2,0.439
2026-08-19T11:00,andar-2,0.431
2026-08-19T11:15,andar-2,0.446
2026-08-19T11:30,andar-2,0.428
2026-08-19T11:45,andar-2,0.412
2026-08-19T12:00,andar-2,0.476
2026-08-19T12:15,andar-2,0.525
2026-08-19T12:30,andar-2,0.430
2026-08-19T12:45,andar-2,0.429
2026-08-19T13:00,andar-2,0.463
2026-08-19T13:15,andar-2,0.440
2026-08-19T13:30,andar-2,0.414
2026-08-19T13:45,andar-2,0.502
2026-08-19T14:00,andar-2,0.509
2026-08-19T14:15,andar-2,0.424
2026-08-19T14:30,andar-2,0.408
2026-08-19T14:45,andar-2,0.454
2026-08-19T15:00,andar-2,0.418
2026-08-19T15:15,andar-2,0.471
2026-08-19T15:30,andar-2,0.446
2026-08-19T15:45,andar-2,0.453
2026-08-19T16:00,andar-2,0.424
2026-08-19T16:15,andar-2,0.424
2026-08-19T16:30,andar-2,0.426
2026-08-19T16:45,andar-2,0.402
2026-08-19T17:00,andar-2,0.434
2026-08-19T17:15,andar-2,0.449
2026-08-19T17:30,andar-2,0.451
2026-08-19T17:45,andar-2,0.444
2026-08-19T18:00,andar-2,0.370
2026-08-19T18:15,andar-2,0.364
2026-08-19T18:30,andar-2,0.359
2026-08-19T18:45,andar-2,0.298
2026-08-19T19:00,andar-2,0.357
2026-08-19T19:15,andar-2,0.364
2026-08-19T19:30,andar-2,0.308
2026-08-19T19:45,andar-2,0.310
2026-08-19T20:00,andar-2,0.337
2026-08-19T20:15,andar-2,0.358
2026-08-19T20:30,andar-2,0.334
2026-08-19T20:45,andar-2,0.362
2026-08-19T21:00,andar-2,0.110
2026-08-19T21:15,andar-2,0.134
2026-08-19T21:30,andar-2,0.127
2026-08-19T21:45,andar-2,0.119
2026-08-19T22:00,andar-2,0.121
2026-08-19T22:15,andar-2,0.122
2026-08-19T22:30,andar-2,0.106
2026-08-19T22:45,andar-2,0.131
2026-08-19T23:00,andar-2,0.128
2026-08-19T23:15,andar-2,0.131
2026-08-19T23:30,andar-2,0.123
2026-08-19T23:45,andar-2,0.121
2026-08-20T00:00,andar-2,0.086
2026-08-20T00:15,andar-2,0.083
2026-08-20T00:30,andar-2,0.072
2026-08-20T00:45,andar-2,0.080
2026-08-20T01:00,andar-2,0.071
2026-08-20T01:15,andar-2,0.085
2026-08-20T01:30,andar-2,0.094
2026-08-20T01:45,andar-2,0.075
2026-08-20T02:00,andar-2,0.075
2026-08-20T02:15,andar-2,0.084
2026-08-20T02:30,andar-2,0.081
2026-08-20T02:45,andar-2,0.074
2026-08-20T03:00,andar-2,0.081
2026-08-20T03:15,andar-2,0.073
2026-08-20T03:30,andar-2,0.082
2026-08-20T03:45,andar-2,0.071
2026-08-20T04:00,andar-2,0.089
2026-08-20T04:15,andar-2,0.074
2026-08-20T04:30,andar-2,0.091
2026-08-20T04:45,andar-2,0.082
2026-08-20T05:00,andar-2,0.091
2026-08-20T05:15,andar-2,0.081
2026-08-20T05:30,andar-2,0.083
2026-08-20T05:45,andar-2,0.080
2026-08-20T06:00,andar-2,0.199
2026-08-20T06:15,andar-2,0.212
2026-08-20T06:30,andar-2,0.262
2026-08-20T06:45,andar-2,0.224
2026-08-20T07:00,andar-2,0.229
2026-08-20T07:15,andar-2,0.261
2026-08-20T07:30,andar-2,0.257
2026-08-20T07:45,andar-2,0.252
2026-08-20T08:00,andar-2,0.258
2026-08-20T08:15,andar-2,0.249
2026-08-20T08:30,andar-2,0.258
2026-08-20T08:45,andar-2,0.242
2026-08-20T09:00,andar-2,0.483
2026-08-20T09:15,andar-2,0.357
2026-08-20T09:30,andar-2,0.498
2026-08-20T09:45,andar-2,0.418
2026-08-20T10:00,andar-2,0.412
2026-08-20T10:15,andar-2,0.472
2026-08-20T10:30,andar-2,0.437
2026-08-20T10:45,andar-2,0.389
2026-08-20T11:00,andar-2,0.428
2026-08-20T11:15,andar-2,0.431
2026-08-20T11:30,andar-2,0.430
2026-08-20T11:45,andar-2,0.452
2026-08-20T12:00,andar-2,0.440
2026-08-20T12:15,andar-2,0.443
2026-08-20T12:30,andar-2,0.433
2026-08-20T12:45,andar-2,0.326
2026-08-20T13:00,andar-2,0.449
2026-08-20T13:15,andar-2,0.455
2026-08-20T13:30,andar-2,0.414
2026-08-20T13:45,andar-2,0.441
2026-08-20T14:00,andar-2,0.432
2026-08-20T14:15,andar-2,0.449
2026-08-20T14:30,andar-2,0.474
2026-08-20T14:45,andar-2,0.371
2026-08-20T15:00,andar-2,0.473
2026-08-20T15:15,andar-2,0.432
2026-08-20T15:30,andar-2,0.468
2026-08-20T15:45,andar-2,0.399
2026-08-20T16:00,andar-2,0.393
2026-08-20T16:15,andar-2,0.447
2026-08-20T16:30,andar-2,0.383
2026-08-20T16:45,andar-2,0.400
2026-08-20T17:00,andar-2,0.480
2026-08-20T17:15,andar-2,0.435
2026-08-20T17:30,andar-2,0.478
2026-08-20T17:45,andar-2,0.470
2026-08-20T18:00,andar-2,0.363
2026-08-20T18:15,andar-2,0.342
2026-08-20T18:30,andar-2,0.354
2026-08-20T18:45,andar-2,0.350
2026-08-20T19:00,andar-2,0.322
2026-08-20T19:15,andar-2,0.375
2026-08-20T19:30,andar-2,0.358
2026-08-20T19:45,andar-2,0.347
2026-08-20T20:00,andar-2,0.358
2026-08-20T20:15,andar-2,0.310
2026-08-20T20:30,andar-2,0.293
2026-08-20T20:45,andar-2,0.358
2026-08-20T21:00,andar-2,0.120
2026-08-20T21:15,andar-2,0.140
2026-08-20T21:30,andar-2,0.113
2026-08-20T21:45,andar-2,0.117
2026-08-20T22:00,andar-2,0.114
2026-08-20T22:15,andar-2,0.128
2026-08-20T22:30,andar-2,0.111
2026-08-20T22:45,andar-2,0.105
2026-08-20T23:00,andar-2,0.108
2026-08-20T23:15,andar-2,0.130
2026-08-20T23:30,andar-2,0.110
2026-08-20T23:45,andar-2,0.118
2026-08-21T00:00,andar-2,0.083
2026-08-21T00:15,andar-2,0.075
2026-08-21T00:30,andar-2,0.083
2026-08-21T00:45,andar-2,0.083
2026-08-21T01:00,andar-2,0.070
2026-08-21T01:15,andar-2,0.091
2026-08-21T01:30,andar-2,0.079
2026-08-21T01:45,andar-2,0.078
2026-08-21T02:00,andar-2,0.088
2026-08-21T02:15,andar-2,0.079
2026-08-21T02:30,andar-2,0.083
2026-08-21T02:45,andar-2,0.083
2026-08-21T03:00,andar-2,0.075
2026-08-21T03:15,andar-2,0.081
2026-08-21T03:30,andar-2,0.081
2026-08-21T03:45,andar-2,0.076
2026-08-21T04:00,andar-2,0.074
2026-08-21T04:15,andar-2,0.083
2026-08-21T04:30,andar-2,0.080
2026-08-21T04:45,andar-2,0.081
2026-08-21T05:00,andar-2,0.087
2026-08-21T05:15,andar-2,0.081
2026-08-21T05:30,andar-2,0.083
2026-08-21T05:45,andar-2,0.079
2026-08-21T06:00,andar-2,0.262
2026-08-21T06:15,andar-2,0.234
2026-08-21T06:30,andar-2,0.269
2026-08-21T06:45,andar-2,0.259
2026-08-21T07:00,andar-2,0.231
2026-08-21T07:15,andar-2,0.206
2026-08-21T07:30,andar-2,0.238
2026-08-21T07:45,andar-2,0.229
2026-08-21T08:00,andar-2,0.285
2026-08-21T08:15,andar-2,0.256
2026-08-21T08:30,andar-2,0.256
2026-08-21T08:45,andar-2,0.242
2026-08-21T09:00,andar-2,0.432
2026-08-21T09:15,andar-2,0.384
2026-08-21T09:30,andar-2,0.483
2026-08-21T09:45,andar-2,0.527
2026-08-21T10:00,andar-2,0.530
2026-08-21T10:15,andar-2,0.447
2026-08-21T10:30,andar-2,0.462
2026-08-21T10:45,andar-2,0.459
2026-08-21T11:00,andar-2,0.456
2026-08-21T11:15,andar-2,0.442
2026-08-21T11:30,andar-2,0.405
2026-08-21T11:45,andar-2,0.446
2026-08-21T12:00,andar-2,0.456
2026-08-21T12:15,andar-2,0.439
2026-08-21T12:30,andar-2,0.497
2026-08-21T12:45,andar-2,0.444
2026-08-21T13:00,andar-2,0.425
2026-08-21T13:15,andar-2,0.444
2026-08-21T13:30,andar-2,0.504
2026-08-21T13:45,andar-2,0.359
2026-08-21T14:00,andar-2,0.418
2026-08-21T14:15,andar-2,0.446
2026-08-21T14:30,andar-2,0.458
2026-08-21T14:45,andar-2,0.424
2026-08-21T15:00,andar-2,0.500
2026-08-21T15:15,andar-2,0.438
2026-08-21T15:30,andar-2,0.426
2026-08-21T15:45,andar-2,0.435
2026-08-21T16:00,andar-2,0.429
2026-08-21T16:15,andar-2,0.403
2026-08-21T16:30,andar-2,0.489
2026-08-21T16:45,andar-2,0.439
2026-08-21T17:00,andar-2,0.425
2026-08-21T17:15,andar-2,0.423
2026-08-21T17:30,andar-2,0.486
2026-08-21T17:45,andar-2,0.477
2026-08-21T18:00,andar-2,0.354
2026-08-21T18:15,andar-2,0.331
2026-08-21T18:30,andar-2,0.353
2026-08-21T18:45,andar-2,0.365
2026-08-21T19:00,andar-2,0.384
2026-08-21T19:15,andar-2,0.364
2026-08-21T19:30,andar-2,0.354
2026-08-21T19:45,andar-2,0.316
2026-08-21T20:00,andar-2,0.337
2026-08-21T20:15,andar-2,0.341
2026-08-21T20:30,andar-2,0.334
2026-08-21T20:45,andar-2,0.315
2026-08-21T21:00,andar-2,0.124
2026-08-21T21:15,andar-2,0.135
2026-08-21T21:30,andar-2,0.116
2026-08-21T21:45,andar-2,0.127
2026-08-21T22:00,andar-2,0.113
2026-08-21T22:15,andar-2,0.145
2026-08-21T22:30,andar-2,0.123
2026-08-21T22:45,andar-2,0.137
2026-08-21T23:00,andar-2,0.122
2026-08-21T23:15,andar-2,0.111
2026-08-21T23:30,andar-2,0.126
2026-08-21T23:45,andar-2,0.107
2026-08-22T00:00,andar-2,0.037
2026-08-22T00:15,andar-2,0.032
2026-08-22T00:30,andar-2,0.035
2026-08-22T00:45,andar-2,0.034
2026-08-22T01:00,andar-2,0.032
2026-08-22T01:15,andar-2,0.036
2026-08-22T01:30,andar-2,0.034
2026-08-22T01:45,andar-2,0.034
2026-08-22T02:00,andar-2,0.036
2026-08-22T02:15,andar-2,0.035
2026-08-22T02:30,andar-2,0.035
2026-08-22T02:45,andar-2,0.035
2026-08-22T03:00,andar-2,0.035
2026-08-22T03:15,andar-2,0.040
2026-08-22T03:30,andar-2,0.042
2026-08-22T03:45,andar-2,0.036
2026-08-22T04:00,andar-2,0.035
2026-08-22T04:15,andar-2,0.033
2026-08-22T04:30,andar-2,0.038
2026-08-22T04:45,andar-2,0.036
2026-08-22T05:00,andar-2,0.039
2026-08-22T05:15,andar-2,0.040
2026-08-22T05:30,andar-2,0.041
2026-08-22T05:45,andar-2,0.039
2026-08-22T06:00,andar-2,0.097
2026-08-22T06:15,andar-2,0.111
2026-08-22T06:30,andar-2,0.098
2026-08-22T06:45,andar-2,0.106
2026-08-22T07:00,andar-2,0.103
2026-08-22T07:15,andar-2,0.118
2026-08-22T07:30,andar-2,0.115
2026-08-22T07:45,andar-2,0.120
2026-08-22T08:00,andar-2,0.116
2026-08-22T08:15,andar-2,0.123
2026-08-22T08:30,andar-2,0.107
2026-08-22T08:45,andar-2,0.110
2026-08-22T09:00,andar-2,0.206
2026-08-22T09:15,andar-2,0.201
2026-08-22T09:30,andar-2,0.199
2026-08-22T09:45,andar-2,0.207
2026-08-22T10:00,andar-2,0.216
2026-08-22T10:15,andar-2,0.212
2026-08-22T10:30,andar-2,0.191
2026-08-22T10:45,andar-2,0.191
2026-08-22T11:00,andar-2,0.206
2026-08-22T11:15,andar-2,0.208
2026-08-22T11:30,andar-2,0.218
2026-08-22T11:45,andar-2,0.222
2026-08-22T12:00,andar-2,0.214
2026-08-22T12:15,andar-2,0.196
2026-08-22T12:30,andar-2,0.206
2026-08-22T12:45,andar-2,0.203
2026-08-22T13:00,andar-2,0.194
2026-08-22T13:15,andar-2,0.205
2026-08-22T13:30,andar-2,0.213
2026-08-22T13:45,andar-2,0.226
2026-08-22T14:00,andar-2,0.198
2026-08-22T14:15,andar-2,0.203
2026-08-22T14:30,andar-2,0.190
2026-08-22T14:45,andar-2,0.187
2026-08-22T15:00,andar-2,0.234
2026-08-22T15:15,andar-2,0.234
2026-08-22T15:30,andar-2,0.201
2026-08-22T15:45,andar-2,0.182
2026-08-22T16:00,andar-2,0.209
2026-08-22T16:15,andar-2,0.193
2026-08-22T16:30,andar-2,0.192
2026-08-22T16:45,andar-2,0.205
2026-08-22T17:00,andar-2,0.202
2026-08-22T17:15,andar-2,0.181
2026-08-22T17:30,andar-2,0.217
2026-08-22T17:45,andar-2,0.185
2026-08-22T18:00,andar-2,0.161
2026-08-22T18:15,andar-2,0.166
2026-08-22T18:30,andar-2,0.150
2026-08-22T18:45,andar-2,0.153
2026-08-22T19:00,andar-2,0.149
2026-08-22T19:15,andar-2,0.154
2026-08-22T19:30,andar-2,0.174
2026-08-22T19:45,andar-2,0.170
2026-08-22T20:00,andar-2,0.146
2026-08-22T20:15,andar-2,0.143
2026-08-22T20:30,andar-2,0.164
2026-08-22T20:45,andar-2,0.166
2026-08-22T21:00,andar-2,0.054
2026-08-22T21:15,andar-2,0.056
2026-08-22T21:30,andar-2,0.056
2026-08-22T21:45,andar-2,0.056
2026-08-22T22:00,andar-2,0.055
2026-08-22T22:15,andar-2,0.050
2026-08-22T22:30,andar-2,0.056
2026-08-22T22:45,andar-2,0.051
2026-08-22T23:00,andar-2,0.052
2026-08-22T23:15,andar-2,0.061
2026-08-22T23:30,andar-2,0.060
2026-08-22T23:45,andar-2,0.060
2026-08-23T00:00,andar-2,0.036
2026-08-23T00:15,andar-2,0.046
2026-08-23T00:30,andar-2,0.033
2026-08-23T00:45,andar-2,0.037
2026-08-23T01:00,andar-2,0.032
2026-08-23T01:15,andar-2,0.034
2026-08-23T01:30,andar-2,0.030
2026-08-23T01:45,andar-2,0.035
2026-08-23T02:00,andar-2,0.034
2026-08-23T02:15,andar-2,0.036
2026-08-23T02:30,andar-2,0.032
2026-08-23T02:45,andar-2,0.035
2026-08-23T03:00,andar-2,0.040
2026-08-23T03:15,andar-2,0.034
2026-08-23T03:30,andar-2,0.032
2026-08-23T03:45,andar-2,0.037
2026-08-23T04:00,andar-2,0.040
2026-08-23T04:15,andar-2,0.031
2026-08-23T04:30,andar-2,0.038
2026-08-23T04:45,andar-2,0.035
2026-08-23T05:00,andar-2,0.035
2026-08-23T05:15,andar-2,0.037
2026-08-23T05:30,andar-2,0.040
2026-08-23T05:45,andar-2,0.036
2026-08-23T06:00,andar-2,0.117
2026-08-23T06:15,andar-2,0.130
2026-08-23T06:30,andar-2,0.122
2026-08-23T06:45,andar-2,0.125
2026-08-23T07:00,andar-2,0.106
2026-08-23T07:15,andar-2,0.091
2026-08-23T07:30,andar-2,0.111
2026-08-23T07:45,andar-2,0.116
2026-08-23T08:00,andar-2,0.098
2026-08-23T08:15,andar-2,0.109
2026-08-23T08:30,andar-2,0.120
2026-08-23T08:45,andar-2,0.131
2026-08-23T09:00,andar-2,0.175
2026-08-23T09:15,andar-2,0.186
2026-08-23T09:30,andar-2,0.213
2026-08-23T09:45,andar-2,0.206
2026-08-23T10:00,andar-2,0.185
2026-08-23T10:15,andar-2,0.201
2026-08-23T10:30,andar-2,0.226
2026-08-23T10:45,andar-2,0.190
2026-08-23T11:00,andar-2,0.218
2026-08-23T11:15,andar-2,0.183
2026-08-23T11:30,andar-2,0.205
2026-08-23T11:45,andar-2,0.210
2026-08-23T12:00,andar-2,0.222
2026-08-23T12:15,andar-2,0.214
2026-08-23T12:30,andar-2,0.190
2026-08-23T12:45,andar-2,0.148
2026-08-23T13:00,andar-2,0.176
2026-08-23T13:15,andar-2,0.207
2026-08-23T13:30,andar-2,0.181
2026-08-23T13:45,andar-2,0.233
2026-08-23T14:00,andar-2,0.207
2026-08-23T14:15,andar-2,0.200
2026-08-23T14:30,andar-2,0.203
2026-08-23T14:45,andar-2,0.189
2026-08-23T15:00,andar-2,0.205
2026-08-23T15:15,andar-2,0.213
2026-08-23T15:30,andar-2,0.233
2026-08-23T15:45,andar-2,0.166
2026-08-23T16:00,andar-2,0.217
2026-08-23T16:15,andar-2,0.191
2026-08-23T16:30,andar-2,0.206
2026-08-23T16:45,andar-2,0.178
2026-08-23T17:00,andar-2,0.210
2026-08-23T17:15,andar-2,0.190
2026-08-23T17:30,andar-2,0.190
2026-08-23T17:45,andar-2,0.218
2026-08-23T18:00,andar-2,0.152
2026-08-23T18:15,andar-2,0.149
2026-08-23T18:30,andar-2,0.162
2026-08-23T18:45,andar-2,0.153
2026-08-23T19:00,andar-2,0.163
2026-08-23T19:15,andar-2,0.165
2026-08-23T19:30,andar-2,0.149
2026-08-23T19:45,andar-2,0.136
2026-08-23T20:00,andar-2,0.162
2026-08-23T20:15,andar-2,0.150
2026-08-23T20:30,andar-2,0.159
2026-08-23T20:45,andar-2,0.172
2026-08-23T21:00,andar-2,0.057
2026-08-23T21:15,andar-2,0.060
2026-08-23T21:30,andar-2,0.054
2026-08-23T21:45,andar-2,0.054
2026-08-23T22:00,andar-2,0.051
2026-08-23T22:15,andar-2,0.051
2026-08-23T22:30,andar-2,0.054
2026-08-23T22:45,andar-2,0.060
2026-08-23T23:00,andar-2,0.052
2026-08-23T23:15,andar-2,0.055
2026-08-23T23:30,andar-2,0.054
2026-08-23T23:45,andar-2,0.053
2026-08-24T00:00,andar-2,0.073
2026-08-24T00:15,andar-2,0.075
2026-08-24T00:30,andar-2,0.082
2026-08-24T00:45,andar-2,0.082
2026-08-24T01:00,andar-2,0.086
2026-08-24T01:15,andar-2,0.081
2026-08-24T01:30,andar-2,0.088
2026-08-24T01:45,andar-2,0.083
2026-08-24T02:00,andar-2,0.083
2026-08-24T02:15,andar-2,0.082
2026-08-24T02:30,andar-2,0.075
2026-08-24T02:45,andar-2,0.087
2026-08-24T03:00,andar-2,0.076
2026-08-24T03:15,andar-2,0.091
2026-08-24T03:30,andar-2,0.084
2026-08-24T03:45,andar-2,0.070
2026-08-24T04:00,andar-2,0.065
2026-08-24T04:15,andar-2,0.092
2026-08-24T04:30,andar-2,0.072
2026-08-24T04:45,andar-2,0.076
2026-08-24T05:00,andar-2,0.077
2026-08-24T05:15,andar-2,0.084
2026-08-24T05:30,andar-2,0.089
2026-08-24T05:45,andar-2,0.074
2026-08-24T06:00,andar-2,0.252
2026-08-24T06:15,andar-2,0.293
2026-08-24T06:30,andar-2,0.290
2026-08-24T06:45,andar-2,0.276
2026-08-24T07:00,andar-2,0.263
2026-08-24T07:15,andar-2,0.235
2026-08-24T07:30,andar-2,0.226
2026-08-24T07:45,andar-2,0.254
2026-08-24T08:00,andar-2,0.270
2026-08-24T08:15,andar-2,0.259
2026-08-24T08:30,andar-2,0.215
2026-08-24T08:45,andar-2,0.273
2026-08-24T09:00,andar-2,0.436
2026-08-24T09:15,andar-2,0.438
2026-08-24T09:30,andar-2,0.407
2026-08-24T09:45,andar-2,0.424
2026-08-24T10:00,andar-2,0.431
2026-08-24T10:15,andar-2,0.463
2026-08-24T10:30,andar-2,0.478
2026-08-24T10:45,andar-2,0.458
2026-08-24T11:00,andar-2,0.467
2026-08-24T11:15,andar-2,0.460
2026-08-24T11:30,andar-2,0.419
2026-08-24T11:45,andar-2,0.429
2026-08-24T12:00,andar-2,0.506
2026-08-24T12:15,andar-2,0.462
2026-08-24T12:30,andar-2,0.456
2026-08-24T12:45,andar-2,0.391
2026-08-24T13:00,andar-2,0.420
2026-08-24T13:15,andar-2,0.375
2026-08-24T13:30,andar-2,0.460
2026-08-24T13:45,andar-2,0.456
2026-08-24T14:00,andar-2,0.451
2026-08-24T14:15,andar-2,0.455
2026-08-24T14:30,andar-2,0.433
2026-08-24T14:45,andar-2,0.408
2026-08-24T15:00,andar-2,0.453
2026-08-24T15:15,andar-2,0.413
2026-08-24T15:30,andar-2,0.454
2026-08-24T15:45,andar-2,0.427
2026-08-24T16:00,andar-2,0.432
2026-08-24T16:15,andar-2,0.538
2026-08-24T16:30,andar-2,0.390
2026-08-24T16:45,andar-2,0.515
2026-08-24T17:00,andar-2,0.400
2026-08-24T17:15,andar-2,0.418
2026-08-24T17:30,andar-2,0.478
2026-08-24T17:45,andar-2,0.481
2026-08-24T18:00,andar-2,0.351
2026-08-24T18:15,andar-2,0.370
2026-08-24T18:30,andar-2,0.320
2026-08-24T18:45,andar-2,0.347
2026-08-24T19:00,andar-2,0.274
2026-08-24T19:15,andar-2,0.317
2026-08-24T19:30,andar-2,0.394
2026-08-24T19:45,andar-2,0.390
2026-08-24T20:00,andar-2,0.384
2026-08-24T20:15,andar-2,0.352
2026-08-24T20:30,andar-2,0.356
2026-08-24T20:45,andar-2,0.337
2026-08-24T21:00,andar-2,0.126
2026-08-24T21:15,andar-2,0.114
2026-08-24T21:30,andar-2,0.089
2026-08-24T21:45,andar-2,0.118
2026-08-24T22:00,andar-2,0.118
2026-08-24T22:15,andar-2,0.118
2026-08-24T22:30,andar-2,0.111
2026-08-24T22:45,andar-2,0.113
2026-08-24T23:00,andar-2,0.111
2026-08-24T23:15,andar-2,0.137
2026-08-24T23:30,andar-2,0.128
2026-08-24T23:45,andar-2,0.116
2026-08-25T00:00,andar-2,0.072
2026-08-25T00:15,andar-2,0.078
2026-08-25T00:30,andar-2,0.070
2026-08-25T00:45,andar-2,0.084
2026-08-25T01:00,andar-2,0.073
2026-08-25T01:15,andar-2,0.081
2026-08-25T01:30,andar-2,0.071
2026-08-25T01:45,andar-2,0.084
2026-08-25T02:00,andar-2,0.075
2026-08-25T02:15,andar-2,0.081
2026-08-25T02:30,andar-2,0.089
2026-08-25T02:45,andar-2,0.066
2026-08-25T03:00,andar-2,0.079
2026-08-25T03:15,andar-2,0.080
2026-08-25T03:30,andar-2,0.082
2026-08-25T03:45,andar-2,0.081
2026-08-25T04:00,andar-2,0.072
2026-08-25T04:15,andar-2,0.076
2026-08-25T04:30,andar-2,0.084
2026-08-25T04:45,andar-2,0.077
2026-08-25T05:00,andar-2,0.089
2026-08-25T05:15,andar-2,0.081
2026-08-25T05:30,andar-2,0.076
2026-08-25T05:45,andar-2,0.073
2026-08-25T06:00,andar-2,0.227
2026-08-25T06:15,andar-2,0.277
2026-08-25T06:30,andar-2,0.277
2026-08-25T06:45,andar-2,0.215
2026-08-25T07:00,andar-2,0.236
2026-08-25T07:15,andar-2,0.294
2026-08-25T07:30,andar-2,0.233
2026-08-25T07:45,andar-2,0.285
2026-08-25T08:00,andar-2,0.253
2026-08-25T08:15,andar-2,0.237
2026-08-25T08:30,andar-2,0.264
2026-08-25T08:45,andar-2,0.224
2026-08-25T09:00,andar-2,0.445
2026-08-25T09:15,andar-2,0.498
2026-08-25T09:30,andar-2,0.500
2026-08-25T09:45,andar-2,0.502
2026-08-25T10:00,andar-2,0.448
2026-08-25T10:15,andar-2,0.446
2026-08-25T10:30,andar-2,0.418
2026-08-25T10:45,andar-2,0.441
2026-08-25T11:00,andar-2,0.386
2026-08-25T11:15,andar-2,0.488
2026-08-25T11:30,andar-2,0.430
2026-08-25T11:45,andar-2,0.500
2026-08-25T12:00,andar-2,0.474
2026-08-25T12:15,andar-2,0.419
2026-08-25T12:30,andar-2,0.465
2026-08-25T12:45,andar-2,0.453
2026-08-25T13:00,andar-2,0.429
2026-08-25T13:15,andar-2,0.440
2026-08-25T13:30,andar-2,0.459
2026-08-25T13:45,andar-2,0.501
2026-08-25T14:00,andar-2,0.484
2026-08-25T14:15,andar-2,0.423
2026-08-25T14:30,andar-2,0.475
2026-08-25T14:45,andar-2,0.446
2026-08-25T15:00,andar-2,0.386
2026-08-25T15:15,andar-2,0.441
2026-08-25T15:30,andar-2,0.398
2026-08-25T15:45,andar-2,0.504
2026-08-25T16:00,andar-2,0.476
2026-08-25T16:15,andar-2,0.465
2026-08-25T16:30,andar-2,0.427
2026-08-25T16:45,andar-2,0.490
2026-08-25T17:00,andar-2,0.447
2026-08-25T17:15,andar-2,0.499
2026-08-25T17:30,andar-2,0.407
2026-08-25T17:45,andar-2,0.493
2026-08-25T18:00,andar-2,0.350
2026-08-25T18:15,andar-2,0.353
2026-08-25T18:30,andar-2,0.392
2026-08-25T18:45,andar-2,0.384
2026-08-25T19:00,andar-2,0.368
2026-08-25T19:15,andar-2,0.315
2026-08-25T19:30,andar-2,0.380
2026-08-25T19:45,andar-2,0.303
2026-08-25T20:00,andar-2,0.338
2026-08-25T20:15,andar-2,0.376
2026-08-25T20:30,andar-2,0.339
2026-08-25T20:45,andar-2,0.435
2026-08-25T21:00,andar-2,0.119
2026-08-25T21:15,andar-2,0.130
2026-08-25T21:30,andar-2,0.105
2026-08-25T21:45,andar-2,0.127
2026-08-25T22:00,andar-2,0.130
2026-08-25T22:15,andar-2,0.124
2026-08-25T22:30,andar-2,0.113
2026-08-25T22:45,andar-2,0.118
2026-08-25T23:00,andar-2,0.109
2026-08-25T23:15,andar-2,0.133
2026-08-25T23:30,andar-2,0.109
2026-08-25T23:45,andar-2,0.120
2026-08-26T00:00,andar-2,0.084
2026-08-26T00:15,andar-2,0.094
2026-08-26T00:30,andar-2,0.077
2026-08-26T00:45,andar-2,0.065
2026-08-26T01:00,andar-2,0.091
2026-08-26T01:15,andar-2,0.083
2026-08-26T01:30,andar-2,0.085
2026-08-26T01:45,andar-2,0.080
2026-08-26T02:00,andar-2,0.080
2026-08-26T02:15,andar-2,0.077
2026-08-26T02:30,andar-2,0.075
2026-08-26T02:45,andar-2,0.069
2026-08-26T03:00,andar-2,0.083
2026-08-26T03:15,andar-2,0.075
2026-08-26T03:30,andar-2,0.085
2026-08-26T03:45,andar-2,0.080
2026-08-26T04:00,andar-2,0.075
2026-08-26T04:15,andar-2,0.077
2026-08-26T04:30,andar-2,0.075
2026-08-26T04:45,andar-2,0.078
2026-08-26T05:00,andar-2,0.079
2026-08-26T05:15,andar-2,0.072
2026-08-26T05:30,andar-2,0.080
2026-08-26T05:45,andar-2,0.087
2026-08-26T06:00,andar-2,0.256
2026-08-26T06:15,andar-2,0.261
2026-08-26T06:30,andar-2,0.291
2026-08-26T06:45,andar-2,0.244
2026-08-26T07:00,andar-2,0.235
2026-08-26T07:15,andar-2,0.266
2026-08-26T07:30,andar-2,0.234
2026-08-26T07:45,andar-2,0.222
2026-08-26T08:00,andar-2,0.240
2026-08-26T08:15,andar-2,0.239
2026-08-26T08:30,andar-2,0.252
2026-08-26T08:45,andar-2,0.265
2026-08-26T09:00,andar-2,0.471
2026-08-26T09:15,andar-2,0.434
2026-08-26T09:30,andar-2,0.458
2026-08-26T09:45,andar-2,0.437
2026-08-26T10:00,andar-2,0.450
2026-08-26T10:15,andar-2,0.426
2026-08-26T10:30,andar-2,0.461
2026-08-26T10:45,andar-2,0.442
2026-08-26T11:00,andar-2,0.368
2026-08-26T11:15,andar-2,0.390
2026-08-26T11:30,andar-2,0.432
2026-08-26T11:45,andar-2,0.399
2026-08-26T12:00,andar-2,0.457
2026-08-26T12:15,andar-2,0.482
2026-08-26T12:30,andar-2,0.414
2026-08-26T12:45,andar-2,0.487
2026-08-26T13:00,andar-2,0.456
2026-08-26T13:15,andar-2,0.426
2026-08-26T13:30,andar-2,0.441
2026-08-26T13:45,andar-2,0.418
2026-08-26T14:00,andar-2,0.391
2026-08-26T14:15,andar-2,0.450
2026-08-26T14:30,andar-2,0.456
2026-08-26T14:45,andar-2,0.492
2026-08-26T15:00,andar-2,0.475
2026-08-26T15:15,andar-2,0.415
2026-08-26T15:30,andar-2,0.449
2026-08-26T15:45,andar-2,0.494
2026-08-26T16:00,andar-2,0.458
2026-08-26T16:15,andar-2,0.469
2026-08-26T16:30,andar-2,0.557
2026-08-26T16:45,andar-2,0.507
2026-08-26T17:00,andar-2,0.434
2026-08-26T17:15,andar-2,0.404
2026-08-26T17:30,andar-2,0.442
2026-08-26T17:45,andar-2,0.426
2026-08-26T18:00,andar-2,0.318
2026-08-26T18:15,andar-2,0.372
2026-08-26T18:30,andar-2,0.348
2026-08-26T18:45,andar-2,0.417
2026-08-26T19:00,andar-2,0.352
2026-08-26T19:15,andar-2,0.298
2026-08-26T19:30,andar-2,0.354
2026-08-26T19:45,andar-2,0.392
2026-08-26T20:00,andar-2,0.348
2026-08-26T20:15,andar-2,0.345
2026-08-26T20:30,andar-2,0.366
2026-08-26T20:45,andar-2,0.328
2026-08-26T21:00,andar-2,0.129
2026-08-26T21:15,andar-2,0.107
2026-08-26T21:30,andar-2,0.141
2026-08-26T21:45,andar-2,0.101
2026-08-26T22:00,andar-2,0.108
2026-08-26T22:15,andar-2,0.141
2026-08-26T22:30,andar-2,0.117
2026-08-26T22:45,andar-2,0.119
2026-08-26T23:00,andar-2,0.121
2026-08-26T23:15,andar-2,0.128
2026-08-26T23:30,andar-2,0.115
2026-08-26T23:45,andar-2,0.123
2026-08-27T00:00,andar-2,0.067
2026-08-27T00:15,andar-2,0.082
2026-08-27T00:30,andar-2,0.076
2026-08-27T00:45,andar-2,0.074
2026-08-27T01:00,andar-2,0.068
2026-08-27T01:15,andar-2,0.077
2026-08-27T01:30,andar-2,0.076
2026-08-27T01:45,andar-2,0.086
2026-08-27T02:00,andar-2,0.087
2026-08-27T02:15,andar-2,0.068
2026-08-27T02:30,andar-2,0.070
2026-08-27T02:45,andar-2,0.080
2026-08-27T03:00,andar-2,0.084
2026-08-27T03:15,andar-2,0.075
2026-08-27T03:30,andar-2,0.079
2026-08-27T03:45,andar-2,0.071
2026-08-27T04:00,andar-2,0.081
2026-08-27T04:15,andar-2,0.080
2026-08-27T04:30,andar-2,0.085
2026-08-27T04:45,andar-2,0.070
2026-08-27T05:00,andar-2,0.080
2026-08-27T05:15,andar-2,0.068
2026-08-27T05:30,andar-2,0.085
2026-08-27T05:45,andar-2,0.076
2026-08-27T06:00,andar-2,0.238
2026-08-27T06:15,andar-2,0.305
2026-08-27T06:30,andar-2,0.306
2026-08-27T06:45,andar-2,0.253
2026-08-27T07:00,andar-2,0.278
2026-08-27T07:15,andar-2,0.271
2026-08-27T07:30,andar-2,0.265
2026-08-27T07:45,andar-2,0.240
2026-08-27T08:00,andar-2,0.265
2026-08-27T08:15,andar-2,0.235
2026-08-27T08:30,andar-2,0.258
2026-08-27T08:45,andar-2,0.266
2026-08-27T09:00,andar-2,0.417
2026-08-27T09:15,andar-2,0.470
2026-08-27T09:30,andar-2,0.408
2026-08-27T09:45,andar-2,0.440
2026-08-27T10:00,andar-2,0.494
2026-08-27T10:15,andar-2,0.419
2026-08-27T10:30,andar-2,0.471
2026-08-27T10:45,andar-2,0.386
2026-08-27T11:00,andar-2,0.397
2026-08-27T11:15,andar-2,0.444
2026-08-27T11:30,andar-2,0.471
2026-08-27T11:45,andar-2,0.484
2026-08-27T12:00,andar-2,0.398
2026-08-27T12:15,andar-2,0.493
2026-08-27T12:30,andar-2,0.442
2026-08-27T12:45,andar-2,0.442
2026-08-27T13:00,andar-2,0.423
2026-08-27T13:15,andar-2,0.399
2026-08-27T13:30,andar-2,0.441
2026-08-27T13:45,andar-2,0.442
2026-08-27T14:00,andar-2,0.446
2026-08-27T14:15,andar-2,0.408
2026-08-27T14:30,andar-2,0.472
2026-08-27T14:45,andar-2,0.424
2026-08-27T15:00,andar-2,0.488
2026-08-27T15:15,andar-2,0.436
2026-08-27T15:30,andar-2,0.417
2026-08-27T15:45,andar-2,0.461
2026-08-27T16:00,andar-2,0.469
2026-08-27T16:15,andar-2,0.427
2026-08-27T16:30,andar-2,0.440
2026-08-27T16:45,andar-2,0.428
2026-08-27T17:00,andar-2,0.437
2026-08-27T17:15,andar-2,0.501
2026-08-27T17:30,andar-2,0.493
2026-08-27T17:45,andar-2,0.390
2026-08-27T18:00,andar-2,0.345
2026-08-27T18:15,andar-2,0.345
2026-08-27T18:30,andar-2,0.347
2026-08-27T18:45,andar-2,0.335
2026-08-27T19:00,andar-2,0.353
2026-08-27T19:15,andar-2,0.378
2026-08-27T19:30,andar-2,0.346
2026-08-27T19:45,andar-2,0.357
2026-08-27T20:00,andar-2,0.366
2026-08-27T20:15,andar-2,0.339
2026-08-27T20:30,andar-2,0.336
2026-08-27T20:45,andar-2,0.303
2026-08-27T21:00,andar-2,0.124
2026-08-27T21:15,andar-2,0.112
2026-08-27T21:30,andar-2,0.134
2026-08-27T21:45,andar-2,0.116
2026-08-27T22:00,andar-2,0.127
2026-08-27T22:15,andar-2,0.110
2026-08-27T22:30,andar-2,0.121
2026-08-27T22:45,andar-2,0.113
2026-08-27T23:00,andar-2,0.119
2026-08-27T23:15,andar-2,0.123
2026-08-27T23:30,andar-2,0.112
2026-08-27T23:45,andar-2,0.114
2026-08-28T00:00,andar-2,0.073
2026-08-28T00:15,andar-2,0.081
2026-08-28T00:30,andar-2,0.073
2026-08-28T00:45,andar-2,0.077
2026-08-28T01:00,andar-2,0.078
2026-08-28T01:15,andar-2,0.079
2026-08-28T01:30,andar-2,0.091
2026-08-28T01:45,andar-2,0.081
2026-08-28T02:00,andar-2,0.073
2026-08-28T02:15,andar-2,0.085
2026-08-28T02:30,andar-2,0.077
2026-08-28T02:45,andar-2,0.062
2026-08-28T03:00,andar-2,0.087
2026-08-28T03:15,andar-2,0.081
2026-08-28T03:30,andar-2,0.079
2026-08-28T03:45,andar-2,0.073
2026-08-28T04:00,andar-2,0.079
2026-08-28T04:15,andar-2,0.078
2026-08-28T04:30,andar-2,0.080
2026-08-28T04:45,andar-2,0.089
2026-08-28T05:00,andar-2,0.080
2026-08-28T05:15,andar-2,0.078
2026-08-28T05:30,andar-2,0.081
2026-08-28T05:45,andar-2,0.067
2026-08-28T06:00,andar-2,0.267
2026-08-28T06:15,andar-2,0.233
2026-08-28T06:30,andar-2,0.237
2026-08-28T06:45,andar-2,0.265
2026-08-28T07:00,andar-2,0.239
2026-08-28T07:15,andar-2,0.265
2026-08-28T07:30,andar-2,0.224
2026-08-28T07:45,andar-2,0.269
2026-08-28T08:00,andar-2,0.260
2026-08-28T08:15,andar-2,0.217
2026-08-28T08:30,andar-2,0.263
2026-08-28T08:45,andar-2,0.253
2026-08-28T09:00,andar-2,0.491
2026-08-28T09:15,andar-2,0.462
2026-08-28T09:30,andar-2,0.459
2026-08-28T09:45,andar-2,0.437
2026-08-28T10:00,andar-2,0.448
2026-08-28T10:15,andar-2,0.456
2026-08-28T10:30,andar-2,0.434
2026-08-28T10:45,andar-2,0.390
2026-08-28T11:00,andar-2,0.396
2026-08-28T11:15,andar-2,0.447
2026-08-28T11:30,andar-2,0.455
2026-08-28T11:45,andar-2,0.452
2026-08-28T12:00,andar-2,0.395
2026-08-28T12:15,andar-2,0.474
2026-08-28T12:30,andar-2,0.482
2026-08-28T12:45,andar-2,0.500
2026-08-28T13:00,andar-2,0.482
2026-08-28T13:15,andar-2,0.445
2026-08-28T13:30,andar-2,0.413
2026-08-28T13:45,andar-2,0.440
2026-08-28T14:00,andar-2,0.418
2026-08-28T14:15,andar-2,0.445
2026-08-28T14:30,andar-2,0.403
2026-08-28T14:45,andar-2,0.476
2026-08-28T15:00,andar-2,0.506
2026-08-28T15:15,andar-2,0.419
2026-08-28T15:30,andar-2,0.431
2026-08-28T15:45,andar-2,0.486
2026-08-28T16:00,andar-2,0.418
2026-08-28T16:15,andar-2,0.452
2026-08-28T16:30,andar-2,0.426
2026-08-28T16:45,andar-2,0.461
2026-08-28T17:00,andar-2,0.412
2026-08-28T17:15,andar-2,0.420
2026-08-28T17:30,andar-2,0.437
2026-08-28T17:45,andar-2,0.410
2026-08-28T18:00,andar-2,0.304
2026-08-28T18:15,andar-2,0.376
2026-08-28T18:30,andar-2,0.359
2026-08-28T18:45,andar-2,0.337
2026-08-28T19:00,andar-2,0.351
2026-08-28T19:15,andar-2,0.302
2026-08-28T19:30,andar-2,0.374
2026-08-28T19:45,andar-2,0.365
2026-08-28T20:00,andar-2,0.330
2026-08-28T20:15,andar-2,0.340
2026-08-28T20:30,andar-2,0.318
2026-08-28T20:45,andar-2,0.389
2026-08-28T21:00,andar-2,0.133
2026-08-28T21:15,andar-2,0.117
2026-08-28T21:30,andar-2,0.133
2026-08-28T21:45,andar-2,0.129
2026-08-28T22:00,andar-2,0.119
2026-08-28T22:15,andar-2,0.120
2026-08-28T22:30,andar-2,0.145
2026-08-28T22:45,andar-2,0.120
2026-08-28T23:00,andar-2,0.118
2026-08-28T23:15,andar-2,0.125
2026-08-28T23:30,andar-2,0.125
2026-08-28T23:45,andar-2,0.124
2026-08-29T00:00,andar-2,0.042
2026-08-29T00:15,andar-2,0.038
2026-08-29T00:30,andar-2,0.036
2026-08-29T00:45,andar-2,0.036
2026-08-29T01:00,andar-2,0.031
2026-08-29T01:15,andar-2,0.036
2026-08-29T01:30,andar-2,0.039
2026-08-29T01:45,andar-2,0.040
2026-08-29T02:00,andar-2,0.036
2026-08-29T02:15,andar-2,0.036
2026-08-29T02:30,andar-2,0.038
2026-08-29T02:45,andar-2,0.032
2026-08-29T03:00,andar-2,0.039
2026-08-29T03:15,andar-2,0.035
2026-08-29T03:30,andar-2,0.040
2026-08-29T03:45,andar-2,0.035
2026-08-29T04:00,andar-2,0.036
2026-08-29T04:15,andar-2,0.035
2026-08-29T04:30,andar-2,0.036
2026-08-29T04:45,andar-2,0.037
2026-08-29T05:00,andar-2,0.040
2026-08-29T05:15,andar-2,0.039
2026-08-29T05:30,andar-2,0.036
2026-08-29T05:45,andar-2,0.029
2026-08-29T06:00,andar-2,0.119
2026-08-29T06:15,andar-2,0.103
2026-08-29T06:30,andar-2,0.103
2026-08-29T06:45,andar-2,0.130
2026-08-29T07:00,andar-2,0.106
2026-08-29T07:15,andar-2,0.110
2026-08-29T07:30,andar-2,0.128
2026-08-29T07:45,andar-2,0.110
2026-08-29T08:00,andar-2,0.116
2026-08-29T08:15,andar-2,0.104
2026-08-29T08:30,andar-2,0.122
2026-08-29T08:45,andar-2,0.120
2026-08-29T09:00,andar-2,0.213
2026-08-29T09:15,andar-2,0.221
2026-08-29T09:30,andar-2,0.217
2026-08-29T09:45,andar-2,0.230
2026-08-29T10:00,andar-2,0.194
2026-08-29T10:15,andar-2,0.200
2026-08-29T10:30,andar-2,0.198
2026-08-29T10:45,andar-2,0.186
2026-08-29T11:00,andar-2,0.199
2026-08-29T11:15,andar-2,0.230
2026-08-29T11:30,andar-2,0.195
2026-08-29T11:45,andar-2,0.228
2026-08-29T12:00,andar-2,0.199
2026-08-29T12:15,andar-2,0.224
2026-08-29T12:30,andar-2,0.174
2026-08-29T12:45,andar-2,0.225
2026-08-29T13:00,andar-2,0.206
2026-08-29T13:15,andar-2,0.194
2026-08-29T13:30,andar-2,0.232
2026-08-29T13:45,andar-2,0.187
2026-08-29T14:00,andar-2,0.190
2026-08-29T14:15,andar-2,0.190
2026-08-29T14:30,andar-2,0.204
2026-08-29T14:45,andar-2,0.203
2026-08-29T15:00,andar-2,0.206
2026-08-29T15:15,andar-2,0.209
2026-08-29T15:30,andar-2,0.184
2026-08-29T15:45,andar-2,0.205
2026-08-29T16:00,andar-2,0.200
2026-08-29T16:15,andar-2,0.198
2026-08-29T16:30,andar-2,0.206
2026-08-29T16:45,andar-2,0.221
2026-08-29T17:00,andar-2,0.182
2026-08-29T17:15,andar-2,0.226
2026-08-29T17:30,andar-2,0.208
2026-08-29T17:45,andar-2,0.197
2026-08-29T18:00,andar-2,0.151
2026-08-29T18:15,andar-2,0.158
2026-08-29T18:30,andar-2,0.148
2026-08-29T18:45,andar-2,0.143
2026-08-29T19:00,andar-2,0.170
2026-08-29T19:15,andar-2,0.169
2026-08-29T19:30,andar-2,0.173
2026-08-29T19:45,andar-2,0.139
2026-08-29T20:00,andar-2,0.152
2026-08-29T20:15,andar-2,0.172
2026-08-29T20:30,andar-2,0.160
2026-08-29T20:45,andar-2,0.167
2026-08-29T21:00,andar-2,0.059
2026-08-29T21:15,andar-2,0.060
2026-08-29T21:30,andar-2,0.058
2026-08-29T21:45,andar-2,0.052
2026-08-29T22:00,andar-2,0.054
2026-08-29T22:15,andar-2,0.046
2026-08-29T22:30,andar-2,0.051
2026-08-29T22:45,andar-2,0.054
2026-08-29T23:00,andar-2,0.058
2026-08-29T23:15,andar-2,0.060
2026-08-29T23:30,andar-2,0.050
2026-08-29T23:45,andar-2,0.057
2026-06-01T00:00,andar-3,0.133
2026-06-01T00:15,andar-3,0.144
2026-06-01T00:30,andar-3,0.132
2026-06-01T00:45,andar-3,0.141
2026-06-01T01:00,andar-3,0.154
2026-06-01T01:15,andar-3,0.148
2026-06-01T01:30,andar-3,0.150
2026-06-01T01:45,andar-3,0.130
2026-06-01T02:00,andar-3,0.173
2026-06-01T02:15,andar-3,0.137
2026-06-01T02:30,andar-3,0.153
2026-06-01T02:45,andar-3,0.150
2026-06-01T03:00,andar-3,0.144
2026-06-01T03:15,andar-3,0.180
2026-06-01T03:30,andar-3,0.152
2026-06-01T03:45,andar-3,0.149
2026-06-01T04:00,andar-3,0.157
2026-06-01T04:15,andar-3,0.164
2026-06-01T04:30,andar-3,0.150
2026-06-01T04:45,andar-3,0.139
2026-06-01T05:00,andar-3,0.142
2026-06-01T05:15,andar-3,0.146
2026-06-01T05:30,andar-3,0.134
2026-06-01T05:45,andar-3,0.151
2026-06-01T06:00,andar-3,0.286
2026-06-01T06:15,andar-3,0.320
2026-06-01T06:30,andar-3,0.290
2026-06-01T06:45,andar-3,0.348
2026-06-01T07:00,andar-3,0.281
2026-06-01T07:15,andar-3,0.304
2026-06-01T07:30,andar-3,0.288
2026-06-01T07:45,andar-3,0.278
2026-06-01T08:00,andar-3,0.298
2026-06-01T08:15,andar-3,0.292
2026-06-01T08:30,andar-3,0.329
2026-06-01T08:45,andar-3,0.306
2026-06-01T09:00,andar-3,0.583
2026-06-01T09:15,andar-3,0.575
2026-06-01T09:30,andar-3,0.581
2026-06-01T09:45,andar-3,0.568
2026-06-01T10:00,andar-3,0.570
2026-06-01T10:15,andar-3,0.578
2026-06-01T10:30,andar-3,0.535
2026-06-01T10:45,andar-3,0.521
2026-06-01T11:00,andar-3,0.520
2026-06-01T11:15,andar-3,0.464
2026-06-01T11:30,andar-3,0.511
2026-06-01T11:45,andar-3,0.558
2026-06-01T12:00,andar-3,0.536
2026-06-01T12:15,andar-3,0.601
2026-06-01T12:30,andar-3,0.581
2026-06-01T12:45,andar-3,0.539
2026-06-01T13:00,andar-3,0.578
2026-06-01T13:15,andar-3,0.555
2026-06-01T13:30,andar-3,0.524
2026-06-01T13:45,andar-3,0.586
2026-06-01T14:00,andar-3,0.561
2026-06-01T14:15,andar-3,0.512
2026-06-01T14:30,andar-3,0.546
2026-06-01T14:45,andar-3,0.527
2026-06-01T15:00,andar-3,0.523
2026-06-01T15:15,andar-3,0.494
2026-06-01T15:30,andar-3,0.503
2026-06-01T15:45,andar-3,0.514
2026-06-01T16:00,andar-3,0.589
2026-06-01T16:15,andar-3,0.535
2026-06-01T16:30,andar-3,0.534
2026-06-01T16:45,andar-3,0.525
2026-06-01T17:00,andar-3,0.573
2026-06-01T17:15,andar-3,0.529
2026-06-01T17:30,andar-3,0.591
2026-06-01T17:45,andar-3,0.497
2026-06-01T18:00,andar-3,0.446
2026-06-01T18:15,andar-3,0.391
2026-06-01T18:30,andar-3,0.330
2026-06-01T18:45,andar-3,0.393
2026-06-01T19:00,andar-3,0.407
2026-06-01T19:15,andar-3,0.472
2026-06-01T19:30,andar-3,0.388
2026-06-01T19:45,andar-3,0.357
2026-06-01T20:00,andar-3,0.396
2026-06-01T20:15,andar-3,0.429
2026-06-01T20:30,andar-3,0.408
2026-06-01T20:45,andar-3,0.389
2026-06-01T21:00,andar-3,0.354
2026-06-01T21:15,andar-3,0.352
2026-06-01T21:30,andar-3,0.458
2026-06-01T21:45,andar-3,0.382
2026-06-01T22:00,andar-3,0.165
2026-06-01T22:15,andar-3,0.175
2026-06-01T22:30,andar-3,0.174
2026-06-01T22:45,andar-3,0.211
2026-06-01T23:00,andar-3,0.201
2026-06-01T23:15,andar-3,0.191
2026-06-01T23:30,andar-3,0.175
2026-06-01T23:45,andar-3,0.164
2026-06-02T00:00,andar-3,0.168
2026-06-02T00:15,andar-3,0.130
2026-06-02T00:30,andar-3,0.172
2026-06-02T00:45,andar-3,0.151
2026-06-02T01:00,andar-3,0.142
2026-06-02T01:15,andar-3,0.152
2026-06-02T01:30,andar-3,0.148
2026-06-02T01:45,andar-3,0.136
2026-06-02T02:00,andar-3,0.160
2026-06-02T02:15,andar-3,0.160
2026-06-02T02:30,andar-3,0.158
2026-06-02T02:45,andar-3,0.150
2026-06-02T03:00,andar-3,0.146
2026-06-02T03:15,andar-3,0.121
2026-06-02T03:30,andar-3,0.165
2026-06-02T03:45,andar-3,0.162
2026-06-02T04:00,andar-3,0.164
2026-06-02T04:15,andar-3,0.165
2026-06-02T04:30,andar-3,0.151
2026-06-02T04:45,andar-3,0.151
2026-06-02T05:00,andar-3,0.169
2026-06-02T05:15,andar-3,0.157
2026-06-02T05:30,andar-3,0.142
2026-06-02T05:45,andar-3,0.140
2026-06-02T06:00,andar-3,0.308
2026-06-02T06:15,andar-3,0.256
2026-06-02T06:30,andar-3,0.277
2026-06-02T06:45,andar-3,0.280
2026-06-02T07:00,andar-3,0.278
2026-06-02T07:15,andar-3,0.269
2026-06-02T07:30,andar-3,0.291
2026-06-02T07:45,andar-3,0.298
2026-06-02T08:00,andar-3,0.303
2026-06-02T08:15,andar-3,0.334
2026-06-02T08:30,andar-3,0.309
2026-06-02T08:45,andar-3,0.289
2026-06-02T09:00,andar-3,0.575
2026-06-02T09:15,andar-3,0.527
2026-06-02T09:30,andar-3,0.497
2026-06-02T09:45,andar-3,0.546
2026-06-02T10:00,andar-3,0.598
2026-06-02T10:15,andar-3,0.587
2026-06-02T10:30,andar-3,0.560
2026-06-02T10:45,andar-3,0.639
2026-06-02T11:00,andar-3,0.625
2026-06-02T11:15,andar-3,0.580
2026-06-02T11:30,andar-3,0.576
2026-06-02T11:45,andar-3,0.588
2026-06-02T12:00,andar-3,0.550
2026-06-02T12:15,andar-3,0.522
2026-06-02T12:30,andar-3,0.518
2026-06-02T12:45,andar-3,0.582
2026-06-02T13:00,andar-3,0.556
2026-06-02T13:15,andar-3,0.577
2026-06-02T13:30,andar-3,0.474
2026-06-02T13:45,andar-3,0.535
2026-06-02T14:00,andar-3,0.546
2026-06-02T14:15,andar-3,0.568
2026-06-02T14:30,andar-3,0.503
2026-06-02T14:45,andar-3,0.617
2026-06-02T15:00,andar-3,0.605
2026-06-02T15:15,andar-3,0.529
2026-06-02T15:30,andar-3,0.592
2026-06-02T15:45,andar-3,0.542
2026-06-02T16:00,andar-3,0.552
2026-06-02T16:15,andar-3,0.590
2026-06-02T16:30,andar-3,0.568
2026-06-02T16:45,andar-3,0.529
2026-06-02T17:00,andar-3,0.559
2026-06-02T17:15,andar-3,0.520
2026-06-02T17:30,andar-3,0.512
2026-06-02T17:45,andar-3,0.632
2026-06-02T18:00,andar-3,0.418
2026-06-02T18:15,andar-3,0.354
2026-06-02T18:30,andar-3,0.436
2026-06-02T18:45,andar-3,0.387
2026-06-02T19:00,andar-3,0.398
2026-06-02T19:15,andar-3,0.361
2026-06-02T19:30,andar-3,0.379
2026-06-02T19:45,andar-3,0.380
2026-06-02T20:00,andar-3,0.441
2026-06-02T20:15,andar-3,0.407
2026-06-02T20:30,andar-3,0.398
2026-06-02T20:45,andar-3,0.438
2026-06-02T21:00,andar-3,0.483
2026-06-02T21:15,andar-3,0.456
2026-06-02T21:30,andar-3,0.372
2026-06-02T21:45,andar-3,0.370
2026-06-02T22:00,andar-3,0.181
2026-06-02T22:15,andar-3,0.185
2026-06-02T22:30,andar-3,0.175
2026-06-02T22:45,andar-3,0.153
2026-06-02T23:00,andar-3,0.193
2026-06-02T23:15,andar-3,0.177
2026-06-02T23:30,andar-3,0.168
2026-06-02T23:45,andar-3,0.178
2026-06-03T00:00,andar-3,0.168
2026-06-03T00:15,andar-3,0.157
2026-06-03T00:30,andar-3,0.150
2026-06-03T00:45,andar-3,0.150
2026-06-03T01:00,andar-3,0.148
2026-06-03T01:15,andar-3,0.145
2026-06-03T01:30,andar-3,0.142
2026-06-03T01:45,andar-3,0.142
2026-06-03T02:00,andar-3,0.131
2026-06-03T02:15,andar-3,0.157
2026-06-03T02:30,andar-3,0.167
2026-06-03T02:45,andar-3,0.165
2026-06-03T03:00,andar-3,0.172
2026-06-03T03:15,andar-3,0.161
2026-06-03T03:30,andar-3,0.150
2026-06-03T03:45,andar-3,0.153
2026-06-03T04:00,andar-3,0.138
2026-06-03T04:15,andar-3,0.141
2026-06-03T04:30,andar-3,0.159
2026-06-03T04:45,andar-3,0.180
2026-06-03T05:00,andar-3,0.150
2026-06-03T05:15,andar-3,0.163
2026-06-03T05:30,andar-3,0.169
2026-06-03T05:45,andar-3,0.156
2026-06-03T06:00,andar-3,0.314
2026-06-03T06:15,andar-3,0.280
2026-06-03T06:30,andar-3,0.268
2026-06-03T06:45,andar-3,0.280
2026-06-03T07:00,andar-3,0.278
2026-06-03T07:15,andar-3,0.296
2026-06-03T07:30,andar-3,0.308
2026-06-03T07:45,andar-3,0.319
2026-06-03T08:00,andar-3,0.306
2026-06-03T08:15,andar-3,0.296
2026-06-03T08:30,andar-3,0.323
2026-06-03T08:45,andar-3,0.278
2026-06-03T09:00,andar-3,0.555
2026-06-03T09:15,andar-3,0.450
2026-06-03T09:30,andar-3,0.543
2026-06-03T09:45,andar-3,0.529
2026-06-03T10:00,andar-3,0.563
2026-06-03T10:15,andar-3,0.551
2026-06-03T10:30,andar-3,0.496
2026-06-03T10:45,andar-3,0.607
2026-06-03T11:00,andar-3,0.488
2026-06-03T11:15,andar-3,0.536
2026-06-03T11:30,andar-3,0.510
2026-06-03T11:45,andar-3,0.541
2026-06-03T12:00,andar-3,0.548
2026-06-03T12:15,andar-3,0.515
2026-06-03T12:30,andar-3,0.531
2026-06-03T12:45,andar-3,0.530
2026-06-03T13:00,andar-3,0.633
2026-06-03T13:15,andar-3,0.563
2026-06-03T13:30,andar-3,0.570
2026-06-03T13:45,andar-3,0.564
2026-06-03T14:00,andar-3,0.526
2026-06-03T14:15,andar-3,0.577
2026-06-03T14:30,andar-3,0.624
2026-06-03T14:45,andar-3,0.576
2026-06-03T15:00,andar-3,0.503
2026-06-03T15:15,andar-3,0.499
2026-06-03T15:30,andar-3,0.564
2026-06-03T15:45,andar-3,0.484
2026-06-03T16:00,andar-3,0.558
2026-06-03T16:15,andar-3,0.547
2026-06-03T16:30,andar-3,0.551
2026-06-03T16:45,andar-3,0.556
2026-06-03T17:00,andar-3,0.614
2026-06-03T17:15,andar-3,0.571
2026-06-03T17:30,andar-3,0.519
2026-06-03T17:45,andar-3,0.513
2026-06-03T18:00,andar-3,0.421
2026-06-03T18:15,andar-3,0.387
2026-06-03T18:30,andar-3,0.400
2026-06-03T18:45,andar-3,0.374
2026-06-03T19:00,andar-3,0.412
2026-06-03T19:15,andar-3,0.366
2026-06-03T19:30,andar-3,0.417
2026-06-03T19:45,andar-3,0.458
2026-06-03T20:00,andar-3,0.354
2026-06-03T20:15,andar-3,0.388
2026-06-03T20:30,andar-3,0.369
2026-06-03T20:45,andar-3,0.415
2026-06-03T21:00,andar-3,0.384
2026-06-03T21:15,andar-3,0.405
2026-06-03T21:30,andar-3,0.402
2026-06-03T21:45,andar-3,0.373
2026-06-03T22:00,andar-3,0.183
2026-06-03T22:15,andar-3,0.175
2026-06-03T22:30,andar-3,0.181
2026-06-03T22:45,andar-3,0.166
2026-06-03T23:00,andar-3,0.199
2026-06-03T23:15,andar-3,0.179
2026-06-03T23:30,andar-3,0.175
2026-06-03T23:45,andar-3,0.180
2026-06-04T00:00,andar-3,0.128
2026-06-04T00:15,andar-3,0.124
2026-06-04T00:30,andar-3,0.134
2026-06-04T00:45,andar-3,0.150
2026-06-04T01:00,andar-3,0.149
2026-06-04T01:15,andar-3,0.133
2026-06-04T01:30,andar-3,0.167
2026-06-04T01:45,andar-3,0.173
2026-06-04T02:00,andar-3,0.161
2026-06-04T02:15,andar-3,0.161
2026-06-04T02:30,andar-3,0.148
2026-06-04T02:45,andar-3,0.157
2026-06-04T03:00,andar-3,0.167
2026-06-04T03:15,andar-3,0.138
2026-06-04T03:30,andar-3,0.132
2026-06-04T03:45,andar-3,0.153
2026-06-04T04:00,andar-3,0.132
2026-06-04T04:15,andar-3,0.137
2026-06-04T04:30,andar-3,0.127
2026-06-04T04:45,andar-3,0.139
2026-06-04T05:00,andar-3,0.137
2026-06-04T05:15,andar-3,0.151
2026-06-04T05:30,andar-3,0.123
2026-06-04T05:45,andar-3,0.149
2026-06-04T06:00,andar-3,0.286
2026-06-04T06:15,andar-3,0.292
2026-06-04T06:30,andar-3,0.294
2026-06-04T06:45,andar-3,0.286
2026-06-04T07:00,andar-3,0.345
2026-06-04T07:15,andar-3,0.306
2026-06-04T07:30,andar-3,0.313
2026-06-04T07:45,andar-3,0.323
2026-06-04T08:00,andar-3,0.263
2026-06-04T08:15,andar-3,0.341
2026-06-04T08:30,andar-3,0.305
2026-06-04T08:45,andar-3,0.245
2026-06-04T09:00,andar-3,0.541
2026-06-04T09:15,andar-3,0.628
2026-06-04T09:30,andar-3,0.515
2026-06-04T09:45,andar-3,0.517
2026-06-04T10:00,andar-3,0.543
2026-06-04T10:15,andar-3,0.538
2026-06-04T10:30,andar-3,0.494
2026-06-04T10:45,andar-3,0.542
2026-06-04T11:00,andar-3,0.589
2026-06-04T11:15,andar-3,0.530
2026-06-04T11:30,andar-3,0.503
2026-06-04T11:45,andar-3,0.570
2026-06-04T12:00,andar-3,0.459
2026-06-04T12:15,andar-3,0.533
2026-06-04T12:30,andar-3,0.576
2026-06-04T12:45,andar-3,0.576
2026-06-04T13:00,andar-3,0.519
2026-06-04T13:15,andar-3,0.560
2026-06-04T13:30,andar-3,0.628
2026-06-04T13:45,andar-3,0.518
2026-06-04T14:00,andar-3,0.626
2026-06-04T14:15,andar-3,0.576
2026-06-04T14:30,andar-3,0.606
2026-06-04T14:45,andar-3,0.564
2026-06-04T15:00,andar-3,0.536
2026-06-04T15:15,andar-3,0.588
2026-06-04T15:30,andar-3,0.577
2026-06-04T15:45,andar-3,0.523
2026-06-04T16:00,andar-3,0.549
2026-06-04T16:15,andar-3,0.588
2026-06-04T16:30,andar-3,0.495
2026-06-04T16:45,andar-3,0.552
2026-06-04T17:00,andar-3,0.509
2026-06-04T17:15,andar-3,0.566
2026-06-04T17:30,andar-3,0.503
2026-06-04T17:45,andar-3,0.556
2026-06-04T18:00,andar-3,0.415
2026-06-04T18:15,andar-3,0.347
2026-06-04T18:30,andar-3,0.378
2026-06-04T18:45,andar-3,0.393
2026-06-04T19:00,andar-3,0.364
2026-06-04T19:15,andar-3,0.434
2026-06-04T19:30,andar-3,0.362
2026-06-04T19:45,andar-3,0.358
2026-06-04T20:00,andar-3,0.376
2026-06-04T20:15,andar-3,0.418
2026-06-04T20:30,andar-3,0.389
2026-06-04T20:45,andar-3,0.392
2026-06-04T21:00,andar-3,0.430
2026-06-04T21:15,andar-3,0.415
2026-06-04T21:30,andar-3,0.492
2026-06-04T21:45,andar-3,0.370
2026-06-04T22:00,andar-3,0.153
2026-06-04T22:15,andar-3,0.156
2026-06-04T22:30,andar-3,0.200
2026-06-04T22:45,andar-3,0.177
2026-06-04T23:00,andar-3,0.179
2026-06-04T23:15,andar-3,0.159
2026-06-04T23:30,andar-3,0.186
2026-06-04T23:45,andar-3,0.176
2026-06-05T00:00,andar-3,0.153
2026-06-05T00:15,andar-3,0.166
2026-06-05T00:30,andar-3,0.154
2026-06-05T00:45,andar-3,0.152
2026-06-05T01:00,andar-3,0.121
2026-06-05T01:15,andar-3,0.141
2026-06-05T01:30,andar-3,0.156
2026-06-05T01:45,andar-3,0.148
2026-06-05T02:00,andar-3,0.167
2026-06-05T02:15,andar-3,0.119
2026-06-05T02:30,andar-3,0.155
2026-06-05T02:45,andar-3,0.158
2026-06-05T03:00,andar-3,0.136
2026-06-05T03:15,andar-3,0.143
2026-06-05T03:30,andar-3,0.146
2026-06-05T03:45,andar-3,0.159
2026-06-05T04:00,andar-3,0.156
2026-06-05T04:15,andar-3,0.137
2026-06-05T04:30,andar-3,0.142
2026-06-05T04:45,andar-3,0.134
2026-06-05T05:00,andar-3,0.157
2026-06-05T05:15,andar-3,0.150
2026-06-05T05:30,andar-3,0.142
2026-06-05T05:45,andar-3,0.155
2026-06-05T06:00,andar-3,0.306
2026-06-05T06:15,andar-3,0.343
2026-06-05T06:30,andar-3,0.301
2026-06-05T06:45,andar-3,0.333
2026-06-05T07:00,andar-3,0.313
2026-06-05T07:15,andar-3,0.333
2026-06-05T07:30,andar-3,0.340
2026-06-05T07:45,andar-3,0.290
2026-06-05T08:00,andar-3,0.302
2026-06-05T08:15,andar-3,0.314
2026-06-05T08:30,andar-3,0.278
2026-06-05T08:45,andar-3,0.290
2026-06-05T09:00,andar-3,0.561
2026-06-05T09:15,andar-3,0.575
2026-06-05T09:30,andar-3,0.566
2026-06-05T09:45,andar-3,0.502
2026-06-05T10:00,andar-3,0.540
2026-06-05T10:15,andar-3,0.586
2026-06-05T10:30,andar-3,0.508
2026-06-05T10:45,andar-3,0.614
2026-06-05T11:00,andar-3,0.563
2026-06-05T11:15,andar-3,0.595
2026-06-05T11:30,andar-3,0.577
2026-06-05T11:45,andar-3,0.577
2026-06-05T12:00,andar-3,0.521
2026-06-05T12:15,andar-3,0.580
2026-06-05T12:30,andar-3,0.515
2026-06-05T12:45,andar-3,0.518
2026-06-05T13:00,andar-3,0.618
2026-06-05T13:15,andar-3,0.449
2026-06-05T13:30,andar-3,0.511
2026-06-05T13:45,andar-3,0.570
2026-06-05T14:00,andar-3,0.625
2026-06-05T14:15,andar-3,0.606
2026-06-05T14:30,andar-3,0.495
2026-06-05T14:45,andar-3,0.611
2026-06-05T15:00,andar-3,0.550
2026-06-05T15:15,andar-3,0.513
2026-06-05T15:30,andar-3,0.589
2026-06-05T15:45,andar-3,0.448
2026-06-05T16:00,andar-3,0.606
2026-06-05T16:15,andar-3,0.473
2026-06-05T16:30,andar-3,0.485
2026-06-05T16:45,andar-3,0.508
2026-06-05T17:00,andar-3,0.459
2026-06-05T17:15,andar-3,0.525
2026-06-05T17:30,andar-3,0.489
2026-06-05T17:45,andar-3,0.586
2026-06-05T18:00,andar-3,0.412
2026-06-05T18:15,andar-3,0.414
2026-06-05T18:30,andar-3,0.433
2026-06-05T18:45,andar-3,0.351
2026-06-05T19:00,andar-3,0.396
2026-06-05T19:15,andar-3,0.391
2026-06-05T19:30,andar-3,0.430
2026-06-05T19:45,andar-3,0.428
2026-06-05T20:00,andar-3,0.380
2026-06-05T20:15,andar-3,0.378
2026-06-05T20:30,andar-3,0.353
2026-06-05T20:45,andar-3,0.357
2026-06-05T21:00,andar-3,0.442
2026-06-05T21:15,andar-3,0.411
2026-06-05T21:30,andar-3,0.393
2026-06-05T21:45,andar-3,0.388
2026-06-05T22:00,andar-3,0.196
2026-06-05T22:15,andar-3,0.185
2026-06-05T22:30,andar-3,0.164
2026-06-05T22:45,andar-3,0.189
2026-06-05T23:00,andar-3,0.187
2026-06-05T23:15,andar-3,0.177
2026-06-05T23:30,andar-3,0.189
2026-06-05T23:45,andar-3,0.163
2026-06-06T00:00,andar-3,0.071
2026-06-06T00:15,andar-3,0.074
2026-06-06T00:30,andar-3,0.072
2026-06-06T00:45,andar-3,0.078
2026-06-06T01:00,andar-3,0.076
2026-06-06T01:15,andar-3,0.085
2026-06-06T01:30,andar-3,0.073
2026-06-06T01:45,andar-3,0.072
2026-06-06T02:00,andar-3,0.076
2026-06-06T02:15,andar-3,0.067
2026-06-06T02:30,andar-3,0.081
2026-06-06T02:45,andar-3,0.076
2026-06-06T03:00,andar-3,0.068
2026-06-06T03:15,andar-3,0.078
2026-06-06T03:30,andar-3,0.072
2026-06-06T03:45,andar-3,0.067
2026-06-06T04:00,andar-3,0.072
2026-06-06T04:15,andar-3,0.061
2026-06-06T04:30,andar-3,0.078
2026-06-06T04:45,andar-3,0.071
2026-06-06T05:00,andar-3,0.074
2026-06-06T05:15,andar-3,0.088
2026-06-06T05:30,andar-3,0.071
2026-06-06T05:45,andar-3,0.070
2026-06-06T06:00,andar-3,0.154
2026-06-06T06:15,andar-3,0.146
2026-06-06T06:30,andar-3,0.151
2026-06-06T06:45,andar-3,0.152
2026-06-06T07:00,andar-3,0.134
2026-06-06T07:15,andar-3,0.150
2026-06-06T07:30,andar-3,0.150
2026-06-06T07:45,andar-3,0.157
2026-06-06T08:00,andar-3,0.139
2026-06-06T08:15,andar-3,0.144
2026-06-06T08:30,andar-3,0.119
2026-06-06T08:45,andar-3,0.164
2026-06-06T09:00,andar-3,0.307
2026-06-06T09:15,andar-3,0.241
2026-06-06T09:30,andar-3,0.288
2026-06-06T09:45,andar-3,0.294
2026-06-06T10:00,andar-3,0.289
2026-06-06T10:15,andar-3,0.275
2026-06-06T10:30,andar-3,0.260
2026-06-06T10:45,andar-3,0.268
2026-06-06T11:00,andar-3,0.293
2026-06-06T11:15,andar-3,0.278
2026-06-06T11:30,andar-3,0.230
2026-06-06T11:45,andar-3,0.229
2026-06-06T12:00,andar-3,0.266
2026-06-06T12:15,andar-3,0.248
2026-06-06T12:30,andar-3,0.268
2026-06-06T12:45,andar-3,0.260
2026-06-06T13:00,andar-3,0.274
2026-06-06T13:15,andar-3,0.312
2026-06-06T13:30,andar-3,0.272
2026-06-06T13:45,andar-3,0.299
2026-06-06T14:00,andar-3,0.249
2026-06-06T14:15,andar-3,0.318
2026-06-06T14:30,andar-3,0.246
2026-06-06T14:45,andar-3,0.305
2026-06-06T15:00,andar-3,0.274
2026-06-06T15:15,andar-3,0.238
2026-06-06T15:30,andar-3,0.282
2026-06-06T15:45,andar-3,0.256
2026-06-06T16:00,andar-3,0.237
2026-06-06T16:15,andar-3,0.299
2026-06-06T16:30,andar-3,0.295
2026-06-06T16:45,andar-3,0.251
2026-06-06T17:00,andar-3,0.279
2026-06-06T17:15,andar-3,0.259
2026-06-06T17:30,andar-3,0.316
2026-06-06T17:45,andar-3,0.294
2026-06-06T18:00,andar-3,0.189
2026-06-06T18:15,andar-3,0.227
2026-06-06T18:30,andar-3,0.161
2026-06-06T18:45,andar-3,0.216
2026-06-06T19:00,andar-3,0.216
2026-06-06T19:15,andar-3,0.229
2026-06-06T19:30,andar-3,0.205
2026-06-06T19:45,andar-3,0.194
2026-06-06T20:00,andar-3,0.181
2026-06-06T20:15,andar-3,0.230
2026-06-06T20:30,andar-3,0.196
2026-06-06T20:45,andar-3,0.224
2026-06-06T21:00,andar-3,0.193
2026-06-06T21:15,andar-3,0.184
2026-06-06T21:30,andar-3,0.208
2026-06-06T21:45,andar-3,0.192
2026-06-06T22:00,andar-3,0.099
2026-06-06T22:15,andar-3,0.097
2026-06-06T22:30,andar-3,0.092
2026-06-06T22:45,andar-3,0.095
2026-06-06T23:00,andar-3,0.087
2026-06-06T23:15,andar-3,0.091
2026-06-06T23:30,andar-3,0.087
2026-06-06T23:45,andar-3,0.087
2026-06-07T00:00,andar-3,0.083
2026-06-07T00:15,andar-3,0.075
2026-06-07T00:30,andar-3,0.070
2026-06-07T00:45,andar-3,0.073
2026-06-07T01:00,andar-3,0.073
2026-06-07T01:15,andar-3,0.074
2026-06-07T01:30,andar-3,0.084
2026-06-07T01:45,andar-3,0.076
2026-06-07T02:00,andar-3,0.084
2026-06-07T02:15,andar-3,0.072
2026-06-07T02:30,andar-3,0.068
2026-06-07T02:45,andar-3,0.084
2026-06-07T03:00,andar-3,0.068
2026-06-07T03:15,andar-3,0.077
2026-06-07T03:30,andar-3,0.080
2026-06-07T03:45,andar-3,0.073
2026-06-07T04:00,andar-3,0.076
2026-06-07T04:15,andar-3,0.073
2026-06-07T04:30,andar-3,0.072
2026-06-07T04:45,andar-3,0.070
2026-06-07T05:00,andar-3,0.069
2026-06-07T05:15,andar-3,0.079
2026-06-07T05:30,andar-3,0.074
2026-06-07T05:45,andar-3,0.072
2026-06-07T06:00,andar-3,0.140
2026-06-07T06:15,andar-3,0.168
2026-06-07T06:30,andar-3,0.154
2026-06-07T06:45,andar-3,0.140
2026-06-07T07:00,andar-3,0.138
2026-06-07T07:15,andar-3,0.158
2026-06-07T07:30,andar-3,0.147
2026-06-07T07:45,andar-3,0.131
2026-06-07T08:00,andar-3,0.147
2026-06-07T08:15,andar-3,0.131
2026-06-07T08:30,andar-3,0.135
2026-06-07T08:45,andar-3,0.144
2026-06-07T09:00,andar-3,0.308
2026-06-07T09:15,andar-3,0.289
2026-06-07T09:30,andar-3,0.301
2026-06-07T09:45,andar-3,0.260
2026-06-07T10:00,andar-3,0.268
2026-06-07T10:15,andar-3,0.301
2026-06-07T10:30,andar-3,0.286
2026-06-07T10:45,andar-3,0.301
2026-06-07T11:00,andar-3,0.266
2026-06-07T11:15,andar-3,0.256
2026-06-07T11:30,andar-3,0.281
2026-06-07T11:45,andar-3,0.297
2026-06-07T12:00,andar-3,0.266
2026-06-07T12:15,andar-3,0.290
2026-06-07T12:30,andar-3,0.262
2026-06-07T12:45,andar-3,0.310
2026-06-07T13:00,andar-3,0.292
2026-06-07T13:15,andar-3,0.261
2026-06-07T13:30,andar-3,0.298
2026-06-07T13:45,andar-3,0.302
2026-06-07T14:00,andar-3,0.291
2026-06-07T14:15,andar-3,0.299
2026-06-07T14:30,andar-3,0.247
2026-06-07T14:45,andar-3,0.257
2026-06-07T15:00,andar-3,0.271
2026-06-07T15:15,andar-3,0.344
2026-06-07T15:30,andar-3,0.318
2026-06-07T15:45,andar-3,0.292
2026-06-07T16:00,andar-3,0.281
2026-06-07T16:15,andar-3,0.305
2026-06-07T16:30,andar-3,0.246
2026-06-07T16:45,andar-3,0.242
2026-06-07T17:00,andar-3,0.267
2026-06-07T17:15,andar-3,0.265
2026-06-07T17:30,andar-3,0.242
2026-06-07T17:45,andar-3,0.285
2026-06-07T18:00,andar-3,0.204
2026-06-07T18:15,andar-3,0.209
2026-06-07T18:30,andar-3,0.202
2026-06-07T18:45,andar-3,0.189
2026-06-07T19:00,andar-3,0.176
2026-06-07T19:15,andar-3,0.176
2026-06-07T19:30,andar-3,0.188
2026-06-07T19:45,andar-3,0.230
2026-06-07T20:00,andar-3,0.206
2026-06-07T20:15,andar-3,0.208
2026-06-07T20:30,andar-3,0.195
2026-06-07T20:45,andar-3,0.216
2026-06-07T21:00,andar-3,0.211
2026-06-07T21:15,andar-3,0.207
2026-06-07T21:30,andar-3,0.211
2026-06-07T21:45,andar-3,0.201
2026-06-07T22:00,andar-3,0.078
2026-06-07T22:15,andar-3,0.080
2026-06-07T22:30,andar-3,0.095
2026-06-07T22:45,andar-3,0.083
2026-06-07T23:00,andar-3,0.088
2026-06-07T23:15,andar-3,0.098
2026-06-07T23:30,andar-3,0.086
2026-06-07T23:45,andar-3,0.078
2026-06-08T00:00,andar-3,0.157
2026-06-08T00:15,andar-3,0.169
2026-06-08T00:30,andar-3,0.139
2026-06-08T00:45,andar-3,0.132
2026-06-08T01:00,andar-3,0.142
2026-06-08T01:15,andar-3,0.142
2026-06-08T01:30,andar-3,0.141
2026-06-08T01:45,andar-3,0.148
2026-06-08T02:00,andar-3,0.138
2026-06-08T02:15,andar-3,0.121
2026-06-08T02:30,andar-3,0.155
2026-06-08T02:45,andar-3,0.166
2026-06-08T03:00,andar-3,0.154
2026-06-08T03:15,andar-3,0.174
2026-06-08T03:30,andar-3,0.155
2026-06-08T03:45,andar-3,0.180
2026-06-08T04:00,andar-3,0.161
2026-06-08T04:15,andar-3,0.155
2026-06-08T04:30,andar-3,0.138
2026-06-08T04:45,andar-3,0.146
2026-06-08T05:00,andar-3,0.132
2026-06-08T05:15,andar-3,0.155
2026-06-08T05:30,andar-3,0.142
2026-06-08T05:45,andar-3,0.143
2026-06-08T06:00,andar-3,0.304
2026-06-08T06:15,andar-3,0.303
2026-06-08T06:30,andar-3,0.271
2026-06-08T06:45,andar-3,0.279
2026-06-08T07:00,andar-3,0.309
2026-06-08T07:15,andar-3,0.329
2026-06-08T07:30,andar-3,0.342
2026-06-08T07:45,andar-3,0.266
2026-06-08T08:00,andar-3,0.324
2026-06-08T08:15,andar-3,0.269
2026-06-08T08:30,andar-3,0.342
2026-06-08T08:45,andar-3,0.321
2026-06-08T09:00,andar-3,0.572
2026-06-08T09:15,andar-3,0.549
2026-06-08T09:30,andar-3,0.547
2026-06-08T09:45,andar-3,0.489
2026-06-08T10:00,andar-3,0.546
2026-06-08T10:15,andar-3,0.525
2026-06-08T10:30,andar-3,0.435
2026-06-08T10:45,andar-3,0.545
2026-06-08T11:00,andar-3,0.575
2026-06-08T11:15,andar-3,0.627
2026-06-08T11:30,andar-3,0.608
2026-06-08T11:45,andar-3,0.595
2026-06-08T12:00,andar-3,0.479
2026-06-08T12:15,andar-3,0.586
2026-06-08T12:30,andar-3,0.520
2026-06-08T12:45,andar-3,0.484
2026-06-08T13:00,andar-3,0.564
2026-06-08T13:15,andar-3,0.603
2026-06-08T13:30,andar-3,0.529
2026-06-08T13:45,andar-3,0.556
2026-06-08T14:00,andar-3,0.589
2026-06-08T14:15,andar-3,0.534
2026-06-08T14:30,andar-3,0.471
2026-06-08T14:45,andar-3,0.572
2026-06-08T15:00,andar-3,0.544
2026-06-08T15:15,andar-3,0.572
2026-06-08T15:30,andar-3,0.517
2026-06-08T15:45,andar-3,0.524
2026-06-08T16:00,andar-3,0.441
2026-06-08T16:15,andar-3,0.503
2026-06-08T16:30,andar-3,0.464
2026-06-08T16:45,andar-3,0.521
2026-06-08T17:00,andar-3,0.553
2026-06-08T17:15,andar-3,0.551
2026-06-08T17:30,andar-3,0.500
2026-06-08T17:45,andar-3,0.558
2026-06-08T18:00,andar-3,0.389
2026-06-08T18:15,andar-3,0.394
2026-06-08T18:30,andar-3,0.348
2026-06-08T18:45,andar-3,0.453
2026-06-08T19:00,andar-3,0.369
2026-06-08T19:15,andar-3,0.393
2026-06-08T19:30,andar-3,0.397
2026-06-08T19:45,andar-3,0.388
2026-06-08T20:00,andar-3,0.365
2026-06-08T20:15,andar-3,0.409
2026-06-08T20:30,andar-3,0.415
2026-06-08T20:45,andar-3,0.386
2026-06-08T21:00,andar-3,0.365
2026-06-08T21:15,andar-3,0.378
2026-06-08T21:30,andar-3,0.391
2026-06-08T21:45,andar-3,0.405
2026-06-08T22:00,andar-3,0.195
2026-06-08T22:15,andar-3,0.183
2026-06-08T22:30,andar-3,0.171
2026-06-08T22:45,andar-3,0.185
2026-06-08T23:00,andar-3,0.145
2026-06-08T23:15,andar-3,0.196
2026-06-08T23:30,andar-3,0.200
2026-06-08T23:45,andar-3,0.185
2026-06-09T00:00,andar-3,0.161
2026-06-09T00:15,andar-3,0.144
2026-06-09T00:30,andar-3,0.153
2026-06-09T00:45,andar-3,0.157
2026-06-09T01:00,andar-3,0.135
2026-06-09T01:15,andar-3,0.157
2026-06-09T01:30,andar-3,0.155
2026-06-09T01:45,andar-3,0.164
2026-06-09T02:00,andar-3,0.139
2026-06-09T02:15,andar-3,0.169
2026-06-09T02:30,andar-3,0.159
2026-06-09T02:45,andar-3,0.141
2026-06-09T03:00,andar-3,0.166
2026-06-09T03:15,andar-3,0.151
2026-06-09T03:30,andar-3,0.150
2026-06-09T03:45,andar-3,0.145
2026-06-09T04:00,andar-3,0.138
2026-06-09T04:15,andar-3,0.145
2026-06-09T04:30,andar-3,0.162
2026-06-09T04:45,andar-3,0.147
2026-06-09T05:00,andar-3,0.138
2026-06-09T05:15,andar-3,0.146
2026-06-09T05:30,andar-3,0.131
2026-06-09T05:45,andar-3,0.137
2026-06-09T06:00,andar-3,0.270
2026-06-09T06:15,andar-3,0.306
2026-06-09T06:30,andar-3,0.313
2026-06-09T06:45,andar-3,0.325
2026-06-09T07:00,andar-3,0.306
2026-06-09T07:15,andar-3,0.301
2026-06-09T07:30,andar-3,0.294
2026-06-09T07:45,andar-3,0.295
2026-06-09T08:00,andar-3,0.303
2026-06-09T08:15,andar-3,0.348
2026-06-09T08:30,andar-3,0.331
2026-06-09T08:45,andar-3,0.314
2026-06-09T09:00,andar-3,0.500
2026-06-09T09:15,andar-3,0.520
2026-06-09T09:30,andar-3,0.517
2026-06-09T09:45,andar-3,0.511
2026-06-09T10:00,andar-3,0.634
2026-06-09T10:15,andar-3,0.559
2026-06-09T10:30,andar-3,0.659
2026-06-09T10:45,andar-3,0.602
2026-06-09T11:00,andar-3,0.550
2026-06-09T11:15,andar-3,0.547
2026-06-09T11:30,andar-3,0.520
2026-06-09T11:45,andar-3,0.563
2026-06-09T12:00,andar-3,0.535
2026-06-09T12:15,andar-3,0.499
2026-06-09T12:30,andar-3,0.559
2026-06-09T12:45,andar-3,0.586
2026-06-09T13:00,andar-3,0.554
2026-06-09T13:15,andar-3,0.558
2026-06-09T13:30,andar-3,0.508
2026-06-09T13:45,andar-3,0.563
2026-06-09T14:00,andar-3,0.567
2026-06-09T14:15,andar-3,0.480
2026-06-09T14:30,andar-3,0.513
2026-06-09T14:45,andar-3,0.508
2026-06-09T15:00,andar-3,0.561
2026-06-09T15:15,andar-3,0.529
2026-06-09T15:30,andar-3,0.531
2026-06-09T15:45,andar-3,0.568
2026-06-09T16:00,andar-3,0.401
2026-06-09T16:15,andar-3,0.575
2026-06-09T16:30,andar-3,0.540
2026-06-09T16:45,andar-3,0.533
2026-06-09T17:00,andar-3,0.635
2026-06-09T17:15,andar-3,0.538
2026-06-09T17:30,andar-3,0.530
2026-06-09T17:45,andar-3,0.554
2026-06-09T18:00,andar-3,0.354
2026-06-09T18:15,andar-3,0.419
2026-06-09T18:30,andar-3,0.375
2026-06-09T18:45,andar-3,0.442
2026-06-09T19:00,andar-3,0.455
2026-06-09T19:15,andar-3,0.356
2026-06-09T19:30,andar-3,0.414
2026-06-09T19:45,andar-3,0.316
2026-06-09T20:00,andar-3,0.400
2026-06-09T20:15,andar-3,0.381
2026-06-09T20:30,andar-3,0.415
2026-06-09T20:45,andar-3,0.387
2026-06-09T21:00,andar-3,0.361
2026-06-09T21:15,andar-3,0.393
2026-06-09T21:30,andar-3,0.383
2026-06-09T21:45,andar-3,0.363
2026-06-09T22:00,andar-3,0.197
2026-06-09T22:15,andar-3,0.194
2026-06-09T22:30,andar-3,0.194
2026-06-09T22:45,andar-3,0.150
2026-06-09T23:00,andar-3,0.181
2026-06-09T23:15,andar-3,0.159
2026-06-09T23:30,andar-3,0.192
2026-06-09T23:45,andar-3,0.186
2026-06-10T00:00,andar-3,0.163
2026-06-10T00:15,andar-3,0.151
2026-06-10T00:30,andar-3,0.176
2026-06-10T00:45,andar-3,0.156
2026-06-10T01:00,andar-3,0.158
2026-06-10T01:15,andar-3,0.150
2026-06-10T01:30,andar-3,0.127
2026-06-10T01:45,andar-3,0.122
2026-06-10T02:00,andar-3,0.160
2026-06-10T02:15,andar-3,0.151
2026-06-10T02:30,andar-3,0.145
2026-06-10T02:45,andar-3,0.142
2026-06-10T03:00,andar-3,0.171
2026-06-10T03:15,andar-3,0.154
2026-06-10T03:30,andar-3,0.129
2026-06-10T03:45,andar-3,0.147
2026-06-10T04:00,andar-3,0.153
2026-06-10T04:15,andar-3,0.150
2026-06-10T04:30,andar-3,0.132
2026-06-10T04:45,andar-3,0.143
2026-06-10T05:00,andar-3,0.148
2026-06-10T05:15,andar-3,0.169
2026-06-10T05:30,andar-3,0.167
2026-06-10T05:45,andar-3,0.152
2026-06-10T06:00,andar-3,0.293
2026-06-10T06:15,andar-3,0.288
2026-06-10T06:30,andar-3,0.319
2026-06-10T06:45,andar-3,0.297
2026-06-10T07:00,andar-3,0.338
2026-06-10T07:15,andar-3,0.291
2026-06-10T07:30,andar-3,0.262
2026-06-10T07:45,andar-3,0.300
2026-06-10T08:00,andar-3,0.281
2026-06-10T08:15,andar-3,0.312
2026-06-10T08:30,andar-3,0.293
2026-06-10T08:45,andar-3,0.283
2026-06-10T09:00,andar-3,0.589
2026-06-10T09:15,andar-3,0.479
2026-06-10T09:30,andar-3,0.508
2026-06-10T09:45,andar-3,0.571
2026-06-10T10:00,andar-3,0.606
2026-06-10T10:15,andar-3,0.626
2026-06-10T10:30,andar-3,0.506
2026-06-10T10:45,andar-3,0.569
2026-06-10T11:00,andar-3,0.513
2026-06-10T11:15,andar-3,0.590
2026-06-10T11:30,andar-3,0.549
2026-06-10T11:45,andar-3,0.506
2026-06-10T12:00,andar-3,0.495
2026-06-10T12:15,andar-3,0.480
2026-06-10T12:30,andar-3,0.600
2026-06-10T12:45,andar-3,0.495
2026-06-10T13:00,andar-3,0.658
2026-06-10T13:15,andar-3,0.552
2026-06-10T13:30,andar-3,0.592
2026-06-10T13:45,andar-3,0.542
2026-06-10T14:00,andar-3,0.569
2026-06-10T14:15,andar-3,0.567
2026-06-10T14:30,andar-3,0.556
2026-06-10T14:45,andar-3,0.639
2026-06-10T15:00,andar-3,0.593
2026-06-10T15:15,andar-3,0.541
2026-06-10T15:30,andar-3,0.557
2026-06-10T15:45,andar-3,0.539
2026-06-10T16:00,andar-3,0.539
2026-06-10T16:15,andar-3,0.458
2026-06-10T16:30,andar-3,0.534
2026-06-10T16:45,andar-3,0.534
2026-06-10T17:00,andar-3,0.597
2026-06-10T17:15,andar-3,0.596
2026-06-10T17:30,andar-3,0.602
2026-06-10T17:45,andar-3,0.544
2026-06-10T18:00,andar-3,0.428
2026-06-10T18:15,andar-3,0.406
2026-06-10T18:30,andar-3,0.392
2026-06-10T18:45,andar-3,0.396
2026-06-10T19:00,andar-3,0.373
2026-06-10T19:15,andar-3,0.418
2026-06-10T19:30,andar-3,0.385
2026-06-10T19:45,andar-3,0.398
2026-06-10T20:00,andar-3,0.354
2026-06-10T20:15,andar-3,0.404
2026-06-10T20:30,andar-3,0.428
2026-06-10T20:45,andar-3,0.436
2026-06-10T21:00,andar-3,0.477
2026-06-10T21:15,andar-3,0.367
2026-06-10T21:30,andar-3,0.384
2026-06-10T21:45,andar-3,0.422
2026-06-10T22:00,andar-3,0.198
2026-06-10T22:15,andar-3,0.205
2026-06-10T22:30,andar-3,0.172
2026-06-10T22:45,andar-3,0.179
2026-06-10T23:00,andar-3,0.153
2026-06-10T23:15,andar-3,0.186
2026-06-10T23:30,andar-3,0.196
2026-06-10T23:45,andar-3,0.186
2026-06-11T00:00,andar-3,0.162
2026-06-11T00:15,andar-3,0.150
2026-06-11T00:30,andar-3,0.130
2026-06-11T00:45,andar-3,0.161
2026-06-11T01:00,andar-3,0.149
2026-06-11T01:15,andar-3,0.162
2026-06-11T01:30,andar-3,0.148
2026-06-11T01:45,andar-3,0.164
2026-06-11T02:00,andar-3,0.156
2026-06-11T02:15,andar-3,0.152
2026-06-11T02:30,andar-3,0.148
2026-06-11T02:45,andar-3,0.144
2026-06-11T03:00,andar-3,0.139
2026-06-11T03:15,andar-3,0.141
2026-06-11T03:30,andar-3,0.159
2026-06-11T03:45,andar-3,0.130
2026-06-11T04:00,andar-3,0.136
2026-06-11T04:15,andar-3,0.156
2026-06-11T04:30,andar-3,0.131
2026-06-11T04:45,andar-3,0.171
2026-06-11T05:00,andar-3,0.139
2026-06-11T05:15,andar-3,0.138
2026-06-11T05:30,andar-3,0.172
2026-06-11T05:45,andar-3,0.155
2026-06-11T06:00,andar-3,0.267
2026-06-11T06:15,andar-3,0.293
2026-06-11T06:30,andar-3,0.268
2026-06-11T06:45,andar-3,0.294
2026-06-11T07:00,andar-3,0.283
2026-06-11T07:15,andar-3,0.275
2026-06-11T07:30,andar-3,0.288
2026-06-11T07:45,andar-3,0.286
2026-06-11T08:00,andar-3,0.282
2026-06-11T08:15,andar-3,0.270
2026-06-11T08:30,andar-3,0.298
2026-06-11T08:45,andar-3,0.313
2026-06-11T09:00,andar-3,0.576
2026-06-11T09:15,andar-3,0.524
2026-06-11T09:30,andar-3,0.587
2026-06-11T09:45,andar-3,0.545
2026-06-11T10:00,andar-3,0.595
2026-06-11T10:15,andar-3,0.516
2026-06-11T10:30,andar-3,0.512
2026-06-11T10:45,andar-3,0.540
2026-06-11T11:00,andar-3,0.568
2026-06-11T11:15,andar-3,0.563
2026-06-11T11:30,andar-3,0.477
2026-06-11T11:45,andar-3,0.680
2026-06-11T12:00,andar-3,0.514
2026-06-11T12:15,andar-3,0.620
2026-06-11T12:30,andar-3,0.507
2026-06-11T12:45,andar-3,0.543
2026-06-11T13:00,andar-3,0.602
2026-06-11T13:15,andar-3,0.597
2026-06-11T13:30,andar-3,0.499
2026-06-11T13:45,andar-3,0.586
2026-06-11T14:00,andar-3,0.572
2026-06-11T14:15,andar-3,0.513
2026-06-11T14:30,andar-3,0.626
2026-06-11T14:45,andar-3,0.575
2026-06-11T15:00,andar-3,0.520
2026-06-11T15:15,andar-3,0.659
2026-06-11T15:30,andar-3,0.554
2026-06-11T15:45,andar-3,0.504
2026-06-11T16:00,andar-3,0.542
2026-06-11T16:15,andar-3,0.482
2026-06-11T16:30,andar-3,0.541
2026-06-11T16:45,andar-3,0.537
2026-06-11T17:00,andar-3,0.485
2026-06-11T17:15,andar-3,0.619
2026-06-11T17:30,andar-3,0.507
2026-06-11T17:45,andar-3,0.549
2026-06-11T18:00,andar-3,0.384
2026-06-11T18:15,andar-3,0.401
2026-06-11T18:30,andar-3,0.431
2026-06-11T18:45,andar-3,0.437
2026-06-11T19:00,andar-3,0.374
2026-06-11T19:15,andar-3,0.467
2026-06-11T19:30,andar-3,0.384
2026-06-11T19:45,andar-3,0.401
2026-06-11T20:00,andar-3,0.399
2026-06-11T20:15,andar-3,0.360
2026-06-11T20:30,andar-3,0.422
2026-06-11T20:45,andar-3,0.371
2026-06-11T21:00,andar-3,0.379
2026-06-11T21:15,andar-3,0.375
2026-06-11T21:30,andar-3,0.409
2026-06-11T21:45,andar-3,0.380
2026-06-11T22:00,andar-3,0.196
2026-06-11T22:15,andar-3,0.199
2026-06-11T22:30,andar-3,0.178
2026-06-11T22:45,andar-3,0.180
2026-06-11T23:00,andar-3,0.196
2026-06-11T23:15,andar-3,0.186
2026-06-11T23:30,andar-3,0.202
2026-06-11T23:45,andar-3,0.151
2026-06-12T00:00,andar-3,0.144
2026-06-12T00:15,andar-3,0.160
2026-06-12T00:30,andar-3,0.151
2026-06-12T00:45,andar-3,0.155
2026-06-12T01:00,andar-3,0.166
2026-06-12T01:15,andar-3,0.158
2026-06-12T01:30,andar-3,0.158
2026-06-12T01:45,andar-3,0.150
2026-06-12T02:00,andar-3,0.140
2026-06-12T02:15,andar-3,0.144
2026-06-12T02:30,andar-3,0.145
2026-06-12T02:45,andar-3,0.126
2026-06-12T03:00,andar-3,0.153
2026-06-12T03:15,andar-3,0.164
2026-06-12T03:30,andar-3,0.144
2026-06-12T03:45,andar-3,0.140
2026-06-12T04:00,andar-3,0.162
2026-06-12T04:15,andar-3,0.145
2026-06-12T04:30,andar-3,0.161
2026-06-12T04:45,andar-3,0.165
2026-06-12T05:00,andar-3,0.155
2026-06-12T05:15,andar-3,0.164
2026-06-12T05:30,andar-3,0.141
2026-06-12T05:45,andar-3,0.151
2026-06-12T06:00,andar-3,0.289
2026-06-12T06:15,andar-3,0.295
2026-06-12T06:30,andar-3,0.305
2026-06-12T06:45,andar-3,0.282
2026-06-12T07:00,andar-3,0.279
2026-06-12T07:15,andar-3,0.282
2026-06-12T07:30,andar-3,0.295
2026-06-12T07:45,andar-3,0.330
2026-06-12T08:00,andar-3,0.328
2026-06-12T08:15,andar-3,0.266
2026-06-12T08:30,andar-3,0.261
2026-06-12T08:45,andar-3,0.297
2026-06-12T09:00,andar-3,0.522
2026-06-12T09:15,andar-3,0.573
2026-06-12T09:30,andar-3,0.515
2026-06-12T09:45,andar-3,0.576
2026-06-12T10:00,andar-3,0.581
2026-06-12T10:15,andar-3,0.610
2026-06-12T10:30,andar-3,0.614
2026-06-12T10:45,andar-3,0.537
2026-06-12T11:00,andar-3,0.531
2026-06-12T11:15,andar-3,0.534
2026-06-12T11:30,andar-3,0.563
2026-06-12T11:45,andar-3,0.498
2026-06-12T12:00,andar-3,0.468
2026-06-12T12:15,andar-3,0.554
2026-06-12T12:30,andar-3,0.619
2026-06-12T12:45,andar-3,0.558
2026-06-12T13:00,andar-3,0.511
2026-06-12T13:15,andar-3,0.549
2026-06-12T13:30,andar-3,0.566
2026-06-12T13:45,andar-3,0.571
2026-06-12T14:00,andar-3,0.543
2026-06-12T14:15,andar-3,0.539
2026-06-12T14:30,andar-3,0.605
2026-06-12T14:45,andar-3,0.510
2026-06-12T15:00,andar-3,0.551
2026-06-12T15:15,andar-3,0.457
2026-06-12T15:30,andar-3,0.489
2026-06-12T15:45,andar-3,0.551
2026-06-12T16:00,andar-3,0.494
2026-06-12T16:15,andar-3,0.525
2026-06-12T16:30,andar-3,0.600
2026-06-12T16:45,andar-3,0.542
2026-06-12T17:00,andar-3,0.573
2026-06-12T17:15,andar-3,0.617
2026-06-12T17:30,andar-3,0.569
2026-06-12T17:45,andar-3,0.508
2026-06-12T18:00,andar-3,0.385
2026-06-12T18:15,andar-3,0.383
2026-06-12T18:30,andar-3,0.390
2026-06-12T18:45,andar-3,0.434
2026-06-12T19:00,andar-3,0.359
2026-06-12T19:15,andar-3,0.416
2026-06-12T19:30,andar-3,0.403
2026-06-12T19:45,andar-3,0.440
2026-06-12T20:00,andar-3,0.462
2026-06-12T20:15,andar-3,0.449
2026-06-12T20:30,andar-3,0.412
2026-06-12T20:45,andar-3,0.458
2026-06-12T21:00,andar-3,0.378
2026-06-12T21:15,andar-3,0.466
2026-06-12T21:30,andar-3,0.341
2026-06-12T21:45,andar-3,0.300
2026-06-12T22:00,andar-3,0.175
2026-06-12T22:15,andar-3,0.167
2026-06-12T22:30,andar-3,0.189
2026-06-12T22:45,andar-3,0.193
2026-06-12T23:00,andar-3,0.213
2026-06-12T23:15,andar-3,0.157
2026-06-12T23:30,andar-3,0.159
2026-06-12T23:45,andar-3,0.161
2026-06-13T00:00,andar-3,0.068
2026-06-13T00:15,andar-3,0.077
2026-06-13T00:30,andar-3,0.075
2026-06-13T00:45,andar-3,0.073
2026-06-13T01:00,andar-3,0.069
2026-06-13T01:15,andar-3,0.077
2026-06-13T01:30,andar-3,0.073
2026-06-13T01:45,andar-3,0.081
2026-06-13T02:00,andar-3,0.082
2026-06-13T02:15,andar-3,0.069
2026-06-13T02:30,andar-3,0.068
2026-06-13T02:45,andar-3,0.077
2026-06-13T03:00,andar-3,0.075
2026-06-13T03:15,andar-3,0.076
2026-06-13T03:30,andar-3,0.073
2026-06-13T03:45,andar-3,0.077
2026-06-13T04:00,andar-3,0.078
2026-06-13T04:15,andar-3,0.080
2026-06-13T04:30,andar-3,0.085
2026-06-13T04:45,andar-3,0.070
2026-06-13T05:00,andar-3,0.082
2026-06-13T05:15,andar-3,0.071
2026-06-13T05:30,andar-3,0.060
2026-06-13T05:45,andar-3,0.071
2026-06-13T06:00,andar-3,0.149
2026-06-13T06:15,andar-3,0.147
2026-06-13T06:30,andar-3,0.152
2026-06-13T06:45,andar-3,0.124
2026-06-13T07:00,andar-3,0.159
2026-06-13T07:15,andar-3,0.138
2026-06-13T07:30,andar-3,0.136
2026-06-13T07:45,andar-3,0.147
2026-06-13T08:00,andar-3,0.165
2026-06-13T08:15,andar-3,0.115
2026-06-13T08:30,andar-3,0.142
2026-06-13T08:45,andar-3,0.133
2026-06-13T09:00,andar-3,0.255
2026-06-13T09:15,andar-3,0.257
2026-06-13T09:30,andar-3,0.310
2026-06-13T09:45,andar-3,0.265
2026-06-13T10:00,andar-3,0.292
2026-06-13T10:15,andar-3,0.288
2026-06-13T10:30,andar-3,0.320
2026-06-13T10:45,andar-3,0.258
2026-06-13T11:00,andar-3,0.283
2026-06-13T11:15,andar-3,0.307
2026-06-13T11:30,andar-3,0.229
2026-06-13T11:45,andar-3,0.250
2026-06-13T12:00,andar-3,0.286
2026-06-13T12:15,andar-3,0.319
2026-06-13T12:30,andar-3,0.261
2026-06-13T12:45,andar-3,0.306
2026-06-13T13:00,andar-3,0.285
2026-06-13T13:15,andar-3,0.304
2026-06-13T13:30,andar-3,0.254
2026-06-13T13:45,andar-3,0.247
2026-06-13T14:00,andar-3,0.284
2026-06-13T14:15,andar-3,0.256
2026-06-13T14:30,andar-3,0.291
2026-06-13T14:45,andar-3,0.299
2026-06-13T15:00,andar-3,0.244
2026-06-13T15:15,andar-3,0.300
2026-06-13T15:30,andar-3,0.288
2026-06-13T15:45,andar-3,0.271
2026-06-13T16:00,andar-3,0.299
2026-06-13T16:15,andar-3,0.271
2026-06-13T16:30,andar-3,0.298
2026-06-13T16:45,andar-3,0.256
2026-06-13T17:00,andar-3,0.244
2026-06-13T17:15,andar-3,0.277
2026-06-13T17:30,andar-3,0.298
2026-06-13T17:45,andar-3,0.295
2026-06-13T18:00,andar-3,0.207
2026-06-13T18:15,andar-3,0.199
2026-06-13T18:30,andar-3,0.191
2026-06-13T18:45,andar-3,0.168
2026-06-13T19:00,andar-3,0.183
2026-06-13T19:15,andar-3,0.199
2026-06-13T19:30,andar-3,0.182
2026-06-13T19:45,andar-3,0.175
2026-06-13T20:00,andar-3,0.217
2026-06-13T20:15,andar-3,0.209
2026-06-13T20:30,andar-3,0.190
2026-06-13T20:45,andar-3,0.224
2026-06-13T21:00,andar-3,0.203
2026-06-13T21:15,andar-3,0.208
2026-06-13T21:30,andar-3,0.181
2026-06-13T21:45,andar-3,0.201
2026-06-13T22:00,andar-3,0.094
2026-06-13T22:15,andar-3,0.097
2026-06-13T22:30,andar-3,0.091
2026-06-13T22:45,andar-3,0.090
2026-06-13T23:00,andar-3,0.087
2026-06-13T23:15,andar-3,0.101
2026-06-13T23:30,andar-3,0.084
2026-06-13T23:45,andar-3,0.084
2026-06-14T00:00,andar-3,0.078
2026-06-14T00:15,andar-3,0.081
2026-06-14T00:30,andar-3,0.080
2026-06-14T00:45,andar-3,0.073
2026-06-14T01:00,andar-3,0.079
2026-06-14T01:15,andar-3,0.066
2026-06-14T01:30,andar-3,0.078
2026-06-14T01:45,andar-3,0.072
2026-06-14T02:00,andar-3,0.062
2026-06-14T02:15,andar-3,0.079
2026-06-14T02:30,andar-3,0.077
2026-06-14T02:45,andar-3,0.076
2026-06-14T03:00,andar-3,0.074
2026-06-14T03:15,andar-3,0.068
2026-06-14T03:30,andar-3,0.066
2026-06-14T03:45,andar-3,0.078
2026-06-14T04:00,andar-3,0.079
2026-06-14T04:15,andar-3,0.072
2026-06-14T04:30,andar-3,0.075
2026-06-14T04:45,andar-3,0.081
2026-06-14T05:00,andar-3,0.076
2026-06-14T05:15,andar-3,0.074
2026-06-14T05:30,andar-3,0.075
2026-06-14T05:45,andar-3,0.069
2026-06-14T06:00,andar-3,0.151
2026-06-14T06:15,andar-3,0.144
2026-06-14T06:30,andar-3,0.140
2026-06-14T06:45,andar-3,0.167
2026-06-14T07:00,andar-3,0.154
2026-06-14T07:15,andar-3,0.149
2026-06-14T07:30,andar-3,0.156
2026-06-14T07:45,andar-3,0.149
2026-06-14T08:00,andar-3,0.162
2026-06-14T08:15,andar-3,0.142
2026-06-14T08:30,andar-3,0.158
2026-06-14T08:45,andar-3,0.142
2026-06-14T09:00,andar-3,0.268
2026-06-14T09:15,andar-3,0.273
2026-06-14T09:30,andar-3,0.266
2026-06-14T09:45,andar-3,0.218
2026-06-14T10:00,andar-3,0.265
2026-06-14T10:15,andar-3,0.264
2026-06-14T10:30,andar-3,0.295
2026-06-14T10:45,andar-3,0.264
2026-06-14T11:00,andar-3,0.273
2026-06-14T11:15,andar-3,0.283
2026-06-14T11:30,andar-3,0.282
2026-06-14T11:45,andar-3,0.266
2026-06-14T12:00,andar-3,0.265
2026-06-14T12:15,andar-3,0.248
2026-06-14T12:30,andar-3,0.275
2026-06-14T12:45,andar-3,0.274
2026-06-14T13:00,andar-3,0.282
2026-06-14T13:15,andar-3,0.276
2026-06-14T13:30,andar-3,0.241
2026-06-14T13:45,andar-3,0.269
2026-06-14T14:00,andar-3,0.310
2026-06-14T14:15,andar-3,0.297
2026-06-14T14:30,andar-3,0.266
2026-06-14T14:45,andar-3,0.272
2026-06-14T15:00,andar-3,0.282
2026-06-14T15:15,andar-3,0.293
2026-06-14T15:30,andar-3,0.293
2026-06-14T15:45,andar-3,0.284
2026-06-14T16:00,andar-3,0.259
2026-06-14T16:15,andar-3,0.260
2026-06-14T16:30,andar-3,0.288
2026-06-14T16:45,andar-3,0.242
2026-06-14T17:00,andar-3,0.281
2026-06-14T17:15,andar-3,0.268
2026-06-14T17:30,andar-3,0.308
2026-06-14T17:45,andar-3,0.284
2026-06-14T18:00,andar-3,0.219
2026-06-14T18:15,andar-3,0.197
2026-06-14T18:30,andar-3,0.184
2026-06-14T18:45,andar-3,0.220
2026-06-14T19:00,andar-3,0.192
2026-06-14T19:15,andar-3,0.214
2026-06-14T19:30,andar-3,0.205
2026-06-14T19:45,andar-3,0.191
2026-06-14T20:00,andar-3,0.191
2026-06-14T20:15,andar-3,0.202
2026-06-14T20:30,andar-3,0.216
2026-06-14T20:45,andar-3,0.196
2026-06-14T21:00,andar-3,0.234
2026-06-14T21:15,andar-3,0.214
2026-06-14T21:30,andar-3,0.208
2026-06-14T21:45,andar-3,0.171
2026-06-14T22:00,andar-3,0.086
2026-06-14T22:15,andar-3,0.107
2026-06-14T22:30,andar-3,0.094
2026-06-14T22:45,andar-3,0.089
2026-06-14T23:00,andar-3,0.090
2026-06-14T23:15,andar-3,0.090
2026-06-14T23:30,andar-3,0.087
2026-06-14T23:45,andar-3,0.090
2026-06-15T00:00,andar-3,0.147
2026-06-15T00:15,andar-3,0.143
2026-06-15T00:30,andar-3,0.138
2026-06-15T00:45,andar-3,0.141
2026-06-15T01:00,andar-3,0.172
2026-06-15T01:15,andar-3,0.147
2026-06-15T01:30,andar-3,0.139
2026-06-15T01:45,andar-3,0.153
2026-06-15T02:00,andar-3,0.149
2026-06-15T02:15,andar-3,0.159
2026-06-15T02:30,andar-3,0.140
2026-06-15T02:45,andar-3,0.138
2026-06-15T03:00,andar-3,0.158
2026-06-15T03:15,andar-3,0.143
2026-06-15T03:30,andar-3,0.144
2026-06-15T03:45,andar-3,0.145
2026-06-15T04:00,andar-3,0.144
2026-06-15T04:15,andar-3,0.143
2026-06-15T04:30,andar-3,0.163
2026-06-15T04:45,andar-3,0.168
2026-06-15T05:00,andar-3,0.143
2026-06-15T05:15,andar-3,0.147
2026-06-15T05:30,andar-3,0.136
2026-06-15T05:45,andar-3,0.149
2026-06-15T06:00,andar-3,0.275
2026-06-15T06:15,andar-3,0.274
2026-06-15T06:30,andar-3,0.307
2026-06-15T06:45,andar-3,0.342
2026-06-15T07:00,andar-3,0.334
2026-06-15T07:15,andar-3,0.315
2026-06-15T07:30,andar-3,0.304
2026-06-15T07:45,andar-3,0.304
2026-06-15T08:00,andar-3,0.321
2026-06-15T08:15,andar-3,0.306
2026-06-15T08:30,andar-3,0.306
2026-06-15T08:45,andar-3,0.307
2026-06-15T09:00,andar-3,0.623
2026-06-15T09:15,andar-3,0.524
2026-06-15T09:30,andar-3,0.609
2026-06-15T09:45,andar-3,0.568
2026-06-15T10:00,andar-3,0.531
2026-06-15T10:15,andar-3,0.579
2026-06-15T10:30,andar-3,0.522
2026-06-15T10:45,andar-3,0.663
2026-06-15T11:00,andar-3,0.497
2026-06-15T11:15,andar-3,0.526
2026-06-15T11:30,andar-3,0.501
2026-06-15T11:45,andar-3,0.466
2026-06-15T12:00,andar-3,0.557
2026-06-15T12:15,andar-3,0.532
2026-06-15T12:30,andar-3,0.527
2026-06-15T12:45,andar-3,0.606
2026-06-15T13:00,andar-3,0.532
2026-06-15T13:15,andar-3,0.563
2026-06-15T13:30,andar-3,0.589
2026-06-15T13:45,andar-3,0.522
2026-06-15T14:00,andar-3,0.553
2026-06-15T14:15,andar-3,0.546
2026-06-15T14:30,andar-3,0.553
2026-06-15T14:45,andar-3,0.578
2026-06-15T15:00,andar-3,0.522
2026-06-15T15:15,andar-3,0.530
2026-06-15T15:30,andar-3,0.580
2026-06-15T15:45,andar-3,0.484
2026-06-15T16:00,andar-3,0.557
2026-06-15T16:15,andar-3,0.559
2026-06-15T16:30,andar-3,0.531
2026-06-15T16:45,andar-3,0.539
2026-06-15T17:00,andar-3,0.559
2026-06-15T17:15,andar-3,0.541
2026-06-15T17:30,andar-3,0.488
2026-06-15T17:45,andar-3,0.529
2026-06-15T18:00,andar-3,0.388
2026-06-15T18:15,andar-3,0.387
2026-06-15T18:30,andar-3,0.397
2026-06-15T18:45,andar-3,0.399
2026-06-15T19:00,andar-3,0.382
2026-06-15T19:15,andar-3,0.361
2026-06-15T19:30,andar-3,0.377
2026-06-15T19:45,andar-3,0.431
2026-06-15T20:00,andar-3,0.390
2026-06-15T20:15,andar-3,0.420
2026-06-15T20:30,andar-3,0.370
2026-06-15T20:45,andar-3,0.384
2026-06-15T21:00,andar-3,0.418
2026-06-15T21:15,andar-3,0.435
2026-06-15T21:30,andar-3,0.477
2026-06-15T21:45,andar-3,0.315
2026-06-15T22:00,andar-3,0.163
2026-06-15T22:15,andar-3,0.204
2026-06-15T22:30,andar-3,0.186
2026-06-15T22:45,andar-3,0.168
2026-06-15T23:00,andar-3,0.167
2026-06-15T23:15,andar-3,0.166
2026-06-15T23:30,andar-3,0.163
2026-06-15T23:45,andar-3,0.185
2026-06-16T00:00,andar-3,0.145
2026-06-16T00:15,andar-3,0.144
2026-06-16T00:30,andar-3,0.139
2026-06-16T00:45,andar-3,0.152
2026-06-16T01:00,andar-3,0.142
2026-06-16T01:15,andar-3,0.171
2026-06-16T01:30,andar-3,0.174
2026-06-16T01:45,andar-3,0.142
2026-06-16T02:00,andar-3,0.159
2026-06-16T02:15,andar-3,0.162
2026-06-16T02:30,andar-3,0.140
2026-06-16T02:45,andar-3,0.151
2026-06-16T03:00,andar-3,0.148
2026-06-16T03:15,andar-3,0.131
2026-06-16T03:30,andar-3,0.141
2026-06-16T03:45,andar-3,0.154
2026-06-16T04:00,andar-3,0.156
2026-06-16T04:15,andar-3,0.147
2026-06-16T04:30,andar-3,0.152
2026-06-16T04:45,andar-3,0.153
2026-06-16T05:00,andar-3,0.142
2026-06-16T05:15,andar-3,0.162
2026-06-16T05:30,andar-3,0.151
2026-06-16T05:45,andar-3,0.167
2026-06-16T06:00,andar-3,0.355
2026-06-16T06:15,andar-3,0.294
2026-06-16T06:30,andar-3,0.293
2026-06-16T06:45,andar-3,0.327
2026-06-16T07:00,andar-3,0.280
2026-06-16T07:15,andar-3,0.324
2026-06-16T07:30,andar-3,0.284
2026-06-16T07:45,andar-3,0.264
2026-06-16T08:00,andar-3,0.333
2026-06-16T08:15,andar-3,0.314
2026-06-16T08:30,andar-3,0.294
2026-06-16T08:45,andar-3,0.284
2026-06-16T09:00,andar-3,0.540
2026-06-16T09:15,andar-3,0.530
2026-06-16T09:30,andar-3,0.580
2026-06-16T09:45,andar-3,0.539
2026-06-16T10:00,andar-3,0.477
2026-06-16T10:15,andar-3,0.553
2026-06-16T10:30,andar-3,0.528
2026-06-16T10:45,andar-3,0.518
2026-06-16T11:00,andar-3,0.562
2026-06-16T11:15,andar-3,0.510
2026-06-16T11:30,andar-3,0.609
2026-06-16T11:45,andar-3,0.622
2026-06-16T12:00,andar-3,0.512
2026-06-16T12:15,andar-3,0.503
2026-06-16T12:30,andar-3,0.617
2026-06-16T12:45,andar-3,0.586
2026-06-16T13:00,andar-3,0.556
2026-06-16T13:15,andar-3,0.556
2026-06-16T13:30,andar-3,0.573
2026-06-16T13:45,andar-3,0.565
2026-06-16T14:00,andar-3,0.594
2026-06-16T14:15,andar-3,0.599
2026-06-16T14:30,andar-3,0.592
2026-06-16T14:45,andar-3,0.568
2026-06-16T15:00,andar-3,0.580
2026-06-16T15:15,andar-3,0.481
2026-06-16T15:30,andar-3,0.530
2026-06-16T15:45,andar-3,0.582
2026-06-16T16:00,andar-3,0.579
2026-06-16T16:15,andar-3,0.596
2026-06-16T16:30,andar-3,0.557
2026-06-16T16:45,andar-3,0.576
2026-06-16T17:00,andar-3,0.587
2026-06-16T17:15,andar-3,0.545
2026-06-16T17:30,andar-3,0.539
2026-06-16T17:45,andar-3,0.488
2026-06-16T18:00,andar-3,0.336
2026-06-16T18:15,andar-3,0.384
2026-06-16T18:30,andar-3,0.352
2026-06-16T18:45,andar-3,0.460
2026-06-16T19:00,andar-3,0.366
2026-06-16T19:15,andar-3,0.367
2026-06-16T19:30,andar-3,0.406
2026-06-16T19:45,andar-3,0.394
2026-06-16T20:00,andar-3,0.461
2026-06-16T20:15,andar-3,0.357
2026-06-16T20:30,andar-3,0.415
2026-06-16T20:45,andar-3,0.435
2026-06-16T21:00,andar-3,0.358
2026-06-16T21:15,andar-3,0.466
2026-06-16T21:30,andar-3,0.425
2026-06-16T21:45,andar-3,0.329
2026-06-16T22:00,andar-3,0.190
2026-06-16T22:15,andar-3,0.197
2026-06-16T22:30,andar-3,0.173
2026-06-16T22:45,andar-3,0.160
2026-06-16T23:00,andar-3,0.162
2026-06-16T23:15,andar-3,0.174
2026-06-16T23:30,andar-3,0.186
2026-06-16T23:45,andar-3,0.177
2026-06-17T00:00,andar-3,0.157
2026-06-17T00:15,andar-3,0.133
2026-06-17T00:30,andar-3,0.139
2026-06-17T00:45,andar-3,0.161
2026-06-17T01:00,andar-3,0.140
2026-06-17T01:15,andar-3,0.141
2026-06-17T01:30,andar-3,0.164
2026-06-17T01:45,andar-3,0.143
2026-06-17T02:00,andar-3,0.147
2026-06-17T02:15,andar-3,0.160
2026-06-17T02:30,andar-3,0.156
2026-06-17T02:45,andar-3,0.135
2026-06-17T03:00,andar-3,0.164
2026-06-17T03:15,andar-3,0.140
2026-06-17T03:30,andar-3,0.157
2026-06-17T03:45,andar-3,0.122
2026-06-17T04:00,andar-3,0.139
2026-06-17T04:15,andar-3,0.171
2026-06-17T04:30,andar-3,0.125
2026-06-17T04:45,andar-3,0.132
2026-06-17T05:00,andar-3,0.165
2026-06-17T05:15,andar-3,0.142
2026-06-17T05:30,andar-3,0.154
2026-06-17T05:45,andar-3,0.159
2026-06-17T06:00,andar-3,0.309
2026-06-17T06:15,andar-3,0.244
2026-06-17T06:30,andar-3,0.284
2026-06-17T06:45,andar-3,0.326
2026-06-17T07:00,andar-3,0.260
2026-06-17T07:15,andar-3,0.298
2026-06-17T07:30,andar-3,0.301
2026-06-17T07:45,andar-3,0.358
2026-06-17T08:00,andar-3,0.252
2026-06-17T08:15,andar-3,0.268
2026-06-17T08:30,andar-3,0.240
2026-06-17T08:45,andar-3,0.263
2026-06-17T09:00,andar-3,0.573
2026-06-17T09:15,andar-3,0.419
2026-06-17T09:30,andar-3,0.568
2026-06-17T09:45,andar-3,0.563
2026-06-17T10:00,andar-3,0.515
2026-06-17T10:15,andar-3,0.577
2026-06-17T10:30,andar-3,0.599
2026-06-17T10:45,andar-3,0.522
2026-06-17T11:00,andar-3,0.572
2026-06-17T11:15,andar-3,0.531
2026-06-17T11:30,andar-3,0.557
2026-06-17T11:45,andar-3,0.535
2026-06-17T12:00,andar-3,0.584
2026-06-17T12:15,andar-3,0.601
2026-06-17T12:30,andar-3,0.511
2026-06-17T12:45,andar-3,0.557
2026-06-17T13:00,andar-3,0.610
2026-06-17T13:15,andar-3,0.568
2026-06-17T13:30,andar-3,0.516
2026-06-17T13:45,andar-3,0.621
2026-06-17T14:00,andar-3,0.529
2026-06-17T14:15,andar-3,0.506
2026-06-17T14:30,andar-3,0.512
2026-06-17T14:45,andar-3,0.513
2026-06-17T15:00,andar-3,0.568
2026-06-17T15:15,andar-3,0.495
2026-06-17T15:30,andar-3,0.507
2026-06-17T15:45,andar-3,0.495
2026-06-17T16:00,andar-3,0.511
2026-06-17T16:15,andar-3,0.572
2026-06-17T16:30,andar-3,0.519
2026-06-17T16:45,andar-3,0.559
2026-06-17T17:00,andar-3,0.525
2026-06-17T17:15,andar-3,0.649
2026-06-17T17:30,andar-3,0.524
2026-06-17T17:45,andar-3,0.529
2026-06-17T18:00,andar-3,0.408
2026-06-17T18:15,andar-3,0.336
2026-06-17T18:30,andar-3,0.403
2026-06-17T18:45,andar-3,0.380
2026-06-17T19:00,andar-3,0.454
2026-06-17T19:15,andar-3,0.374
2026-06-17T19:30,andar-3,0.363
2026-06-17T19:45,andar-3,0.404
2026-06-17T20:00,andar-3,0.434
2026-06-17T20:15,andar-3,0.405
2026-06-17T20:30,andar-3,0.391
2026-06-17T20:45,andar-3,0.389
2026-06-17T21:00,andar-3,0.403
2026-06-17T21:15,andar-3,0.434
2026-06-17T21:30,andar-3,0.386
2026-06-17T21:45,andar-3,0.377
2026-06-17T22:00,andar-3,0.203
2026-06-17T22:15,andar-3,0.181
2026-06-17T22:30,andar-3,0.182
2026-06-17T22:45,andar-3,0.186
2026-06-17T23:00,andar-3,0.184
2026-06-17T23:15,andar-3,0.179
2026-06-17T23:30,andar-3,0.194
2026-06-17T23:45,andar-3,0.183
2026-06-18T00:00,andar-3,0.158
2026-06-18T00:15,andar-3,0.141
2026-06-18T00:30,andar-3,0.139
2026-06-18T00:45,andar-3,0.134
2026-06-18T01:00,andar-3,0.124
2026-06-18T01:15,andar-3,0.133
2026-06-18T01:30,andar-3,0.149
2026-06-18T01:45,andar-3,0.135
2026-06-18T02:00,andar-3,0.155
2026-06-18T02:15,andar-3,0.159
2026-06-18T02:30,andar-3,0.163
2026-06-18T02:45,andar-3,0.179
2026-06-18T03:00,andar-3,0.142
2026-06-18T03:15,andar-3,0.144
2026-06-18T03:30,andar-3,0.147
2026-06-18T03:45,andar-3,0.144
2026-06-18T04:00,andar-3,0.149
2026-06-18T04:15,andar-3,0.147
2026-06-18T04:30,andar-3,0.141
2026-06-18T04:45,andar-3,0.158
2026-06-18T05:00,andar-3,0.158
2026-06-18T05:15,andar-3,0.132
2026-06-18T05:30,andar-3,0.147
2026-06-18T05:45,andar-3,0.142
2026-06-18T06:00,andar-3,0.315
2026-06-18T06:15,andar-3,0.285
2026-06-18T06:30,andar-3,0.281
2026-06-18T06:45,andar-3,0.289
2026-06-18T07:00,andar-3,0.259
2026-06-18T07:15,andar-3,0.338
2026-06-18T07:30,andar-3,0.329
2026-06-18T07:45,andar-3,0.287
2026-06-18T08:00,andar-3,0.292
2026-06-18T08:15,andar-3,0.347
2026-06-18T08:30,andar-3,0.275
2026-06-18T08:45,andar-3,0.297
2026-06-18T09:00,andar-3,0.472
2026-06-18T09:15,andar-3,0.577
2026-06-18T09:30,andar-3,0.589
2026-06-18T09:45,andar-3,0.537
2026-06-18T10:00,andar-3,0.517
2026-06-18T10:15,andar-3,0.538
2026-06-18T10:30,andar-3,0.584
2026-06-18T10:45,andar-3,0.499
2026-06-18T11:00,andar-3,0.625
2026-06-18T11:15,andar-3,0.556
2026-06-18T11:30,andar-3,0.549
2026-06-18T11:45,andar-3,0.617
2026-06-18T12:00,andar-3,0.557
2026-06-18T12:15,andar-3,0.439
2026-06-18T12:30,andar-3,0.578
2026-06-18T12:45,andar-3,0.659
2026-06-18T13:00,andar-3,0.572
2026-06-18T13:15,andar-3,0.532
2026-06-18T13:30,andar-3,0.554
2026-06-18T13:45,andar-3,0.493
2026-06-18T14:00,andar-3,0.589
2026-06-18T14:15,andar-3,0.569
2026-06-18T14:30,andar-3,0.537
2026-06-18T14:45,andar-3,0.483
2026-06-18T15:00,andar-3,0.505
2026-06-18T15:15,andar-3,0.567
2026-06-18T15:30,andar-3,0.462
2026-06-18T15:45,andar-3,0.522
2026-06-18T16:00,andar-3,0.551
2026-06-18T16:15,andar-3,0.513
2026-06-18T16:30,andar-3,0.501
2026-06-18T16:45,andar-3,0.602
2026-06-18T17:00,andar-3,0.517
2026-06-18T17:15,andar-3,0.599
2026-06-18T17:30,andar-3,0.536
2026-06-18T17:45,andar-3,0.512
2026-06-18T18:00,andar-3,0.375
2026-06-18T18:15,andar-3,0.394
2026-06-18T18:30,andar-3,0.397
2026-06-18T18:45,andar-3,0.368
2026-06-18T19:00,andar-3,0.374
2026-06-18T19:15,andar-3,0.348
2026-06-18T19:30,andar-3,0.394
2026-06-18T19:45,andar-3,0.384
2026-06-18T20:00,andar-3,0.325
2026-06-18T20:15,andar-3,0.400
2026-06-18T20:30,andar-3,0.407
2026-06-18T20:45,andar-3,0.407
2026-06-18T21:00,andar-3,0.358
2026-06-18T21:15,andar-3,0.386
2026-06-18T21:30,andar-3,0.404
2026-06-18T21:45,andar-3,0.354
2026-06-18T22:00,andar-3,0.189
2026-06-18T22:15,andar-3,0.206
2026-06-18T22:30,andar-3,0.166
2026-06-18T22:45,andar-3,0.165
2026-06-18T23:00,andar-3,0.177
2026-06-18T23:15,andar-3,0.182
2026-06-18T23:30,andar-3,0.174
2026-06-18T23:45,andar-3,0.178
2026-06-19T00:00,andar-3,0.143
2026-06-19T00:15,andar-3,0.147
2026-06-19T00:30,andar-3,0.155
2026-06-19T00:45,andar-3,0.151
2026-06-19T01:00,andar-3,0.154
2026-06-19T01:15,andar-3,0.129
2026-06-19T01:30,andar-3,0.140
2026-06-19T01:45,andar-3,0.153
2026-06-19T02:00,andar-3,0.163
2026-06-19T02:15,andar-3,0.154
2026-06-19T02:30,andar-3,0.151
2026-06-19T02:45,andar-3,0.184
2026-06-19T03:00,andar-3,0.169
2026-06-19T03:15,andar-3,0.165
2026-06-19T03:30,andar-3,0.164
2026-06-19T03:45,andar-3,0.153
2026-06-19T04:00,andar-3,0.156
2026-06-19T04:15,andar-3,0.152
2026-06-19T04:30,andar-3,0.145
2026-06-19T04:45,andar-3,0.130
2026-06-19T05:00,andar-3,0.149
2026-06-19T05:15,andar-3,0.163
2026-06-19T05:30,andar-3,0.182
2026-06-19T05:45,andar-3,0.114
2026-06-19T06:00,andar-3,0.273
2026-06-19T06:15,andar-3,0.257
2026-06-19T06:30,andar-3,0.319
2026-06-19T06:45,andar-3,0.301
2026-06-19T07:00,andar-3,0.264
2026-06-19T07:15,andar-3,0.307
2026-06-19T07:30,andar-3,0.284
2026-06-19T07:45,andar-3,0.261
2026-06-19T08:00,andar-3,0.303
2026-06-19T08:15,andar-3,0.267
2026-06-19T08:30,andar-3,0.356
2026-06-19T08:45,andar-3,0.262
2026-06-19T09:00,andar-3,0.568
2026-06-19T09:15,andar-3,0.556
2026-06-19T09:30,andar-3,0.529
2026-06-19T09:45,andar-3,0.592
2026-06-19T10:00,andar-3,0.604
2026-06-19T10:15,andar-3,0.587
2026-06-19T10:30,andar-3,0.558
2026-06-19T10:45,andar-3,0.539
2026-06-19T11:00,andar-3,0.616
2026-06-19T11:15,andar-3,0.614
2026-06-19T11:30,andar-3,0.519
2026-06-19T11:45,andar-3,0.554
2026-06-19T12:00,andar-3,0.566
2026-06-19T12:15,andar-3,0.558
2026-06-19T12:30,andar-3,0.543
2026-06-19T12:45,andar-3,0.557
2026-06-19T13:00,andar-3,0.496
2026-06-19T13:15,andar-3,0.504
2026-06-19T13:30,andar-3,0.530
2026-06-19T13:45,andar-3,0.524
2026-06-19T14:00,andar-3,0.561
2026-06-19T14:15,andar-3,0.605
2026-06-19T14:30,andar-3,0.636
2026-06-19T14:45,andar-3,0.575
2026-06-19T15:00,andar-3,0.493
2026-06-19T15:15,andar-3,0.587
2026-06-19T15:30,andar-3,0.547
2026-06-19T15:45,andar-3,0.551
2026-06-19T16:00,andar-3,0.572
2026-06-19T16:15,andar-3,0.589
2026-06-19T16:30,andar-3,0.502
2026-06-19T16:45,andar-3,0.590
2026-06-19T17:00,andar-3,0.599
2026-06-19T17:15,andar-3,0.513
2026-06-19T17:30,andar-3,0.498
2026-06-19T17:45,andar-3,0.585
2026-06-19T18:00,andar-3,0.388
2026-06-19T18:15,andar-3,0.380
2026-06-19T18:30,andar-3,0.380
2026-06-19T18:45,andar-3,0.322
2026-06-19T19:00,andar-3,0.444
2026-06-19T19:15,andar-3,0.356
2026-06-19T19:30,andar-3,0.377
2026-06-19T19:45,andar-3,0.385
2026-06-19T20:00,andar-3,0.404
2026-06-19T20:15,andar-3,0.409
2026-06-19T20:30,andar-3,0.333
2026-06-19T20:45,andar-3,0.359
2026-06-19T21:00,andar-3,0.399
2026-06-19T21:15,andar-3,0.431
2026-06-19T21:30,andar-3,0.466
2026-06-19T21:45,andar-3,0.425
2026-06-19T22:00,andar-3,0.179
2026-06-19T22:15,andar-3,0.178
2026-06-19T22:30,andar-3,0.185
2026-06-19T22:45,andar-3,0.166
2026-06-19T23:00,andar-3,0.149
2026-06-19T23:15,andar-3,0.191
2026-06-19T23:30,andar-3,0.177
2026-06-19T23:45,andar-3,0.201
2026-06-20T00:00,andar-3,0.073
2026-06-20T00:15,andar-3,0.080
2026-06-20T00:30,andar-3,0.063
2026-06-20T00:45,andar-3,0.079
2026-06-20T01:00,andar-3,0.077
2026-06-20T01:15,andar-3,0.082
2026-06-20T01:30,andar-3,0.070
2026-06-20T01:45,andar-3,0.073
2026-06-20T02:00,andar-3,0.065
2026-06-20T02:15,andar-3,0.070
2026-06-20T02:30,andar-3,0.073
2026-06-20T02:45,andar-3,0.079
2026-06-20T03:00,andar-3,0.067
2026-06-20T03:15,andar-3,0.076
2026-06-20T03:30,andar-3,0.077
2026-06-20T03:45,andar-3,0.082
2026-06-20T04:00,andar-3,0.074
2026-06-20T04:15,andar-3,0.072
2026-06-20T04:30,andar-3,0.062
2026-06-20T04:45,andar-3,0.060
2026-06-20T05:00,andar-3,0.067
2026-06-20T05:15,andar-3,0.078
2026-06-20T05:30,andar-3,0.076
2026-06-20T05:45,andar-3,0.068
2026-06-20T06:00,andar-3,0.156
2026-06-20T06:15,andar-3,0.122
2026-06-20T06:30,andar-3,0.175
2026-06-20T06:45,andar-3,0.155
2026-06-20T07:00,andar-3,0.165
2026-06-20T07:15,andar-3,0.144
2026-06-20T07:30,andar-3,0.186
2026-06-20T07:45,andar-3,0.127
2026-06-20T08:00,andar-3,0.157
2026-06-20T08:15,andar-3,0.147
2026-06-20T08:30,andar-3,0.150
2026-06-20T08:45,andar-3,0.146
2026-06-20T09:00,andar-3,0.263
2026-06-20T09:15,andar-3,0.258
2026-06-20T09:30,andar-3,0.264
2026-06-20T09:45,andar-3,0.284
2026-06-20T10:00,andar-3,0.312
2026-06-20T10:15,andar-3,0.281
2026-06-20T10:30,andar-3,0.307
2026-06-20T10:45,andar-3,0.259
2026-06-20T11:00,andar-3,0.312
2026-06-20T11:15,andar-3,0.276
2026-06-20T11:30,andar-3,0.245
2026-06-20T11:45,andar-3,0.273
2026-06-20T12:00,andar-3,0.294
2026-06-20T12:15,andar-3,0.257
2026-06-20T12:30,andar-3,0.284
2026-06-20T12:45,andar-3,0.331
2026-06-20T13:00,andar-3,0.273
2026-06-20T13:15,andar-3,0.305
2026-06-20T13:30,andar-3,0.329
2026-06-20T13:45,andar-3,0.239
2026-06-20T14:00,andar-3,0.314
2026-06-20T14:15,andar-3,0.278
2026-06-20T14:30,andar-3,0.275
2026-06-20T14:45,andar-3,0.262
2026-06-20T15:00,andar-3,0.267
2026-06-20T15:15,andar-3,0.275
2026-06-20T15:30,andar-3,0.278
2026-06-20T15:45,andar-3,0.278
2026-06-20T16:00,andar-3,0.285
2026-06-20T16:15,andar-3,0.214
2026-06-20T16:30,andar-3,0.243
2026-06-20T16:45,andar-3,0.275
2026-06-20T17:00,andar-3,0.282
2026-06-20T17:15,andar-3,0.290
2026-06-20T17:30,andar-3,0.294
2026-06-20T17:45,andar-3,0.268
2026-06-20T18:00,andar-3,0.191
2026-06-20T18:15,andar-3,0.205
2026-06-20T18:30,andar-3,0.188
2026-06-20T18:45,andar-3,0.210
2026-06-20T19:00,andar-3,0.172
2026-06-20T19:15,andar-3,0.194
2026-06-20T19:30,andar-3,0.204
2026-06-20T19:45,andar-3,0.212
2026-06-20T20:00,andar-3,0.207
2026-06-20T20:15,andar-3,0.217
2026-06-20T20:30,andar-3,0.224
2026-06-20T20:45,andar-3,0.182
2026-06-20T21:00,andar-3,0.198
2026-06-20T21:15,andar-3,0.195
2026-06-20T21:30,andar-3,0.196
2026-06-20T21:45,andar-3,0.231
2026-06-20T22:00,andar-3,0.105
2026-06-20T22:15,andar-3,0.078
2026-06-20T22:30,andar-3,0.086
2026-06-20T22:45,andar-3,0.079
2026-06-20T23:00,andar-3,0.079
2026-06-20T23:15,andar-3,0.095
2026-06-20T23:30,andar-3,0.107
2026-06-20T23:45,andar-3,0.086
2026-06-21T00:00,andar-3,0.072
2026-06-21T00:15,andar-3,0.074
2026-06-21T00:30,andar-3,0.076
2026-06-21T00:45,andar-3,0.077
2026-06-21T01:00,andar-3,0.070
2026-06-21T01:15,andar-3,0.058
2026-06-21T01:30,andar-3,0.085
2026-06-21T01:45,andar-3,0.075
2026-06-21T02:00,andar-3,0.081
2026-06-21T02:15,andar-3,0.075
2026-06-21T02:30,andar-3,0.081
2026-06-21T02:45,andar-3,0.072
2026-06-21T03:00,andar-3,0.078
2026-06-21T03:15,andar-3,0.076
2026-06-21T03:30,andar-3,0.064
2026-06-21T03:45,andar-3,0.078
2026-06-21T04:00,andar-3,0.078
2026-06-21T04:15,andar-3,0.078
2026-06-21T04:30,andar-3,0.080
2026-06-21T04:45,andar-3,0.076
2026-06-21T05:00,andar-3,0.074
2026-06-21T05:15,andar-3,0.066
2026-06-21T05:30,andar-3,0.077
2026-06-21T05:45,andar-3,0.078
2026-06-21T06:00,andar-3,0.150
2026-06-21T06:15,andar-3,0.153
2026-06-21T06:30,andar-3,0.158
2026-06-21T06:45,andar-3,0.173
2026-06-21T07:00,andar-3,0.165
2026-06-21T07:15,andar-3,0.143
2026-06-21T07:30,andar-3,0.154
2026-06-21T07:45,andar-3,0.152
2026-06-21T08:00,andar-3,0.151
2026-06-21T08:15,andar-3,0.158
2026-06-21T08:30,andar-3,0.151
2026-06-21T08:45,andar-3,0.144
2026-06-21T09:00,andar-3,0.259
2026-06-21T09:15,andar-3,0.236
2026-06-21T09:30,andar-3,0.260
2026-06-21T09:45,andar-3,0.248
2026-06-21T10:00,andar-3,0.307
2026-06-21T10:15,andar-3,0.260
2026-06-21T10:30,andar-3,0.280
2026-06-21T10:45,andar-3,0.288
2026-06-21T11:00,andar-3,0.270
2026-06-21T11:15,andar-3,0.302
2026-06-21T11:30,andar-3,0.265
2026-06-21T11:45,andar-3,0.261
2026-06-21T12:00,andar-3,0.257
2026-06-21T12:15,andar-3,0.254
2026-06-21T12:30,andar-3,0.300
2026-06-21T12:45,andar-3,0.273
2026-06-21T13:00,andar-3,0.294
2026-06-21T13:15,andar-3,0.281
2026-06-21T13:30,andar-3,0.259
2026-06-21T13:45,andar-3,0.267
2026-06-21T14:00,andar-3,0.274
2026-06-21T14:15,andar-3,0.272
2026-06-21T14:30,andar-3,0.289
2026-06-21T14:45,andar-3,0.294
2026-06-21T15:00,andar-3,0.238
2026-06-21T15:15,andar-3,0.278
2026-06-21T15:30,andar-3,0.237
2026-06-21T15:45,andar-3,0.275
2026-06-21T16:00,andar-3,0.284
2026-06-21T16:15,andar-3,0.259
2026-06-21T16:30,andar-3,0.288
2026-06-21T16:45,andar-3,0.279
2026-06-21T17:00,andar-3,0.258
2026-06-21T17:15,andar-3,0.271
2026-06-21T17:30,andar-3,0.279
2026-06-21T17:45,andar-3,0.299
2026-06-21T18:00,andar-3,0.208
2026-06-21T18:15,andar-3,0.180
2026-06-21T18:30,andar-3,0.206
2026-06-21T18:45,andar-3,0.175
2026-06-21T19:00,andar-3,0.223
2026-06-21T19:15,andar-3,0.228
2026-06-21T19:30,andar-3,0.190
2026-06-21T19:45,andar-3,0.227
2026-06-21T20:00,andar-3,0.215
2026-06-21T20:15,andar-3,0.225
2026-06-21T20:30,andar-3,0.171
2026-06-21T20:45,andar-3,0.187
2026-06-21T21:00,andar-3,0.182
2026-06-21T21:15,andar-3,0.189
2026-06-21T21:30,andar-3,0.172
2026-06-21T21:45,andar-3,0.208
2026-06-21T22:00,andar-3,0.094
2026-06-21T22:15,andar-3,0.082
2026-06-21T22:30,andar-3,0.092
2026-06-21T22:45,andar-3,0.082
2026-06-21T23:00,andar-3,0.091
2026-06-21T23:15,andar-3,0.095
2026-06-21T23:30,andar-3,0.090
2026-06-21T23:45,andar-3,0.081
2026-06-22T00:00,andar-3,0.143
2026-06-22T00:15,andar-3,0.157
2026-06-22T00:30,andar-3,0.147
2026-06-22T00:45,andar-3,0.141
2026-06-22T01:00,andar-3,0.136
2026-06-22T01:15,andar-3,0.146
2026-06-22T01:30,andar-3,0.147
2026-06-22T01:45,andar-3,0.142
2026-06-22T02:00,andar-3,0.137
2026-06-22T02:15,andar-3,0.144
2026-06-22T02:30,andar-3,0.162
2026-06-22T02:45,andar-3,0.129
2026-06-22T03:00,andar-3,0.169
2026-06-22T03:15,andar-3,0.154
2026-06-22T03:30,andar-3,0.139
2026-06-22T03:45,andar-3,0.148
2026-06-22T04:00,andar-3,0.150
2026-06-22T04:15,andar-3,0.122
2026-06-22T04:30,andar-3,0.160
2026-06-22T04:45,andar-3,0.147
2026-06-22T05:00,andar-3,0.144
2026-06-22T05:15,andar-3,0.144
2026-06-22T05:30,andar-3,0.160
2026-06-22T05:45,andar-3,0.155
2026-06-22T06:00,andar-3,0.296
2026-06-22T06:15,andar-3,0.271
2026-06-22T06:30,andar-3,0.328
2026-06-22T06:45,andar-3,0.304
2026-06-22T07:00,andar-3,0.292
2026-06-22T07:15,andar-3,0.314
2026-06-22T07:30,andar-3,0.268
2026-06-22T07:45,andar-3,0.308
2026-06-22T08:00,andar-3,0.270
2026-06-22T08:15,andar-3,0.305
2026-06-22T08:30,andar-3,0.275
2026-06-22T08:45,andar-3,0.306
2026-06-22T09:00,andar-3,0.591
2026-06-22T09:15,andar-3,0.504
2026-06-22T09:30,andar-3,0.635
2026-06-22T09:45,andar-3,0.514
2026-06-22T10:00,andar-3,0.497
2026-06-22T10:15,andar-3,0.537
2026-06-22T10:30,andar-3,0.502
2026-06-22T10:45,andar-3,0.538
2026-06-22T11:00,andar-3,0.596
2026-06-22T11:15,andar-3,0.639
2026-06-22T11:30,andar-3,0.551
2026-06-22T11:45,andar-3,0.574
2026-06-22T12:00,andar-3,0.554
2026-06-22T12:15,andar-3,0.559
2026-06-22T12:30,andar-3,0.558
2026-06-22T12:45,andar-3,0.475
2026-06-22T13:00,andar-3,0.593
2026-06-22T13:15,andar-3,0.580
2026-06-22T13:30,andar-3,0.518
2026-06-22T13:45,andar-3,0.603
2026-06-22T14:00,andar-3,0.658
2026-06-22T14:15,andar-3,0.510
2026-06-22T14:30,andar-3,0.506
2026-06-22T14:45,andar-3,0.490
2026-06-22T15:00,andar-3,0.531
2026-06-22T15:15,andar-3,0.539
2026-06-22T15:30,andar-3,0.423
2026-06-22T15:45,andar-3,0.554
2026-06-22T16:00,andar-3,0.599
2026-06-22T16:15,andar-3,0.577
2026-06-22T16:30,andar-3,0.514
2026-06-22T16:45,andar-3,0.562
2026-06-22T17:00,andar-3,0.513
2026-06-22T17:15,andar-3,0.574
2026-06-22T17:30,andar-3,0.531
2026-06-22T17:45,andar-3,0.582
2026-06-22T18:00,andar-3,0.350
2026-06-22T18:15,andar-3,0.392
2026-06-22T18:30,andar-3,0.439
2026-06-22T18:45,andar-3,0.362
2026-06-22T19:00,andar-3,0.448
2026-06-22T19:15,andar-3,0.434
2026-06-22T19:30,andar-3,0.402
2026-06-22T19:45,andar-3,0.380
2026-06-22T20:00,andar-3,0.404
2026-06-22T20:15,andar-3,0.368
2026-06-22T20:30,andar-3,0.315
2026-06-22T20:45,andar-3,0.445
2026-06-22T21:00,andar-3,0.383
2026-06-22T21:15,andar-3,0.394
2026-06-22T21:30,andar-3,0.422
2026-06-22T21:45,andar-3,0.377
2026-06-22T22:00,andar-3,0.187
2026-06-22T22:15,andar-3,0.173
2026-06-22T22:30,andar-3,0.173
2026-06-22T22:45,andar-3,0.180
2026-06-22T23:00,andar-3,0.173
2026-06-22T23:15,andar-3,0.197
2026-06-22T23:30,andar-3,0.159
2026-06-22T23:45,andar-3,0.166
2026-06-23T00:00,andar-3,0.130
2026-06-23T00:15,andar-3,0.155
2026-06-23T00:30,andar-3,0.159
2026-06-23T00:45,andar-3,0.155
2026-06-23T01:00,andar-3,0.154
2026-06-23T01:15,andar-3,0.155
2026-06-23T01:30,andar-3,0.153
2026-06-23T01:45,andar-3,0.137
2026-06-23T02:00,andar-3,0.166
2026-06-23T02:15,andar-3,0.139
2026-06-23T02:30,andar-3,0.126
2026-06-23T02:45,andar-3,0.149
2026-06-23T03:00,andar-3,0.135
2026-06-23T03:15,andar-3,0.134
2026-06-23T03:30,andar-3,0.180
2026-06-23T03:45,andar-3,0.155
2026-06-23T04:00,andar-3,0.140
2026-06-23T04:15,andar-3,0.157
2026-06-23T04:30,andar-3,0.158
2026-06-23T04:45,andar-3,0.140
2026-06-23T05:00,andar-3,0.157
2026-06-23T05:15,andar-3,0.143
2026-06-23T05:30,andar-3,0.149
2026-06-23T05:45,andar-3,0.169
2026-06-23T06:00,andar-3,0.271
2026-06-23T06:15,andar-3,0.294
2026-06-23T06:30,andar-3,0.299
2026-06-23T06:45,andar-3,0.316
2026-06-23T07:00,andar-3,0.296
2026-06-23T07:15,andar-3,0.263
2026-06-23T07:30,andar-3,0.301
2026-06-23T07:45,andar-3,0.331
2026-06-23T08:00,andar-3,0.276
2026-06-23T08:15,andar-3,0.297
2026-06-23T08:30,andar-3,0.298
2026-06-23T08:45,andar-3,0.313
2026-06-23T09:00,andar-3,0.561
2026-06-23T09:15,andar-3,0.594
2026-06-23T09:30,andar-3,0.524
2026-06-23T09:45,andar-3,0.538
2026-06-23T10:00,andar-3,0.574
2026-06-23T10:15,andar-3,0.559
2026-06-23T10:30,andar-3,0.589
2026-06-23T10:45,andar-3,0.606
2026-06-23T11:00,andar-3,0.650
2026-06-23T11:15,andar-3,0.506
2026-06-23T11:30,andar-3,0.525
2026-06-23T11:45,andar-3,0.584
2026-06-23T12:00,andar-3,0.612
2026-06-23T12:15,andar-3,0.504
2026-06-23T12:30,andar-3,0.562
2026-06-23T12:45,andar-3,0.509
2026-06-23T13:00,andar-3,0.585
2026-06-23T13:15,andar-3,0.575
2026-06-23T13:30,andar-3,0.484
2026-06-23T13:45,andar-3,0.567
2026-06-23T14:00,andar-3,0.594
2026-06-23T14:15,andar-3,0.536
2026-06-23T14:30,andar-3,0.613
2026-06-23T14:45,andar-3,0.579
2026-06-23T15:00,andar-3,0.579
2026-06-23T15:15,andar-3,0.606
2026-06-23T15:30,andar-3,0.558
2026-06-23T15:45,andar-3,0.504
2026-06-23T16:00,andar-3,0.525
2026-06-23T16:15,andar-3,0.609
2026-06-23T16:30,andar-3,0.501
2026-06-23T16:45,andar-3,0.557
2026-06-23T17:00,andar-3,0.563
2026-06-23T17:15,andar-3,0.554
2026-06-23T17:30,andar-3,0.587
2026-06-23T17:45,andar-3,0.510
2026-06-23T18:00,andar-3,0.406
2026-06-23T18:15,andar-3,0.362
2026-06-23T18:30,andar-3,0.372
2026-06-23T18:45,andar-3,0.377
2026-06-23T19:00,andar-3,0.376
2026-06-23T19:15,andar-3,0.443
2026-06-23T19:30,andar-3,0.453
2026-06-23T19:45,andar-3,0.438
2026-06-23T20:00,andar-3,0.491
2026-06-23T20:15,andar-3,0.348
2026-06-23T20:30,andar-3,0.417
2026-06-23T20:45,andar-3,0.425
2026-06-23T21:00,andar-3,0.421
2026-06-23T21:15,andar-3,0.442
2026-06-23T21:30,andar-3,0.403
2026-06-23T21:45,andar-3,0.417
2026-06-23T22:00,andar-3,0.184
2026-06-23T22:15,andar-3,0.195
2026-06-23T22:30,andar-3,0.184
2026-06-23T22:45,andar-3,0.157
2026-06-23T23:00,andar-3,0.188
2026-06-23T23:15,andar-3,0.194
2026-06-23T23:30,andar-3,0.178
2026-06-23T23:45,andar-3,0.154
2026-06-24T00:00,andar-3,0.147
2026-06-24T00:15,andar-3,0.151
2026-06-24T00:30,andar-3,0.152
2026-06-24T00:45,andar-3,0.157
2026-06-24T01:00,andar-3,0.133
2026-06-24T01:15,andar-3,0.139
2026-06-24T01:30,andar-3,0.156
2026-06-24T01:45,andar-3,0.142
2026-06-24T02:00,andar-3,0.152
2026-06-24T02:15,andar-3,0.156
2026-06-24T02:30,andar-3,0.176
2026-06-24T02:45,andar-3,0.148
2026-06-24T03:00,andar-3,0.149
2026-06-24T03:15,andar-3,0.136
2026-06-24T03:30,andar-3,0.148
2026-06-24T03:45,andar-3,0.151
2026-06-24T04:00,andar-3,0.156
2026-06-24T04:15,andar-3,0.146
2026-06-24T04:30,andar-3,0.169
2026-06-24T04:45,andar-3,0.156
2026-06-24T05:00,andar-3,0.143
2026-06-24T05:15,andar-3,0.173
2026-06-24T05:30,andar-3,0.140
2026-06-24T05:45,andar-3,0.151
2026-06-24T06:00,andar-3,0.334
2026-06-24T06:15,andar-3,0.278
2026-06-24T06:30,andar-3,0.307
2026-06-24T06:45,andar-3,0.314
2026-06-24T07:00,andar-3,0.284
2026-06-24T07:15,andar-3,0.289
2026-06-24T07:30,andar-3,0.282
2026-06-24T07:45,andar-3,0.289
2026-06-24T08:00,andar-3,0.270
2026-06-24T08:15,andar-3,0.302
2026-06-24T08:30,andar-3,0.298
2026-06-24T08:45,andar-3,0.295
2026-06-24T09:00,andar-3,0.599
2026-06-24T09:15,andar-3,0.568
2026-06-24T09:30,andar-3,0.473
2026-06-24T09:45,andar-3,0.537
2026-06-24T10:00,andar-3,0.539
2026-06-24T10:15,andar-3,0.519
2026-06-24T10:30,andar-3,0.569
2026-06-24T10:45,andar-3,0.547
2026-06-24T11:00,andar-3,0.578
2026-06-24T11:15,andar-3,0.514
2026-06-24T11:30,andar-3,0.530
2026-06-24T11:45,andar-3,0.487
2026-06-24T12:00,andar-3,0.562
2026-06-24T12:15,andar-3,0.504
2026-06-24T12:30,andar-3,0.523
2026-06-24T12:45,andar-3,0.540
2026-06-24T13:00,andar-3,0.552
2026-06-24T13:15,andar-3,0.565
2026-06-24T13:30,andar-3,0.515
2026-06-24T13:45,andar-3,0.639
2026-06-24T14:00,andar-3,0.554
2026-06-24T14:15,andar-3,0.557
2026-06-24T14:30,andar-3,0.522
2026-06-24T14:45,andar-3,0.621
2026-06-24T15:00,andar-3,0.470
2026-06-24T15:15,andar-3,0.560
2026-06-24T15:30,andar-3,0.487
2026-06-24T15:45,andar-3,0.492
2026-06-24T16:00,andar-3,0.580
2026-06-24T16:15,andar-3,0.527
2026-06-24T16:30,andar-3,0.483
2026-06-24T16:45,andar-3,0.510
2026-06-24T17:00,andar-3,0.566
2026-06-24T17:15,andar-3,0.465
2026-06-24T17:30,andar-3,0.547
2026-06-24T17:45,andar-3,0.534
2026-06-24T18:00,andar-3,0.389
2026-06-24T18:15,andar-3,0.413
2026-06-24T18:30,andar-3,0.397
2026-06-24T18:45,andar-3,0.442
2026-06-24T19:00,andar-3,0.411
2026-06-24T19:15,andar-3,0.374
2026-06-24T19:30,andar-3,0.410
2026-06-24T19:45,andar-3,0.440
2026-06-24T20:00,andar-3,0.407
2026-06-24T20:15,andar-3,0.424
2026-06-24T20:30,andar-3,0.411
2026-06-24T20:45,andar-3,0.408
2026-06-24T21:00,andar-3,0.423
2026-06-24T21:15,andar-3,0.351
2026-06-24T21:30,andar-3,0.446
2026-06-24T21:45,andar-3,0.436
2026-06-24T22:00,andar-3,0.187
2026-06-24T22:15,andar-3,0.187
2026-06-24T22:30,andar-3,0.167
2026-06-24T22:45,andar-3,0.197
2026-06-24T23:00,andar-3,0.185
2026-06-24T23:15,andar-3,0.169
2026-06-24T23:30,andar-3,0.201
2026-06-24T23:45,andar-3,0.176
2026-06-25T00:00,andar-3,0.185
2026-06-25T00:15,andar-3,0.143
2026-06-25T00:30,andar-3,0.150
2026-06-25T00:45,andar-3,0.149
2026-06-25T01:00,andar-3,0.144
2026-06-25T01:15,andar-3,0.150
2026-06-25T01:30,andar-3,0.155
2026-06-25T01:45,andar-3,0.133
2026-06-25T02:00,andar-3,0.130
2026-06-25T02:15,andar-3,0.149
2026-06-25T02:30,andar-3,0.154
2026-06-25T02:45,andar-3,0.137
2026-06-25T03:00,andar-3,0.141
2026-06-25T03:15,andar-3,0.161
2026-06-25T03:30,andar-3,0.142
2026-06-25T03:45,andar-3,0.148
2026-06-25T04:00,andar-3,0.151
2026-06-25T04:15,andar-3,0.151
2026-06-25T04:30,andar-3,0.180
2026-06-25T04:45,andar-3,0.168
2026-06-25T05:00,andar-3,0.138
2026-06-25T05:15,andar-3,0.144
2026-06-25T05:30,andar-3,0.159
2026-06-25T05:45,andar-3,0.156
2026-06-25T06:00,andar-3,0.312
2026-06-25T06:15,andar-3,0.308
2026-06-25T06:30,andar-3,0.235
2026-06-25T06:45,andar-3,0.326
2026-06-25T07:00,andar-3,0.313
2026-06-25T07:15,andar-3,0.307
2026-06-25T07:30,andar-3,0.276
2026-06-25T07:45,andar-3,0.253
2026-06-25T08:00,andar-3,0.274
2026-06-25T08:15,andar-3,0.278
2026-06-25T08:30,andar-3,0.295
2026-06-25T08:45,andar-3,0.299
2026-06-25T09:00,andar-3,0.619
2026-06-25T09:15,andar-3,0.539
2026-06-25T09:30,andar-3,0.499
2026-06-25T09:45,andar-3,0.579
2026-06-25T10:00,andar-3,0.509
2026-06-25T10:15,andar-3,0.545
2026-06-25T10:30,andar-3,0.503
2026-06-25T10:45,andar-3,0.632
2026-06-25T11:00,andar-3,0.476
2026-06-25T11:15,andar-3,0.543
2026-06-25T11:30,andar-3,0.554
2026-06-25T11:45,andar-3,0.609
2026-06-25T12:00,andar-3,0.505
2026-06-25T12:15,andar-3,0.481
2026-06-25T12:30,andar-3,0.548
2026-06-25T12:45,andar-3,0.484
2026-06-25T13:00,andar-3,0.606
2026-06-25T13:15,andar-3,0.552
2026-06-25T13:30,andar-3,0.595
2026-06-25T13:45,andar-3,0.470
2026-06-25T14:00,andar-3,0.473
2026-06-25T14:15,andar-3,0.495
2026-06-25T14:30,andar-3,0.481
2026-06-25T14:45,andar-3,0.567
2026-06-25T15:00,andar-3,0.506
2026-06-25T15:15,andar-3,0.482
2026-06-25T15:30,andar-3,0.512
2026-06-25T15:45,andar-3,0.546
2026-06-25T16:00,andar-3,0.495
2026-06-25T16:15,andar-3,0.515
2026-06-25T16:30,andar-3,0.600
2026-06-25T16:45,andar-3,0.593
2026-06-25T17:00,andar-3,0.603
2026-06-25T17:15,andar-3,0.544
2026-06-25T17:30,andar-3,0.543
2026-06-25T17:45,andar-3,0.541
2026-06-25T18:00,andar-3,0.407
2026-06-25T18:15,andar-3,0.377
2026-06-25T18:30,andar-3,0.426
2026-06-25T18:45,andar-3,0.374
2026-06-25T19:00,andar-3,0.407
2026-06-25T19:15,andar-3,0.415
2026-06-25T19:30,andar-3,0.396
2026-06-25T19:45,andar-3,0.408
2026-06-25T20:00,andar-3,0.393
2026-06-25T20:15,andar-3,0.436
2026-06-25T20:30,andar-3,0.398
2026-06-25T20:45,andar-3,0.412
2026-06-25T21:00,andar-3,0.434
2026-06-25T21:15,andar-3,0.401
2026-06-25T21:30,andar-3,0.441
2026-06-25T21:45,andar-3,0.367
2026-06-25T22:00,andar-3,0.182
2026-06-25T22:15,andar-3,0.181
2026-06-25T22:30,andar-3,0.152
2026-06-25T22:45,andar-3,0.208
2026-06-25T23:00,andar-3,0.176
2026-06-25T23:15,andar-3,0.152
2026-06-25T23:30,andar-3,0.181
2026-06-25T23:45,andar-3,0.172
2026-06-26T00:00,andar-3,0.144
2026-06-26T00:15,andar-3,0.161
2026-06-26T00:30,andar-3,0.180
2026-06-26T00:45,andar-3,0.151
2026-06-26T01:00,andar-3,0.142
2026-06-26T01:15,andar-3,0.155
2026-06-26T01:30,andar-3,0.166
2026-06-26T01:45,andar-3,0.152
2026-06-26T02:00,andar-3,0.133
2026-06-26T02:15,andar-3,0.152
2026-06-26T02:30,andar-3,0.144
2026-06-26T02:45,andar-3,0.132
2026-06-26T03:00,andar-3,0.158
2026-06-26T03:15,andar-3,0.165
2026-06-26T03:30,andar-3,0.140
2026-06-26T03:45,andar-3,0.155
2026-06-26T04:00,andar-3,0.161
2026-06-26T04:15,andar-3,0.153
2026-06-26T04:30,andar-3,0.158
2026-06-26T04:45,andar-3,0.161
2026-06-26T05:00,andar-3,0.145
2026-06-26T05:15,andar-3,0.146
2026-06-26T05:30,andar-3,0.151
2026-06-26T05:45,andar-3,0.151
2026-06-26T06:00,andar-3,0.274
2026-06-26T06:15,andar-3,0.295
2026-06-26T06:30,andar-3,0.340
2026-06-26T06:45,andar-3,0.293
2026-06-26T07:00,andar-3,0.309
2026-06-26T07:15,andar-3,0.321
2026-06-26T07:30,andar-3,0.275
2026-06-26T07:45,andar-3,0.283
2026-06-26T08:00,andar-3,0.305
2026-06-26T08:15,andar-3,0.309
2026-06-26T08:30,andar-3,0.318
2026-06-26T08:45,andar-3,0.304
2026-06-26T09:00,andar-3,0.554
2026-06-26T09:15,andar-3,0.536
2026-06-26T09:30,andar-3,0.559
2026-06-26T09:45,andar-3,0.597
2026-06-26T10:00,andar-3,0.634
2026-06-26T10:15,andar-3,0.588
2026-06-26T10:30,andar-3,0.585
2026-06-26T10:45,andar-3,0.561
2026-06-26T11:00,andar-3,0.557
2026-06-26T11:15,andar-3,0.550
2026-06-26T11:30,andar-3,0.559
2026-06-26T11:45,andar-3,0.598
2026-06-26T12:00,andar-3,0.487
2026-06-26T12:15,andar-3,0.540
2026-06-26T12:30,andar-3,0.450
2026-06-26T12:45,andar-3,0.555
2026-06-26T13:00,andar-3,0.533
2026-06-26T13:15,andar-3,0.565
2026-06-26T13:30,andar-3,0.489
2026-06-26T13:45,andar-3,0.637
2026-06-26T14:00,andar-3,0.586
2026-06-26T14:15,andar-3,0.527
2026-06-26T14:30,andar-3,0.604
2026-06-26T14:45,andar-3,0.576
2026-06-26T15:00,andar-3,0.575
2026-06-26T15:15,andar-3,0.581
2026-06-26T15:30,andar-3,0.562
2026-06-26T15:45,andar-3,0.587
2026-06-26T16:00,andar-3,0.547
2026-06-26T16:15,andar-3,0.527
2026-06-26T16:30,andar-3,0.490
2026-06-26T16:45,andar-3,0.515
2026-06-26T17:00,andar-3,0.639
2026-06-26T17:15,andar-3,0.594
2026-06-26T17:30,andar-3,0.618
2026-06-26T17:45,andar-3,0.543
2026-06-26T18:00,andar-3,0.362
2026-06-26T18:15,andar-3,0.426
2026-06-26T18:30,andar-3,0.422
2026-06-26T18:45,andar-3,0.436
2026-06-26T19:00,andar-3,0.407
2026-06-26T19:15,andar-3,0.383
2026-06-26T19:30,andar-3,0.380
2026-06-26T19:45,andar-3,0.364
2026-06-26T20:00,andar-3,0.416
2026-06-26T20:15,andar-3,0.415
2026-06-26T20:30,andar-3,0.368
2026-06-26T20:45,andar-3,0.436
2026-06-26T21:00,andar-3,0.431
2026-06-26T21:15,andar-3,0.336
2026-06-26T21:30,andar-3,0.405
2026-06-26T21:45,andar-3,0.424
2026-06-26T22:00,andar-3,0.201
2026-06-26T22:15,andar-3,0.192
2026-06-26T22:30,andar-3,0.211
2026-06-26T22:45,andar-3,0.181
2026-06-26T23:00,andar-3,0.187
2026-06-26T23:15,andar-3,0.181
2026-06-26T23:30,andar-3,0.179
2026-06-26T23:45,andar-3,0.208
2026-06-27T00:00,andar-3,0.077
2026-06-27T00:15,andar-3,0.083
2026-06-27T00:30,andar-3,0.074
2026-06-27T00:45,andar-3,0.075
2026-06-27T01:00,andar-3,0.077
2026-06-27T01:15,andar-3,0.065
2026-06-27T01:30,andar-3,0.076
2026-06-27T01:45,andar-3,0.072
2026-06-27T02:00,andar-3,0.072
2026-06-27T02:15,andar-3,0.075
2026-06-27T02:30,andar-3,0.075
2026-06-27T02:45,andar-3,0.076
2026-06-27T03:00,andar-3,0.069
2026-06-27T03:15,andar-3,0.078
2026-06-27T03:30,andar-3,0.089
2026-06-27T03:45,andar-3,0.077
2026-06-27T04:00,andar-3,0.072
2026-06-27T04:15,andar-3,0.066
2026-06-27T04:30,andar-3,0.073
2026-06-27T04:45,andar-3,0.075
2026-06-27T05:00,andar-3,0.078
2026-06-27T05:15,andar-3,0.072
2026-06-27T05:30,andar-3,0.079
2026-06-27T05:45,andar-3,0.078
2026-06-27T06:00,andar-3,0.160
2026-06-27T06:15,andar-3,0.150
2026-06-27T06:30,andar-3,0.161
2026-06-27T06:45,andar-3,0.144
2026-06-27T07:00,andar-3,0.167
2026-06-27T07:15,andar-3,0.148
2026-06-27T07:30,andar-3,0.155
2026-06-27T07:45,andar-3,0.142
2026-06-27T08:00,andar-3,0.131
2026-06-27T08:15,andar-3,0.125
2026-06-27T08:30,andar-3,0.145
2026-06-27T08:45,andar-3,0.134
2026-06-27T09:00,andar-3,0.310
2026-06-27T09:15,andar-3,0.275
2026-06-27T09:30,andar-3,0.289
2026-06-27T09:45,andar-3,0.261
2026-06-27T10:00,andar-3,0.308
2026-06-27T10:15,andar-3,0.283
2026-06-27T10:30,andar-3,0.312
2026-06-27T10:45,andar-3,0.273
2026-06-27T11:00,andar-3,0.290
2026-06-27T11:15,andar-3,0.272
2026-06-27T11:30,andar-3,0.286
2026-06-27T11:45,andar-3,0.274
2026-06-27T12:00,andar-3,0.277
2026-06-27T12:15,andar-3,0.293
2026-06-27T12:30,andar-3,0.285
2026-06-27T12:45,andar-3,0.245
2026-06-27T13:00,andar-3,0.284
2026-06-27T13:15,andar-3,0.265
2026-06-27T13:30,andar-3,0.258
2026-06-27T13:45,andar-3,0.267
2026-06-27T14:00,andar-3,0.273
2026-06-27T14:15,andar-3,0.271
2026-06-27T14:30,andar-3,0.275
2026-06-27T14:45,andar-3,0.259
2026-06-27T15:00,andar-3,0.269
2026-06-27T15:15,andar-3,0.258
2026-06-27T15:30,andar-3,0.269
2026-06-27T15:45,andar-3,0.247
2026-06-27T16:00,andar-3,0.320
2026-06-27T16:15,andar-3,0.284
2026-06-27T16:30,andar-3,0.319
2026-06-27T16:45,andar-3,0.264
2026-06-27T17:00,andar-3,0.290
2026-06-27T17:15,andar-3,0.268
2026-06-27T17:30,andar-3,0.269
2026-06-27T17:45,andar-3,0.264
2026-06-27T18:00,andar-3,0.196
2026-06-27T18:15,andar-3,0.192
2026-06-27T18:30,andar-3,0.192
2026-06-27T18:45,andar-3,0.188
2026-06-27T19:00,andar-3,0.179
2026-06-27T19:15,andar-3,0.203
2026-06-27T19:30,andar-3,0.190
2026-06-27T19:45,andar-3,0.194
2026-06-27T20:00,andar-3,0.240
2026-06-27T20:15,andar-3,0.236
2026-06-27T20:30,andar-3,0.193
2026-06-27T20:45,andar-3,0.181
2026-06-27T21:00,andar-3,0.229
2026-06-27T21:15,andar-3,0.238
2026-06-27T21:30,andar-3,0.216
2026-06-27T21:45,andar-3,0.213
2026-06-27T22:00,andar-3,0.101
2026-06-27T22:15,andar-3,0.090
2026-06-27T22:30,andar-3,0.078
2026-06-27T22:45,andar-3,0.091
2026-06-27T23:00,andar-3,0.101
2026-06-27T23:15,andar-3,0.084
2026-06-27T23:30,andar-3,0.090
2026-06-27T23:45,andar-3,0.092
2026-06-28T00:00,andar-3,0.073
2026-06-28T00:15,andar-3,0.078
2026-06-28T00:30,andar-3,0.073
2026-06-28T00:45,andar-3,0.069
2026-06-28T01:00,andar-3,0.081
2026-06-28T01:15,andar-3,0.070
2026-06-28T01:30,andar-3,0.072
2026-06-28T01:45,andar-3,0.070
2026-06-28T02:00,andar-3,0.077
2026-06-28T02:15,andar-3,0.076
2026-06-28T02:30,andar-3,0.078
2026-06-28T02:45,andar-3,0.082
2026-06-28T03:00,andar-3,0.076
2026-06-28T03:15,andar-3,0.080
2026-06-28T03:30,andar-3,0.066
2026-06-28T03:45,andar-3,0.076
2026-06-28T04:00,andar-3,0.069
2026-06-28T04:15,andar-3,0.070
2026-06-28T04:30,andar-3,0.078
2026-06-28T04:45,andar-3,0.068
2026-06-28T05:00,andar-3,0.075
2026-06-28T05:15,andar-3,0.066
2026-06-28T05:30,andar-3,0.075
2026-06-28T05:45,andar-3,0.068
2026-06-28T06:00,andar-3,0.157
2026-06-28T06:15,andar-3,0.161
2026-06-28T06:30,andar-3,0.145
2026-06-28T06:45,andar-3,0.162
2026-06-28T07:00,andar-3,0.158
2026-06-28T07:15,andar-3,0.158
2026-06-28T07:30,andar-3,0.161
2026-06-28T07:45,andar-3,0.172
2026-06-28T08:00,andar-3,0.166
2026-06-28T08:15,andar-3,0.131
2026-06-28T08:30,andar-3,0.161
2026-06-28T08:45,andar-3,0.152
2026-06-28T09:00,andar-3,0.282
2026-06-28T09:15,andar-3,0.288
2026-06-28T09:30,andar-3,0.235
2026-06-28T09:45,andar-3,0.251
2026-06-28T10:00,andar-3,0.287
2026-06-28T10:15,andar-3,0.305
2026-06-28T10:30,andar-3,0.262
2026-06-28T10:45,andar-3,0.256
2026-06-28T11:00,andar-3,0.299
2026-06-28T11:15,andar-3,0.266
2026-06-28T11:30,andar-3,0.276
2026-06-28T11:45,andar-3,0.306
2026-06-28T12:00,andar-3,0.267
2026-06-28T12:15,andar-3,0.284
2026-06-28T12:30,andar-3,0.271
2026-06-28T12:45,andar-3,0.289
2026-06-28T13:00,andar-3,0.252
2026-06-28T13:15,andar-3,0.283
2026-06-28T13:30,andar-3,0.252
2026-06-28T13:45,andar-3,0.316
2026-06-28T14:00,andar-3,0.280
2026-06-28T14:15,andar-3,0.295
2026-06-28T14:30,andar-3,0.255
2026-06-28T14:45,andar-3,0.338
2026-06-28T15:00,andar-3,0.266
2026-06-28T15:15,andar-3,0.264
2026-06-28T15:30,andar-3,0.255
2026-06-28T15:45,andar-3,0.279
2026-06-28T16:00,andar-3,0.292
2026-06-28T16:15,andar-3,0.250
2026-06-28T16:30,andar-3,0.309
2026-06-28T16:45,andar-3,0.258
2026-06-28T17:00,andar-3,0.281
2026-06-28T17:15,andar-3,0.265
2026-06-28T17:30,andar-3,0.225
2026-06-28T17:45,andar-3,0.273
2026-06-28T18:00,andar-3,0.208
2026-06-28T18:15,andar-3,0.183
2026-06-28T18:30,andar-3,0.224
2026-06-28T18:45,andar-3,0.210
2026-06-28T19:00,andar-3,0.201
2026-06-28T19:15,andar-3,0.178
2026-06-28T19:30,andar-3,0.207
2026-06-28T19:45,andar-3,0.185
2026-06-28T20:00,andar-3,0.223
2026-06-28T20:15,andar-3,0.202
2026-06-28T20:30,andar-3,0.207
2026-06-28T20:45,andar-3,0.220
2026-06-28T21:00,andar-3,0.211
2026-06-28T21:15,andar-3,0.218
2026-06-28T21:30,andar-3,0.195
2026-06-28T21:45,andar-3,0.178
2026-06-28T22:00,andar-3,0.094
2026-06-28T22:15,andar-3,0.087
2026-06-28T22:30,andar-3,0.088
2026-06-28T22:45,andar-3,0.087
2026-06-28T23:00,andar-3,0.083
2026-06-28T23:15,andar-3,0.100
2026-06-28T23:30,andar-3,0.091
2026-06-28T23:45,andar-3,0.083
2026-06-29T00:00,andar-3,0.151
2026-06-29T00:15,andar-3,0.152
2026-06-29T00:30,andar-3,0.149
2026-06-29T00:45,andar-3,0.141
2026-06-29T01:00,andar-3,0.164
2026-06-29T01:15,andar-3,0.166
2026-06-29T01:30,andar-3,0.161
2026-06-29T01:45,andar-3,0.162
2026-06-29T02:00,andar-3,0.139
2026-06-29T02:15,andar-3,0.147
2026-06-29T02:30,andar-3,0.146
2026-06-29T02:45,andar-3,0.153
2026-06-29T03:00,andar-3,0.139
2026-06-29T03:15,andar-3,0.171
2026-06-29T03:30,andar-3,0.137
2026-06-29T03:45,andar-3,0.149
2026-06-29T04:00,andar-3,0.142
2026-06-29T04:15,andar-3,0.146
2026-06-29T04:30,andar-3,0.140
2026-06-29T04:45,andar-3,0.149
2026-06-29T05:00,andar-3,0.125
2026-06-29T05:15,andar-3,0.152
2026-06-29T05:30,andar-3,0.138
2026-06-29T05:45,andar-3,0.143
2026-06-29T06:00,andar-3,0.305
2026-06-29T06:15,andar-3,0.319
2026-06-29T06:30,andar-3,0.306
2026-06-29T06:45,andar-3,0.306
2026-06-29T07:00,andar-3,0.305
2026-06-29T07:15,andar-3,0.331
2026-06-29T07:30,andar-3,0.300
2026-06-29T07:45,andar-3,0.280
2026-06-29T08:00,andar-3,0.296
2026-06-29T08:15,andar-3,0.277
2026-06-29T08:30,andar-3,0.273
2026-06-29T08:45,andar-3,0.295
2026-06-29T09:00,andar-3,0.523
2026-06-29T09:15,andar-3,0.519
2026-06-29T09:30,andar-3,0.569
2026-06-29T09:45,andar-3,0.612
2026-06-29T10:00,andar-3,0.578
2026-06-29T10:15,andar-3,0.500
2026-06-29T10:30,andar-3,0.568
2026-06-29T10:45,andar-3,0.612
2026-06-29T11:00,andar-3,0.515
2026-06-29T11:15,andar-3,0.510
2026-06-29T11:30,andar-3,0.604
2026-06-29T11:45,andar-3,0.587
2026-06-29T12:00,andar-3,0.465
2026-06-29T12:15,andar-3,0.547
2026-06-29T12:30,andar-3,0.603
2026-06-29T12:45,andar-3,0.584
2026-06-29T13:00,andar-3,0.487
2026-06-29T13:15,andar-3,0.592
2026-06-29T13:30,andar-3,0.515
2026-06-29T13:45,andar-3,0.594
2026-06-29T14:00,andar-3,0.579
2026-06-29T14:15,andar-3,0.564
2026-06-29T14:30,andar-3,0.513
2026-06-29T14:45,andar-3,0.596
2026-06-29T15:00,andar-3,0.573
2026-06-29T15:15,andar-3,0.524
2026-06-29T15:30,andar-3,0.574
2026-06-29T15:45,andar-3,0.621
2026-06-29T16:00,andar-3,0.571
2026-06-29T16:15,andar-3,0.492
2026-06-29T16:30,andar-3,0.628
2026-06-29T16:45,andar-3,0.576
2026-06-29T17:00,andar-3,0.624
2026-06-29T17:15,andar-3,0.560
2026-06-29T17:30,andar-3,0.576
2026-06-29T17:45,andar-3,0.536
2026-06-29T18:00,andar-3,0.372
2026-06-29T18:15,andar-3,0.417
2026-06-29T18:30,andar-3,0.428
2026-06-29T18:45,andar-3,0.420
2026-06-29T19:00,andar-3,0.444
2026-06-29T19:15,andar-3,0.444
2026-06-29T19:30,andar-3,0.320
2026-06-29T19:45,andar-3,0.346
2026-06-29T20:00,andar-3,0.427
2026-06-29T20:15,andar-3,0.422
2026-06-29T20:30,andar-3,0.341
2026-06-29T20:45,andar-3,0.445
2026-06-29T21:00,andar-3,0.398
2026-06-29T21:15,andar-3,0.394
2026-06-29T21:30,andar-3,0.389
2026-06-29T21:45,andar-3,0.461
2026-06-29T22:00,andar-3,0.163
2026-06-29T22:15,andar-3,0.191
2026-06-29T22:30,andar-3,0.185
2026-06-29T22:45,andar-3,0.178
2026-06-29T23:00,andar-3,0.183
2026-06-29T23:15,andar-3,0.199
2026-06-29T23:30,andar-3,0.190
2026-06-29T23:45,andar-3,0.198
2026-06-30T00:00,andar-3,0.156
2026-06-30T00:15,andar-3,0.156
2026-06-30T00:30,andar-3,0.161
2026-06-30T00:45,andar-3,0.140
2026-06-30T01:00,andar-3,0.150
2026-06-30T01:15,andar-3,0.127
2026-06-30T01:30,andar-3,0.158
2026-06-30T01:45,andar-3,0.135
2026-06-30T02:00,andar-3,0.147
2026-06-30T02:15,andar-3,0.163
2026-06-30T02:30,andar-3,0.154
2026-06-30T02:45,andar-3,0.168
2026-06-30T03:00,andar-3,0.152
2026-06-30T03:15,andar-3,0.161
2026-06-30T03:30,andar-3,0.166
2026-06-30T03:45,andar-3,0.173
2026-06-30T04:00,andar-3,0.145
2026-06-30T04:15,andar-3,0.156
2026-06-30T04:30,andar-3,0.164
2026-06-30T04:45,andar-3,0.153
2026-06-30T05:00,andar-3,0.125
2026-06-30T05:15,andar-3,0.144
2026-06-30T05:30,andar-3,0.142
2026-06-30T05:45,andar-3,0.136
2026-06-30T06:00,andar-3,0.264
2026-06-30T06:15,andar-3,0.336
2026-06-30T06:30,andar-3,0.305
2026-06-30T06:45,andar-3,0.291
2026-06-30T07:00,andar-3,0.310
2026-06-30T07:15,andar-3,0.349
2026-06-30T07:30,andar-3,0.257
2026-06-30T07:45,andar-3,0.300
2026-06-30T08:00,andar-3,0.336
2026-06-30T08:15,andar-3,0.255
2026-06-30T08:30,andar-3,0.341
2026-06-30T08:45,andar-3,0.279
2026-06-30T09:00,andar-3,0.448
2026-06-30T09:15,andar-3,0.572
2026-06-30T09:30,andar-3,0.618
2026-06-30T09:45,andar-3,0.518
2026-06-30T10:00,andar-3,0.611
2026-06-30T10:15,andar-3,0.579
2026-06-30T10:30,andar-3,0.558
2026-06-30T10:45,andar-3,0.561
2026-06-30T11:00,andar-3,0.462
2026-06-30T11:15,andar-3,0.576
2026-06-30T11:30,andar-3,0.594
2026-06-30T11:45,andar-3,0.543
2026-06-30T12:00,andar-3,0.552
2026-06-30T12:15,andar-3,0.601
2026-06-30T12:30,andar-3,0.596
2026-06-30T12:45,andar-3,0.581
2026-06-30T13:00,andar-3,0.577
2026-06-30T13:15,andar-3,0.544
2026-06-30T13:30,andar-3,0.552
2026-06-30T13:45,andar-3,0.500
2026-06-30T14:00,andar-3,0.595
2026-06-30T14:15,andar-3,0.525
2026-06-30T14:30,andar-3,0.592
2026-06-30T14:45,andar-3,0.605
2026-06-30T15:00,andar-3,0.589
2026-06-30T15:15,andar-3,0.570
2026-06-30T15:30,andar-3,0.581
2026-06-30T15:45,andar-3,0.488
2026-06-30T16:00,andar-3,0.605
2026-06-30T16:15,andar-3,0.525
2026-06-30T16:30,andar-3,0.597
2026-06-30T16:45,andar-3,0.510
2026-06-30T17:00,andar-3,0.495
2026-06-30T17:15,andar-3,0.513
2026-06-30T17:30,andar-3,0.627
2026-06-30T17:45,andar-3,0.523
2026-06-30T18:00,andar-3,0.367
2026-06-30T18:15,andar-3,0.432
2026-06-30T18:30,andar-3,0.348
2026-06-30T18:45,andar-3,0.371
2026-06-30T19:00,andar-3,0.314
2026-06-30T19:15,andar-3,0.428
2026-06-30T19:30,andar-3,0.344
2026-06-30T19:45,andar-3,0.395
2026-06-30T20:00,andar-3,0.372
2026-06-30T20:15,andar-3,0.439
2026-06-30T20:30,andar-3,0.386
2026-06-30T20:45,andar-3,0.357
2026-06-30T21:00,andar-3,0.390
2026-06-30T21:15,andar-3,0.421
2026-06-30T21:30,andar-3,0.373
2026-06-30T21:45,andar-3,0.404
2026-06-30T22:00,andar-3,0.161
2026-06-30T22:15,andar-3,0.188
2026-06-30T22:30,andar-3,0.170
2026-06-30T22:45,andar-3,0.150
2026-06-30T23:00,andar-3,0.174
2026-06-30T23:15,andar-3,0.180
2026-06-30T23:30,andar-3,0.155
2026-06-30T23:45,andar-3,0.189
2026-07-01T00:00,andar-3,0.165
2026-07-01T00:15,andar-3,0.163
2026-07-01T00:30,andar-3,0.148
2026-07-01T00:45,andar-3,0.143
2026-07-01T01:00,andar-3,0.135
2026-07-01T01:15,andar-3,0.151
2026-07-01T01:30,andar-3,0.141
2026-07-01T01:45,andar-3,0.144
2026-07-01T02:00,andar-3,0.128
2026-07-01T02:15,andar-3,0.154
2026-07-01T02:30,andar-3,0.156
2026-07-01T02:45,andar-3,0.144
2026-07-01T03:00,andar-3,0.147
2026-07-01T03:15,andar-3,0.133
2026-07-01T03:30,andar-3,0.139
2026-07-01T03:45,andar-3,0.164
2026-07-01T04:00,andar-3,0.161
2026-07-01T04:15,andar-3,0.153
2026-07-01T04:30,andar-3,0.166
2026-07-01T04:45,andar-3,0.161
2026-07-01T05:00,andar-3,0.139
2026-07-01T05:15,andar-3,0.146
2026-07-01T05:30,andar-3,0.143
2026-07-01T05:45,andar-3,0.132
2026-07-01T06:00,andar-3,0.313
2026-07-01T06:15,andar-3,0.271
2026-07-01T06:30,andar-3,0.309
2026-07-01T06:45,andar-3,0.317
2026-07-01T07:00,andar-3,0.291
2026-07-01T07:15,andar-3,0.272
2026-07-01T07:30,andar-3,0.286
2026-07-01T07:45,andar-3,0.315
2026-07-01T08:00,andar-3,0.304
2026-07-01T08:15,andar-3,0.340
2026-07-01T08:30,andar-3,0.253
2026-07-01T08:45,andar-3,0.304
2026-07-01T09:00,andar-3,0.668
2026-07-01T09:15,andar-3,0.494
2026-07-01T09:30,andar-3,0.614
2026-07-01T09:45,andar-3,0.506
2026-07-01T10:00,andar-3,0.522
2026-07-01T10:15,andar-3,0.522
2026-07-01T10:30,andar-3,0.518
2026-07-01T10:45,andar-3,0.493
2026-07-01T11:00,andar-3,0.533
2026-07-01T11:15,andar-3,0.605
2026-07-01T11:30,andar-3,0.507
2026-07-01T11:45,andar-3,0.576
2026-07-01T12:00,andar-3,0.597
2026-07-01T12:15,andar-3,0.549
2026-07-01T12:30,andar-3,0.486
2026-07-01T12:45,andar-3,0.602
2026-07-01T13:00,andar-3,0.572
2026-07-01T13:15,andar-3,0.483
2026-07-01T13:30,andar-3,0.536
2026-07-01T13:45,andar-3,0.539
2026-07-01T14:00,andar-3,0.551
2026-07-01T14:15,andar-3,0.562
2026-07-01T14:30,andar-3,0.537
2026-07-01T14:45,andar-3,0.617
2026-07-01T15:00,andar-3,0.592
2026-07-01T15:15,andar-3,0.564
2026-07-01T15:30,andar-3,0.587
2026-07-01T15:45,andar-3,0.612
2026-07-01T16:00,andar-3,0.564
2026-07-01T16:15,andar-3,0.598
2026-07-01T16:30,andar-3,0.553
2026-07-01T16:45,andar-3,0.582
2026-07-01T17:00,andar-3,0.602
2026-07-01T17:15,andar-3,0.568
2026-07-01T17:30,andar-3,0.522
2026-07-01T17:45,andar-3,0.541
2026-07-01T18:00,andar-3,0.346
2026-07-01T18:15,andar-3,0.435
2026-07-01T18:30,andar-3,0.431
2026-07-01T18:45,andar-3,0.395
2026-07-01T19:00,andar-3,0.390
2026-07-01T19:15,andar-3,0.430
2026-07-01T19:30,andar-3,0.419
2026-07-01T19:45,andar-3,0.433
2026-07-01T20:00,andar-3,0.432
2026-07-01T20:15,andar-3,0.446
2026-07-01T20:30,andar-3,0.444
2026-07-01T20:45,andar-3,0.394
2026-07-01T21:00,andar-3,0.391
2026-07-01T21:15,andar-3,0.379
2026-07-01T21:30,andar-3,0.341
2026-07-01T21:45,andar-3,0.371
2026-07-01T22:00,andar-3,0.171
2026-07-01T22:15,andar-3,0.182
2026-07-01T22:30,andar-3,0.185
2026-07-01T22:45,andar-3,0.152
2026-07-01T23:00,andar-3,0.183
2026-07-01T23:15,andar-3,0.186
2026-07-01T23:30,andar-3,0.153
2026-07-01T23:45,andar-3,0.185
2026-07-02T00:00,andar-3,0.159
2026-07-02T00:15,andar-3,0.161
2026-07-02T00:30,andar-3,0.131
2026-07-02T00:45,andar-3,0.132
2026-07-02T01:00,andar-3,0.156
2026-07-02T01:15,andar-3,0.137
2026-07-02T01:30,andar-3,0.162
2026-07-02T01:45,andar-3,0.154
2026-07-02T02:00,andar-3,0.131
2026-07-02T02:15,andar-3,0.166
2026-07-02T02:30,andar-3,0.158
2026-07-02T02:45,andar-3,0.152
2026-07-02T03:00,andar-3,0.131
2026-07-02T03:15,andar-3,0.137
2026-07-02T03:30,andar-3,0.140
2026-07-02T03:45,andar-3,0.157
2026-07-02T04:00,andar-3,0.150
2026-07-02T04:15,andar-3,0.127
2026-07-02T04:30,andar-3,0.158
2026-07-02T04:45,andar-3,0.148
2026-07-02T05:00,andar-3,0.156
2026-07-02T05:15,andar-3,0.164
2026-07-02T05:30,andar-3,0.147
2026-07-02T05:45,andar-3,0.172
2026-07-02T06:00,andar-3,0.275
2026-07-02T06:15,andar-3,0.294
2026-07-02T06:30,andar-3,0.300
2026-07-02T06:45,andar-3,0.313
2026-07-02T07:00,andar-3,0.257
2026-07-02T07:15,andar-3,0.315
2026-07-02T07:30,andar-3,0.284
2026-07-02T07:45,andar-3,0.294
2026-07-02T08:00,andar-3,0.299
2026-07-02T08:15,andar-3,0.280
2026-07-02T08:30,andar-3,0.246
2026-07-02T08:45,andar-3,0.285
2026-07-02T09:00,andar-3,0.529
2026-07-02T09:15,andar-3,0.505
2026-07-02T09:30,andar-3,0.540
2026-07-02T09:45,andar-3,0.579
2026-07-02T10:00,andar-3,0.534
2026-07-02T10:15,andar-3,0.520
2026-07-02T10:30,andar-3,0.546
2026-07-02T10:45,andar-3,0.488
2026-07-02T11:00,andar-3,0.540
2026-07-02T11:15,andar-3,0.480
2026-07-02T11:30,andar-3,0.531
2026-07-02T11:45,andar-3,0.520
2026-07-02T12:00,andar-3,0.572
2026-07-02T12:15,andar-3,0.593
2026-07-02T12:30,andar-3,0.607
2026-07-02T12:45,andar-3,0.536
2026-07-02T13:00,andar-3,0.481
2026-07-02T13:15,andar-3,0.560
2026-07-02T13:30,andar-3,0.600
2026-07-02T13:45,andar-3,0.558
2026-07-02T14:00,andar-3,0.515
2026-07-02T14:15,andar-3,0.464
2026-07-02T14:30,andar-3,0.539
2026-07-02T14:45,andar-3,0.453
2026-07-02T15:00,andar-3,0.582
2026-07-02T15:15,andar-3,0.529
2026-07-02T15:30,andar-3,0.595
2026-07-02T15:45,andar-3,0.591
2026-07-02T16:00,andar-3,0.505
2026-07-02T16:15,andar-3,0.540
2026-07-02T16:30,andar-3,0.519
2026-07-02T16:45,andar-3,0.562
2026-07-02T17:00,andar-3,0.589
2026-07-02T17:15,andar-3,0.598
2026-07-02T17:30,andar-3,0.531
2026-07-02T17:45,andar-3,0.632
2026-07-02T18:00,andar-3,0.405
2026-07-02T18:15,andar-3,0.385
2026-07-02T18:30,andar-3,0.415
2026-07-02T18:45,andar-3,0.388
2026-07-02T19:00,andar-3,0.358
2026-07-02T19:15,andar-3,0.391
2026-07-02T19:30,andar-3,0.390
2026-07-02T19:45,andar-3,0.399
2026-07-02T20:00,andar-3,0.374
2026-07-02T20:15,andar-3,0.403
2026-07-02T20:30,andar-3,0.358
2026-07-02T20:45,andar-3,0.395
2026-07-02T21:00,andar-3,0.365
2026-07-02T21:15,andar-3,0.378
2026-07-02T21:30,andar-3,0.383
2026-07-02T21:45,andar-3,0.378
2026-07-02T22:00,andar-3,0.197
2026-07-02T22:15,andar-3,0.202
2026-07-02T22:30,andar-3,0.181
2026-07-02T22:45,andar-3,0.177
2026-07-02T23:00,andar-3,0.175
2026-07-02T23:15,andar-3,0.163
2026-07-02T23:30,andar-3,0.169
2026-07-02T23:45,andar-3,0.187
2026-07-03T00:00,andar-3,0.153
2026-07-03T00:15,andar-3,0.154
2026-07-03T00:30,andar-3,0.146
2026-07-03T00:45,andar-3,0.154
2026-07-03T01:00,andar-3,0.137
2026-07-03T01:15,andar-3,0.130
2026-07-03T01:30,andar-3,0.147
2026-07-03T01:45,andar-3,0.157
2026-07-03T02:00,andar-3,0.151
2026-07-03T02:15,andar-3,0.148
2026-07-03T02:30,andar-3,0.140
2026-07-03T02:45,andar-3,0.158
2026-07-03T03:00,andar-3,0.147
2026-07-03T03:15,andar-3,0.152
2026-07-03T03:30,andar-3,0.162
2026-07-03T03:45,andar-3,0.159
2026-07-03T04:00,andar-3,0.137
2026-07-03T04:15,andar-3,0.136
2026-07-03T04:30,andar-3,0.155
2026-07-03T04:45,andar-3,0.154
2026-07-03T05:00,andar-3,0.144
2026-07-03T05:15,andar-3,0.156
2026-07-03T05:30,andar-3,0.159
2026-07-03T05:45,andar-3,0.113
2026-07-03T06:00,andar-3,0.277
2026-07-03T06:15,andar-3,0.340
2026-07-03T06:30,andar-3,0.286
2026-07-03T06:45,andar-3,0.260
2026-07-03T07:00,andar-3,0.294
2026-07-03T07:15,andar-3,0.296
2026-07-03T07:30,andar-3,0.292
2026-07-03T07:45,andar-3,0.304
2026-07-03T08:00,andar-3,0.324
2026-07-03T08:15,andar-3,0.334
2026-07-03T08:30,andar-3,0.311
2026-07-03T08:45,andar-3,0.286
2026-07-03T09:00,andar-3,0.526
2026-07-03T09:15,andar-3,0.551
2026-07-03T09:30,andar-3,0.599
2026-07-03T09:45,andar-3,0.515
2026-07-03T10:00,andar-3,0.601
2026-07-03T10:15,andar-3,0.565
2026-07-03T10:30,andar-3,0.514
2026-07-03T10:45,andar-3,0.551
2026-07-03T11:00,andar-3,0.483
2026-07-03T11:15,andar-3,0.509
2026-07-03T11:30,andar-3,0.543
2026-07-03T11:45,andar-3,0.521
2026-07-03T12:00,andar-3,0.568
2026-07-03T12:15,andar-3,0.524
2026-07-03T12:30,andar-3,0.624
2026-07-03T12:45,andar-3,0.582
2026-07-03T13:00,andar-3,0.555
2026-07-03T13:15,andar-3,0.509
2026-07-03T13:30,andar-3,0.519
2026-07-03T13:45,andar-3,0.528
2026-07-03T14:00,andar-3,0.592
2026-07-03T14:15,andar-3,0.589
2026-07-03T14:30,andar-3,0.563
2026-07-03T14:45,andar-3,0.510
2026-07-03T15:00,andar-3,0.481
2026-07-03T15:15,andar-3,0.598
2026-07-03T15:30,andar-3,0.555
2026-07-03T15:45,andar-3,0.578
2026-07-03T16:00,andar-3,0.535
2026-07-03T16:15,andar-3,0.493
2026-07-03T16:30,andar-3,0.572
2026-07-03T16:45,andar-3,0.445
2026-07-03T17:00,andar-3,0.564
2026-07-03T17:15,andar-3,0.532
2026-07-03T17:30,andar-3,0.553
2026-07-03T17:45,andar-3,0.516
2026-07-03T18:00,andar-3,0.370
2026-07-03T18:15,andar-3,0.403
2026-07-03T18:30,andar-3,0.396
2026-07-03T18:45,andar-3,0.400
2026-07-03T19:00,andar-3,0.373
2026-07-03T19:15,andar-3,0.393
2026-07-03T19:30,andar-3,0.407
2026-07-03T19:45,andar-3,0.383
2026-07-03T20:00,andar-3,0.406
2026-07-03T20:15,andar-3,0.401
2026-07-03T20:30,andar-3,0.370
2026-07-03T20:45,andar-3,0.456
2026-07-03T21:00,andar-3,0.405
2026-07-03T21:15,andar-3,0.370
2026-07-03T21:30,andar-3,0.367
2026-07-03T21:45,andar-3,0.405
2026-07-03T22:00,andar-3,0.151
2026-07-03T22:15,andar-3,0.199
2026-07-03T22:30,andar-3,0.180
2026-07-03T22:45,andar-3,0.198
2026-07-03T23:00,andar-3,0.166
2026-07-03T23:15,andar-3,0.147
2026-07-03T23:30,andar-3,0.188
2026-07-03T23:45,andar-3,0.173
2026-07-04T00:00,andar-3,0.078
2026-07-04T00:15,andar-3,0.088
2026-07-04T00:30,andar-3,0.078
2026-07-04T00:45,andar-3,0.081
2026-07-04T01:00,andar-3,0.081
2026-07-04T01:15,andar-3,0.077
2026-07-04T01:30,andar-3,0.078
2026-07-04T01:45,andar-3,0.085
2026-07-04T02:00,andar-3,0.072
2026-07-04T02:15,andar-3,0.075
2026-07-04T02:30,andar-3,0.072
2026-07-04T02:45,andar-3,0.075
2026-07-04T03:00,andar-3,0.073
2026-07-04T03:15,andar-3,0.077
2026-07-04T03:30,andar-3,0.073
2026-07-04T03:45,andar-3,0.082
2026-07-04T04:00,andar-3,0.077
2026-07-04T04:15,andar-3,0.068
2026-07-04T04:30,andar-3,0.071
2026-07-04T04:45,andar-3,0.069
2026-07-04T05:00,andar-3,0.063
2026-07-04T05:15,andar-3,0.081
2026-07-04T05:30,andar-3,0.071
2026-07-04T05:45,andar-3,0.069
2026-07-04T06:00,andar-3,0.167
2026-07-04T06:15,andar-3,0.130
2026-07-04T06:30,andar-3,0.155
2026-07-04T06:45,andar-3,0.127
2026-07-04T07:00,andar-3,0.165
2026-07-04T07:15,andar-3,0.166
2026-07-04T07:30,andar-3,0.147
2026-07-04T07:45,andar-3,0.155
2026-07-04T08:00,andar-3,0.137
2026-07-04T08:15,andar-3,0.158
2026-07-04T08:30,andar-3,0.169
2026-07-04T08:45,andar-3,0.133
2026-07-04T09:00,andar-3,0.282
2026-07-04T09:15,andar-3,0.273
2026-07-04T09:30,andar-3,0.294
2026-07-04T09:45,andar-3,0.234
2026-07-04T10:00,andar-3,0.295
2026-07-04T10:15,andar-3,0.332
2026-07-04T10:30,andar-3,0.279
2026-07-04T10:45,andar-3,0.246
2026-07-04T11:00,andar-3,0.269
2026-07-04T11:15,andar-3,0.321
2026-07-04T11:30,andar-3,0.277
2026-07-04T11:45,andar-3,0.285
2026-07-04T12:00,andar-3,0.265
2026-07-04T12:15,andar-3,0.262
2026-07-04T12:30,andar-3,0.268
2026-07-04T12:45,andar-3,0.296
2026-07-04T13:00,andar-3,0.262
2026-07-04T13:15,andar-3,0.311
2026-07-04T13:30,andar-3,0.232
2026-07-04T13:45,andar-3,0.252
2026-07-04T14:00,andar-3,0.266
2026-07-04T14:15,andar-3,0.268
2026-07-04T14:30,andar-3,0.285
2026-07-04T14:45,andar-3,0.253
2026-07-04T15:00,andar-3,0.267
2026-07-04T15:15,andar-3,0.287
2026-07-04T15:30,andar-3,0.261
2026-07-04T15:45,andar-3,0.283
2026-07-04T16:00,andar-3,0.299
2026-07-04T16:15,andar-3,0.288
2026-07-04T16:30,andar-3,0.284
2026-07-04T16:45,andar-3,0.305
2026-07-04T17:00,andar-3,0.238
2026-07-04T17:15,andar-3,0.255
2026-07-04T17:30,andar-3,0.225
2026-07-04T17:45,andar-3,0.304
2026-07-04T18:00,andar-3,0.217
2026-07-04T18:15,andar-3,0.166
2026-07-04T18:30,andar-3,0.195
2026-07-04T18:45,andar-3,0.193
2026-07-04T19:00,andar-3,0.218
2026-07-04T19:15,andar-3,0.225
2026-07-04T19:30,andar-3,0.214
2026-07-04T19:45,andar-3,0.176
2026-07-04T20:00,andar-3,0.206
2026-07-04T20:15,andar-3,0.201
2026-07-04T20:30,andar-3,0.185
2026-07-04T20:45,andar-3,0.206
2026-07-04T21:00,andar-3,0.220
2026-07-04T21:15,andar-3,0.177
2026-07-04T21:30,andar-3,0.192
2026-07-04T21:45,andar-3,0.204
2026-07-04T22:00,andar-3,0.092
2026-07-04T22:15,andar-3,0.106
2026-07-04T22:30,andar-3,0.083
2026-07-04T22:45,andar-3,0.085
2026-07-04T23:00,andar-3,0.090
2026-07-04T23:15,andar-3,0.107
2026-07-04T23:30,andar-3,0.083
2026-07-04T23:45,andar-3,0.088
2026-07-05T00:00,andar-3,0.067
2026-07-05T00:15,andar-3,0.077
2026-07-05T00:30,andar-3,0.080
2026-07-05T00:45,andar-3,0.065
2026-07-05T01:00,andar-3,0.073
2026-07-05T01:15,andar-3,0.073
2026-07-05T01:30,andar-3,0.071
2026-07-05T01:45,andar-3,0.082
2026-07-05T02:00,andar-3,0.073
2026-07-05T02:15,andar-3,0.073
2026-07-05T02:30,andar-3,0.084
2026-07-05T02:45,andar-3,0.070
2026-07-05T03:00,andar-3,0.075
2026-07-05T03:15,andar-3,0.077
2026-07-05T03:30,andar-3,0.075
2026-07-05T03:45,andar-3,0.084
2026-07-05T04:00,andar-3,0.085
2026-07-05T04:15,andar-3,0.070
2026-07-05T04:30,andar-3,0.075
2026-07-05T04:45,andar-3,0.070
2026-07-05T05:00,andar-3,0.086
2026-07-05T05:15,andar-3,0.066
2026-07-05T05:30,andar-3,0.082
2026-07-05T05:45,andar-3,0.080
2026-07-05T06:00,andar-3,0.152
2026-07-05T06:15,andar-3,0.138
2026-07-05T06:30,andar-3,0.132
2026-07-05T06:45,andar-3,0.148
2026-07-05T07:00,andar-3,0.147
2026-07-05T07:15,andar-3,0.144
2026-07-05T07:30,andar-3,0.154
2026-07-05T07:45,andar-3,0.162
2026-07-05T08:00,andar-3,0.158
2026-07-05T08:15,andar-3,0.146
2026-07-05T08:30,andar-3,0.138
2026-07-05T08:45,andar-3,0.187
2026-07-05T09:00,andar-3,0.287
2026-07-05T09:15,andar-3,0.277
2026-07-05T09:30,andar-3,0.274
2026-07-05T09:45,andar-3,0.297
2026-07-05T10:00,andar-3,0.269
2026-07-05T10:15,andar-3,0.304
2026-07-05T10:30,andar-3,0.271
2026-07-05T10:45,andar-3,0.316
2026-07-05T11:00,andar-3,0.269
2026-07-05T11:15,andar-3,0.303
2026-07-05T11:30,andar-3,0.254
2026-07-05T11:45,andar-3,0.243
2026-07-05T12:00,andar-3,0.278
2026-07-05T12:15,andar-3,0.281
2026-07-05T12:30,andar-3,0.302
2026-07-05T12:45,andar-3,0.285
2026-07-05T13:00,andar-3,0.309
2026-07-05T13:15,andar-3,0.291
2026-07-05T13:30,andar-3,0.285
2026-07-05T13:45,andar-3,0.269
2026-07-05T14:00,andar-3,0.246
2026-07-05T14:15,andar-3,0.255
2026-07-05T14:30,andar-3,0.298
2026-07-05T14:45,andar-3,0.289
2026-07-05T15:00,andar-3,0.287
2026-07-05T15:15,andar-3,0.295
2026-07-05T15:30,andar-3,0.289
2026-07-05T15:45,andar-3,0.259
2026-07-05T16:00,andar-3,0.278
2026-07-05T16:15,andar-3,0.292
2026-07-05T16:30,andar-3,0.311
2026-07-05T16:45,andar-3,0.262
2026-07-05T17:00,andar-3,0.315
2026-07-05T17:15,andar-3,0.282
2026-07-05T17:30,andar-3,0.269
2026-07-05T17:45,andar-3,0.290
2026-07-05T18:00,andar-3,0.194
2026-07-05T18:15,andar-3,0.197
2026-07-05T18:30,andar-3,0.202
2026-07-05T18:45,andar-3,0.194
2026-07-05T19:00,andar-3,0.232
2026-07-05T19:15,andar-3,0.191
2026-07-05T19:30,andar-3,0.203
2026-07-05T19:45,andar-3,0.205
2026-07-05T20:00,andar-3,0.173
2026-07-05T20:15,andar-3,0.201
2026-07-05T20:30,andar-3,0.210
2026-07-05T20:45,andar-3,0.207
2026-07-05T21:00,andar-3,0.216
2026-07-05T21:15,andar-3,0.203
2026-07-05T21:30,andar-3,0.211
2026-07-05T21:45,andar-3,0.163
2026-07-05T22:00,andar-3,0.077
2026-07-05T22:15,andar-3,0.090
2026-07-05T22:30,andar-3,0.087
2026-07-05T22:45,andar-3,0.090
2026-07-05T23:00,andar-3,0.090
2026-07-05T23:15,andar-3,0.086
2026-07-05T23:30,andar-3,0.090
2026-07-05T23:45,andar-3,0.086
2026-07-06T00:00,andar-3,0.146
2026-07-06T00:15,andar-3,0.144
2026-07-06T00:30,andar-3,0.158
2026-07-06T00:45,andar-3,0.151
2026-07-06T01:00,andar-3,0.136
2026-07-06T01:15,andar-3,0.154
2026-07-06T01:30,andar-3,0.161
2026-07-06T01:45,andar-3,0.149
2026-07-06T02:00,andar-3,0.132
2026-07-06T02:15,andar-3,0.148
2026-07-06T02:30,andar-3,0.156
2026-07-06T02:45,andar-3,0.166
2026-07-06T03:00,andar-3,0.151
2026-07-06T03:15,andar-3,0.144
2026-07-06T03:30,andar-3,0.166
2026-07-06T03:45,andar-3,0.143
2026-07-06T04:00,andar-3,0.149
2026-07-06T04:15,andar-3,0.137
2026-07-06T04:30,andar-3,0.166
2026-07-06T04:45,andar-3,0.158
2026-07-06T05:00,andar-3,0.152
2026-07-06T05:15,andar-3,0.130
2026-07-06T05:30,andar-3,0.137
2026-07-06T05:45,andar-3,0.148
2026-07-06T06:00,andar-3,0.300
2026-07-06T06:15,andar-3,0.294
2026-07-06T06:30,andar-3,0.295
2026-07-06T06:45,andar-3,0.262
2026-07-06T07:00,andar-3,0.282
2026-07-06T07:15,andar-3,0.311
2026-07-06T07:30,andar-3,0.272
2026-07-06T07:45,andar-3,0.278
2026-07-06T08:00,andar-3,0.286
2026-07-06T08:15,andar-3,0.288
2026-07-06T08:30,andar-3,0.243
2026-07-06T08:45,andar-3,0.306
2026-07-06T09:00,andar-3,0.559
2026-07-06T09:15,andar-3,0.496
2026-07-06T09:30,andar-3,0.520
2026-07-06T09:45,andar-3,0.584
2026-07-06T10:00,andar-3,0.571
2026-07-06T10:15,andar-3,0.502
2026-07-06T10:30,andar-3,0.473
2026-07-06T10:45,andar-3,0.551
2026-07-06T11:00,andar-3,0.614
2026-07-06T11:15,andar-3,0.530
2026-07-06T11:30,andar-3,0.561
2026-07-06T11:45,andar-3,0.528
2026-07-06T12:00,andar-3,0.505
2026-07-06T12:15,andar-3,0.509
2026-07-06T12:30,andar-3,0.594
2026-07-06T12:45,andar-3,0.596
2026-07-06T13:00,andar-3,0.492
2026-07-06T13:15,andar-3,0.531
2026-07-06T13:30,andar-3,0.576
2026-07-06T13:45,andar-3,0.547
2026-07-06T14:00,andar-3,0.477
2026-07-06T14:15,andar-3,0.506
2026-07-06T14:30,andar-3,0.559
2026-07-06T14:45,andar-3,0.518
2026-07-06T15:00,andar-3,0.464
2026-07-06T15:15,andar-3,0.502
2026-07-06T15:30,andar-3,0.544
2026-07-06T15:45,andar-3,0.503
2026-07-06T16:00,andar-3,0.588
2026-07-06T16:15,andar-3,0.537
2026-07-06T16:30,andar-3,0.659
2026-07-06T16:45,andar-3,0.447
2026-07-06T17:00,andar-3,0.591
2026-07-06T17:15,andar-3,0.552
2026-07-06T17:30,andar-3,0.590
2026-07-06T17:45,andar-3,0.558
2026-07-06T18:00,andar-3,0.406
2026-07-06T18:15,andar-3,0.401
2026-07-06T18:30,andar-3,0.381
2026-07-06T18:45,andar-3,0.449
2026-07-06T19:00,andar-3,0.442
2026-07-06T19:15,andar-3,0.389
2026-07-06T19:30,andar-3,0.388
2026-07-06T19:45,andar-3,0.392
2026-07-06T20:00,andar-3,0.372
2026-07-06T20:15,andar-3,0.352
2026-07-06T20:30,andar-3,0.410
2026-07-06T20:45,andar-3,0.382
2026-07-06T21:00,andar-3,0.414
2026-07-06T21:15,andar-3,0.399
2026-07-06T21:30,andar-3,0.401
2026-07-06T21:45,andar-3,0.386
2026-07-06T22:00,andar-3,0.161
2026-07-06T22:15,andar-3,0.199
2026-07-06T22:30,andar-3,0.184
2026-07-06T22:45,andar-3,0.163
2026-07-06T23:00,andar-3,0.182
2026-07-06T23:15,andar-3,0.183
2026-07-06T23:30,andar-3,0.173
2026-07-06T23:45,andar-3,0.216
2026-07-07T00:00,andar-3,0.136
2026-07-07T00:15,andar-3,0.156
2026-07-07T00:30,andar-3,0.159
2026-07-07T00:45,andar-3,0.140
2026-07-07T01:00,andar-3,0.140
2026-07-07T01:15,andar-3,0.151
2026-07-07T01:30,andar-3,0.172
2026-07-07T01:45,andar-3,0.157
2026-07-07T02:00,andar-3,0.159
2026-07-07T02:15,andar-3,0.149
2026-07-07T02:30,andar-3,0.162
2026-07-07T02:45,andar-3,0.147
2026-07-07T03:00,andar-3,0.155
2026-07-07T03:15,andar-3,0.154
2026-07-07T03:30,andar-3,0.147
2026-07-07T03:45,andar-3,0.132
2026-07-07T04:00,andar-3,0.150
2026-07-07T04:15,andar-3,0.161
2026-07-07T04:30,andar-3,0.138
2026-07-07T04:45,andar-3,0.155
2026-07-07T05:00,andar-3,0.164
2026-07-07T05:15,andar-3,0.144
2026-07-07T05:30,andar-3,0.156
2026-07-07T05:45,andar-3,0.148
2026-07-07T06:00,andar-3,0.295
2026-07-07T06:15,andar-3,0.270
2026-07-07T06:30,andar-3,0.328
2026-07-07T06:45,andar-3,0.310
2026-07-07T07:00,andar-3,0.317
2026-07-07T07:15,andar-3,0.273
2026-07-07T07:30,andar-3,0.282
2026-07-07T07:45,andar-3,0.253
2026-07-07T08:00,andar-3,0.306
2026-07-07T08:15,andar-3,0.301
2026-07-07T08:30,andar-3,0.304
2026-07-07T08:45,andar-3,0.278
2026-07-07T09:00,andar-3,0.543
2026-07-07T09:15,andar-3,0.586
2026-07-07T09:30,andar-3,0.608
2026-07-07T09:45,andar-3,0.558
2026-07-07T10:00,andar-3,0.553
2026-07-07T10:15,andar-3,0.596
2026-07-07T10:30,andar-3,0.562
2026-07-07T10:45,andar-3,0.540
2026-07-07T11:00,andar-3,0.487
2026-07-07T11:15,andar-3,0.655
2026-07-07T11:30,andar-3,0.616
2026-07-07T11:45,andar-3,0.465
2026-07-07T12:00,andar-3,0.490
2026-07-07T12:15,andar-3,0.620
2026-07-07T12:30,andar-3,0.537
2026-07-07T12:45,andar-3,0.538
2026-07-07T13:00,andar-3,0.594
2026-07-07T13:15,andar-3,0.554
2026-07-07T13:30,andar-3,0.555
2026-07-07T13:45,andar-3,0.465
2026-07-07T14:00,andar-3,0.511
2026-07-07T14:15,andar-3,0.564
2026-07-07T14:30,andar-3,0.606
2026-07-07T14:45,andar-3,0.482
2026-07-07T15:00,andar-3,0.512
2026-07-07T15:15,andar-3,0.505
2026-07-07T15:30,andar-3,0.585
2026-07-07T15:45,andar-3,0.511
2026-07-07T16:00,andar-3,0.636
2026-07-07T16:15,andar-3,0.479
2026-07-07T16:30,andar-3,0.570
2026-07-07T16:45,andar-3,0.532
2026-07-07T17:00,andar-3,0.533
2026-07-07T17:15,andar-3,0.561
2026-07-07T17:30,andar-3,0.561
2026-07-07T17:45,andar-3,0.556
2026-07-07T18:00,andar-3,0.386
2026-07-07T18:15,andar-3,0.385
2026-07-07T18:30,andar-3,0.417
2026-07-07T18:45,andar-3,0.450
2026-07-07T19:00,andar-3,0.378
2026-07-07T19:15,andar-3,0.343
2026-07-07T19:30,andar-3,0.370
2026-07-07T19:45,andar-3,0.390
2026-07-07T20:00,andar-3,0.424
2026-07-07T20:15,andar-3,0.357
2026-07-07T20:30,andar-3,0.358
2026-07-07T20:45,andar-3,0.481
2026-07-07T21:00,andar-3,0.378
2026-07-07T21:15,andar-3,0.406
2026-07-07T21:30,andar-3,0.470
2026-07-07T21:45,andar-3,0.445
2026-07-07T22:00,andar-3,0.186
2026-07-07T22:15,andar-3,0.167
2026-07-07T22:30,andar-3,0.158
2026-07-07T22:45,andar-3,0.179
2026-07-07T23:00,andar-3,0.187
2026-07-07T23:15,andar-3,0.194
2026-07-07T23:30,andar-3,0.174
2026-07-07T23:45,andar-3,0.190
2026-07-08T00:00,andar-3,0.135
2026-07-08T00:15,andar-3,0.146
2026-07-08T00:30,andar-3,0.171
2026-07-08T00:45,andar-3,0.129
2026-07-08T01:00,andar-3,0.158
2026-07-08T01:15,andar-3,0.162
2026-07-08T01:30,andar-3,0.155
2026-07-08T01:45,andar-3,0.147
2026-07-08T02:00,andar-3,0.138
2026-07-08T02:15,andar-3,0.182
2026-07-08T02:30,andar-3,0.138
2026-07-08T02:45,andar-3,0.144
2026-07-08T03:00,andar-3,0.140
2026-07-08T03:15,andar-3,0.161
2026-07-08T03:30,andar-3,0.142
2026-07-08T03:45,andar-3,0.164
2026-07-08T04:00,andar-3,0.149
2026-07-08T04:15,andar-3,0.166
2026-07-08T04:30,andar-3,0.139
2026-07-08T04:45,andar-3,0.155
2026-07-08T05:00,andar-3,0.153
2026-07-08T05:15,andar-3,0.140
2026-07-08T05:30,andar-3,0.168
2026-07-08T05:45,andar-3,0.153
2026-07-08T06:00,andar-3,0.249
2026-07-08T06:15,andar-3,0.284
2026-07-08T06:30,andar-3,0.354
2026-07-08T06:45,andar-3,0.272
2026-07-08T07:00,andar-3,0.310
2026-07-08T07:15,andar-3,0.324
2026-07-08T07:30,andar-3,0.309
2026-07-08T07:45,andar-3,0.306
2026-07-08T08:00,andar-3,0.280
2026-07-08T08:15,andar-3,0.274
2026-07-08T08:30,andar-3,0.250
2026-07-08T08:45,andar-3,0.312
2026-07-08T09:00,andar-3,0.576
2026-07-08T09:15,andar-3,0.505
2026-07-08T09:30,andar-3,0.567
2026-07-08T09:45,andar-3,0.592
2026-07-08T10:00,andar-3,0.514
2026-07-08T10:15,andar-3,0.575
2026-07-08T10:30,andar-3,0.508
2026-07-08T10:45,andar-3,0.493
2026-07-08T11:00,andar-3,0.559
2026-07-08T11:15,andar-3,0.601
2026-07-08T11:30,andar-3,0.480
2026-07-08T11:45,andar-3,0.609
2026-07-08T12:00,andar-3,0.574
2026-07-08T12:15,andar-3,0.542
2026-07-08T12:30,andar-3,0.512
2026-07-08T12:45,andar-3,0.526
2026-07-08T13:00,andar-3,0.571
2026-07-08T13:15,andar-3,0.563
2026-07-08T13:30,andar-3,0.469
2026-07-08T13:45,andar-3,0.533
2026-07-08T14:00,andar-3,0.548
2026-07-08T14:15,andar-3,0.560
2026-07-08T14:30,andar-3,0.496
2026-07-08T14:45,andar-3,0.521
2026-07-08T15:00,andar-3,0.621
2026-07-08T15:15,andar-3,0.505
2026-07-08T15:30,andar-3,0.568
2026-07-08T15:45,andar-3,0.565
2026-07-08T16:00,andar-3,0.524
2026-07-08T16:15,andar-3,0.489
2026-07-08T16:30,andar-3,0.554
2026-07-08T16:45,andar-3,0.523
2026-07-08T17:00,andar-3,0.586
2026-07-08T17:15,andar-3,0.534
2026-07-08T17:30,andar-3,0.551
2026-07-08T17:45,andar-3,0.475
2026-07-08T18:00,andar-3,0.429
2026-07-08T18:15,andar-3,0.476
2026-07-08T18:30,andar-3,0.378
2026-07-08T18:45,andar-3,0.428
2026-07-08T19:00,andar-3,0.418
2026-07-08T19:15,andar-3,0.374
2026-07-08T19:30,andar-3,0.385
2026-07-08T19:45,andar-3,0.354
2026-07-08T20:00,andar-3,0.367
2026-07-08T20:15,andar-3,0.390
2026-07-08T20:30,andar-3,0.331
2026-07-08T20:45,andar-3,0.381
2026-07-08T21:00,andar-3,0.437
2026-07-08T21:15,andar-3,0.384
2026-07-08T21:30,andar-3,0.409
2026-07-08T21:45,andar-3,0.430
2026-07-08T22:00,andar-3,0.188
2026-07-08T22:15,andar-3,0.182
2026-07-08T22:30,andar-3,0.184
2026-07-08T22:45,andar-3,0.230
2026-07-08T23:00,andar-3,0.156
2026-07-08T23:15,andar-3,0.213
2026-07-08T23:30,andar-3,0.184
2026-07-08T23:45,andar-3,0.208
2026-07-09T00:00,andar-3,0.160
2026-07-09T00:15,andar-3,0.163
2026-07-09T00:30,andar-3,0.153
2026-07-09T00:45,andar-3,0.144
2026-07-09T01:00,andar-3,0.145
2026-07-09T01:15,andar-3,0.141
2026-07-09T01:30,andar-3,0.156
2026-07-09T01:45,andar-3,0.147
2026-07-09T02:00,andar-3,0.151
2026-07-09T02:15,andar-3,0.131
2026-07-09T02:30,andar-3,0.153
2026-07-09T02:45,andar-3,0.165
2026-07-09T03:00,andar-3,0.143
2026-07-09T03:15,andar-3,0.147
2026-07-09T03:30,andar-3,0.158
2026-07-09T03:45,andar-3,0.141
2026-07-09T04:00,andar-3,0.154
2026-07-09T04:15,andar-3,0.178
2026-07-09T04:30,andar-3,0.157
2026-07-09T04:45,andar-3,0.130
2026-07-09T05:00,andar-3,0.159
2026-07-09T05:15,andar-3,0.141
2026-07-09T05:30,andar-3,0.145
2026-07-09T05:45,andar-3,0.141
2026-07-09T06:00,andar-3,0.230
2026-07-09T06:15,andar-3,0.294
2026-07-09T06:30,andar-3,0.285
2026-07-09T06:45,andar-3,0.294
2026-07-09T07:00,andar-3,0.327
2026-07-09T07:15,andar-3,0.279
2026-07-09T07:30,andar-3,0.307
2026-07-09T07:45,andar-3,0.281
2026-07-09T08:00,andar-3,0.310
2026-07-09T08:15,andar-3,0.283
2026-07-09T08:30,andar-3,0.304
2026-07-09T08:45,andar-3,0.328
2026-07-09T09:00,andar-3,0.541
2026-07-09T09:15,andar-3,0.596
2026-07-09T09:30,andar-3,0.555
2026-07-09T09:45,andar-3,0.557
2026-07-09T10:00,andar-3,0.613
2026-07-09T10:15,andar-3,0.496
2026-07-09T10:30,andar-3,0.570
2026-07-09T10:45,andar-3,0.523
2026-07-09T11:00,andar-3,0.612
2026-07-09T11:15,andar-3,0.559
2026-07-09T11:30,andar-3,0.591
2026-07-09T11:45,andar-3,0.493
2026-07-09T12:00,andar-3,0.560
2026-07-09T12:15,andar-3,0.656
2026-07-09T12:30,andar-3,0.511
2026-07-09T12:45,andar-3,0.495
2026-07-09T13:00,andar-3,0.592
2026-07-09T13:15,andar-3,0.527
2026-07-09T13:30,andar-3,0.582
2026-07-09T13:45,andar-3,0.542
2026-07-09T14:00,andar-3,0.561
2026-07-09T14:15,andar-3,0.466
2026-07-09T14:30,andar-3,0.503
2026-07-09T14:45,andar-3,0.540
2026-07-09T15:00,andar-3,0.589
2026-07-09T15:15,andar-3,0.533
2026-07-09T15:30,andar-3,0.593
2026-07-09T15:45,andar-3,0.515
2026-07-09T16:00,andar-3,0.555
2026-07-09T16:15,andar-3,0.568
2026-07-09T16:30,andar-3,0.507
2026-07-09T16:45,andar-3,0.616
2026-07-09T17:00,andar-3,0.548
2026-07-09T17:15,andar-3,0.650
2026-07-09T17:30,andar-3,0.461
2026-07-09T17:45,andar-3,0.580
2026-07-09T18:00,andar-3,0.364
2026-07-09T18:15,andar-3,0.432
2026-07-09T18:30,andar-3,0.432
2026-07-09T18:45,andar-3,0.372
2026-07-09T19:00,andar-3,0.365
2026-07-09T19:15,andar-3,0.396
2026-07-09T19:30,andar-3,0.362
2026-07-09T19:45,andar-3,0.410
2026-07-09T20:00,andar-3,0.398
2026-07-09T20:15,andar-3,0.438
2026-07-09T20:30,andar-3,0.355
2026-07-09T20:45,andar-3,0.423
2026-07-09T21:00,andar-3,0.393
2026-07-09T21:15,andar-3,0.351
2026-07-09T21:30,andar-3,0.414
2026-07-09T21:45,andar-3,0.433
2026-07-09T22:00,andar-3,0.190
2026-07-09T22:15,andar-3,0.195
2026-07-09T22:30,andar-3,0.196
2026-07-09T22:45,andar-3,0.163
2026-07-09T23:00,andar-3,0.206
2026-07-09T23:15,andar-3,0.163
2026-07-09T23:30,andar-3,0.181
2026-07-09T23:45,andar-3,0.161
2026-07-10T00:00,andar-3,0.147
2026-07-10T00:15,andar-3,0.166
2026-07-10T00:30,andar-3,0.144
2026-07-10T00:45,andar-3,0.154
2026-07-10T01:00,andar-3,0.151
2026-07-10T01:15,andar-3,0.160
2026-07-10T01:30,andar-3,0.139
2026-07-10T01:45,andar-3,0.146
2026-07-10T02:00,andar-3,0.152
2026-07-10T02:15,andar-3,0.145
2026-07-10T02:30,andar-3,0.138
2026-07-10T02:45,andar-3,0.165
2026-07-10T03:00,andar-3,0.142
2026-07-10T03:15,andar-3,0.143
2026-07-10T03:30,andar-3,0.167
2026-07-10T03:45,andar-3,0.149
2026-07-10T04:00,andar-3,0.134
2026-07-10T04:15,andar-3,0.165
2026-07-10T04:30,andar-3,0.145
2026-07-10T04:45,andar-3,0.148
2026-07-10T05:00,andar-3,0.159
2026-07-10T05:15,andar-3,0.141
2026-07-10T05:30,andar-3,0.150
2026-07-10T05:45,andar-3,0.149
2026-07-10T06:00,andar-3,0.293
2026-07-10T06:15,andar-3,0.324
2026-07-10T06:30,andar-3,0.269
2026-07-10T06:45,andar-3,0.298
2026-07-10T07:00,andar-3,0.269
2026-07-10T07:15,andar-3,0.315
2026-07-10T07:30,andar-3,0.293
2026-07-10T07:45,andar-3,0.337
2026-07-10T08:00,andar-3,0.337
2026-07-10T08:15,andar-3,0.317
2026-07-10T08:30,andar-3,0.280
2026-07-10T08:45,andar-3,0.307
2026-07-10T09:00,andar-3,0.547
2026-07-10T09:15,andar-3,0.508
2026-07-10T09:30,andar-3,0.537
2026-07-10T09:45,andar-3,0.612
2026-07-10T10:00,andar-3,0.518
2026-07-10T10:15,andar-3,0.511
2026-07-10T10:30,andar-3,0.514
2026-07-10T10:45,andar-3,0.537
2026-07-10T11:00,andar-3,0.490
2026-07-10T11:15,andar-3,0.524
2026-07-10T11:30,andar-3,0.567
2026-07-10T11:45,andar-3,0.517
2026-07-10T12:00,andar-3,0.557
2026-07-10T12:15,andar-3,0.500
2026-07-10T12:30,andar-3,0.607
2026-07-10T12:45,andar-3,0.529
2026-07-10T13:00,andar-3,0.602
2026-07-10T13:15,andar-3,0.573
2026-07-10T13:30,andar-3,0.559
2026-07-10T13:45,andar-3,0.601
2026-07-10T14:00,andar-3,0.492
2026-07-10T14:15,andar-3,0.596
2026-07-10T14:30,andar-3,0.586
2026-07-10T14:45,andar-3,0.542
2026-07-10T15:00,andar-3,0.467
2026-07-10T15:15,andar-3,0.493
2026-07-10T15:30,andar-3,0.624
2026-07-10T15:45,andar-3,0.546
2026-07-10T16:00,andar-3,0.579
2026-07-10T16:15,andar-3,0.569
2026-07-10T16:30,andar-3,0.587
2026-07-10T16:45,andar-3,0.517
2026-07-10T17:00,andar-3,0.528
2026-07-10T17:15,andar-3,0.514
2026-07-10T17:30,andar-3,0.481
2026-07-10T17:45,andar-3,0.574
2026-07-10T18:00,andar-3,0.368
2026-07-10T18:15,andar-3,0.406
2026-07-10T18:30,andar-3,0.371
2026-07-10T18:45,andar-3,0.377
2026-07-10T19:00,andar-3,0.493
2026-07-10T19:15,andar-3,0.404
2026-07-10T19:30,andar-3,0.354
2026-07-10T19:45,andar-3,0.412
2026-07-10T20:00,andar-3,0.434
2026-07-10T20:15,andar-3,0.382
2026-07-10T20:30,andar-3,0.366
2026-07-10T20:45,andar-3,0.471
2026-07-10T21:00,andar-3,0.400
2026-07-10T21:15,andar-3,0.402
2026-07-10T21:30,andar-3,0.442
2026-07-10T21:45,andar-3,0.416
2026-07-10T22:00,andar-3,0.166
2026-07-10T22:15,andar-3,0.186
2026-07-10T22:30,andar-3,0.201
2026-07-10T22:45,andar-3,0.188
2026-07-10T23:00,andar-3,0.184
2026-07-10T23:15,andar-3,0.174
2026-07-10T23:30,andar-3,0.173
2026-07-10T23:45,andar-3,0.166
2026-07-11T00:00,andar-3,0.073
2026-07-11T00:15,andar-3,0.072
2026-07-11T00:30,andar-3,0.078
2026-07-11T00:45,andar-3,0.073
2026-07-11T01:00,andar-3,0.069
2026-07-11T01:15,andar-3,0.070
2026-07-11T01:30,andar-3,0.074
2026-07-11T01:45,andar-3,0.082
2026-07-11T02:00,andar-3,0.073
2026-07-11T02:15,andar-3,0.070
2026-07-11T02:30,andar-3,0.068
2026-07-11T02:45,andar-3,0.072
2026-07-11T03:00,andar-3,0.075
2026-07-11T03:15,andar-3,0.071
2026-07-11T03:30,andar-3,0.069
2026-07-11T03:45,andar-3,0.082
2026-07-11T04:00,andar-3,0.068
2026-07-11T04:15,andar-3,0.074
2026-07-11T04:30,andar-3,0.068
2026-07-11T04:45,andar-3,0.078
2026-07-11T05:00,andar-3,0.077
2026-07-11T05:15,andar-3,0.075
2026-07-11T05:30,andar-3,0.078
2026-07-11T05:45,andar-3,0.067
2026-07-11T06:00,andar-3,0.156
2026-07-11T06:15,andar-3,0.147
2026-07-11T06:30,andar-3,0.141
2026-07-11T06:45,andar-3,0.165
2026-07-11T07:00,andar-3,0.163
2026-07-11T07:15,andar-3,0.150
2026-07-11T07:30,andar-3,0.143
2026-07-11T07:45,andar-3,0.160
2026-07-11T08:00,andar-3,0.157
2026-07-11T08:15,andar-3,0.162
2026-07-11T08:30,andar-3,0.140
2026-07-11T08:45,andar-3,0.149
2026-07-11T09:00,andar-3,0.243
2026-07-11T09:15,andar-3,0.278
2026-07-11T09:30,andar-3,0.277
2026-07-11T09:45,andar-3,0.275
2026-07-11T10:00,andar-3,0.279
2026-07-11T10:15,andar-3,0.266
2026-07-11T10:30,andar-3,0.278
2026-07-11T10:45,andar-3,0.264
2026-07-11T11:00,andar-3,0.303
2026-07-11T11:15,andar-3,0.262
2026-07-11T11:30,andar-3,0.271
2026-07-11T11:45,andar-3,0.286
2026-07-11T12:00,andar-3,0.279
2026-07-11T12:15,andar-3,0.232
2026-07-11T12:30,andar-3,0.252
2026-07-11T12:45,andar-3,0.251
2026-07-11T13:00,andar-3,0.312
2026-07-11T13:15,andar-3,0.306
2026-07-11T13:30,andar-3,0.307
2026-07-11T13:45,andar-3,0.313
2026-07-11T14:00,andar-3,0.259
2026-07-11T14:15,andar-3,0.273
2026-07-11T14:30,andar-3,0.243
2026-07-11T14:45,andar-3,0.253
2026-07-11T15:00,andar-3,0.282
2026-07-11T15:15,andar-3,0.310
2026-07-11T15:30,andar-3,0.292
2026-07-11T15:45,andar-3,0.242
2026-07-11T16:00,andar-3,0.265
2026-07-11T16:15,andar-3,0.299
2026-07-11T16:30,andar-3,0.232
2026-07-11T16:45,andar-3,0.262
2026-07-11T17:00,andar-3,0.275
2026-07-11T17:15,andar-3,0.289
2026-07-11T17:30,andar-3,0.253
2026-07-11T17:45,andar-3,0.273
2026-07-11T18:00,andar-3,0.169
2026-07-11T18:15,andar-3,0.216
2026-07-11T18:30,andar-3,0.208
2026-07-11T18:45,andar-3,0.218
2026-07-11T19:00,andar-3,0.182
2026-07-11T19:15,andar-3,0.200
2026-07-11T19:30,andar-3,0.211
2026-07-11T19:45,andar-3,0.208
2026-07-11T20:00,andar-3,0.190
2026-07-11T20:15,andar-3,0.204
2026-07-11T20:30,andar-3,0.195
2026-07-11T20:45,andar-3,0.183
2026-07-11T21:00,andar-3,0.190
2026-07-11T21:15,andar-3,0.208
2026-07-11T21:30,andar-3,0.181
2026-07-11T21:45,andar-3,0.187
2026-07-11T22:00,andar-3,0.089
2026-07-11T22:15,andar-3,0.103
2026-07-11T22:30,andar-3,0.079
2026-07-11T22:45,andar-3,0.085
2026-07-11T23:00,andar-3,0.083
2026-07-11T23:15,andar-3,0.082
2026-07-11T23:30,andar-3,0.085
2026-07-11T23:45,andar-3,0.073
2026-07-12T00:00,andar-3,0.075
2026-07-12T00:15,andar-3,0.065
2026-07-12T00:30,andar-3,0.081
2026-07-12T00:45,andar-3,0.072
2026-07-12T01:00,andar-3,0.072
2026-07-12T01:15,andar-3,0.075
2026-07-12T01:30,andar-3,0.081
2026-07-12T01:45,andar-3,0.084
2026-07-12T02:00,andar-3,0.069
2026-07-12T02:15,andar-3,0.071
2026-07-12T02:30,andar-3,0.070
2026-07-12T02:45,andar-3,0.074
2026-07-12T03:00,andar-3,0.071
2026-07-12T03:15,andar-3,0.074
2026-07-12T03:30,andar-3,0.078
2026-07-12T03:45,andar-3,0.079
2026-07-12T04:00,andar-3,0.068
2026-07-12T04:15,andar-3,0.074
2026-07-12T04:30,andar-3,0.076
2026-07-12T04:45,andar-3,0.071
2026-07-12T05:00,andar-3,0.083
2026-07-12T05:15,andar-3,0.084
2026-07-12T05:30,andar-3,0.068
2026-07-12T05:45,andar-3,0.083
2026-07-12T06:00,andar-3,0.159
2026-07-12T06:15,andar-3,0.147
2026-07-12T06:30,andar-3,0.156
2026-07-12T06:45,andar-3,0.132
2026-07-12T07:00,andar-3,0.172
2026-07-12T07:15,andar-3,0.168
2026-07-12T07:30,andar-3,0.137
2026-07-12T07:45,andar-3,0.157
2026-07-12T08:00,andar-3,0.136
2026-07-12T08:15,andar-3,0.149
2026-07-12T08:30,andar-3,0.131
2026-07-12T08:45,andar-3,0.146
2026-07-12T09:00,andar-3,0.309
2026-07-12T09:15,andar-3,0.316
2026-07-12T09:30,andar-3,0.285
2026-07-12T09:45,andar-3,0.263
2026-07-12T10:00,andar-3,0.286
2026-07-12T10:15,andar-3,0.270
2026-07-12T10:30,andar-3,0.302
2026-07-12T10:45,andar-3,0.280
2026-07-12T11:00,andar-3,0.299
2026-07-12T11:15,andar-3,0.289
2026-07-12T11:30,andar-3,0.252
2026-07-12T11:45,andar-3,0.252
2026-07-12T12:00,andar-3,0.232
2026-07-12T12:15,andar-3,0.279
2026-07-12T12:30,andar-3,0.254
2026-07-12T12:45,andar-3,0.275
2026-07-12T13:00,andar-3,0.289
2026-07-12T13:15,andar-3,0.286
2026-07-12T13:30,andar-3,0.271
2026-07-12T13:45,andar-3,0.266
2026-07-12T14:00,andar-3,0.290
2026-07-12T14:15,andar-3,0.258
2026-07-12T14:30,andar-3,0.261
2026-07-12T14:45,andar-3,0.252
2026-07-12T15:00,andar-3,0.283
2026-07-12T15:15,andar-3,0.234
2026-07-12T15:30,andar-3,0.284
2026-07-12T15:45,andar-3,0.282
2026-07-12T16:00,andar-3,0.267
2026-07-12T16:15,andar-3,0.254
2026-07-12T16:30,andar-3,0.274
2026-07-12T16:45,andar-3,0.224
2026-07-12T17:00,andar-3,0.262
2026-07-12T17:15,andar-3,0.291
2026-07-12T17:30,andar-3,0.313
2026-07-12T17:45,andar-3,0.250
2026-07-12T18:00,andar-3,0.206
2026-07-12T18:15,andar-3,0.189
2026-07-12T18:30,andar-3,0.208
2026-07-12T18:45,andar-3,0.151
2026-07-12T19:00,andar-3,0.206
2026-07-12T19:15,andar-3,0.208
2026-07-12T19:30,andar-3,0.187
2026-07-12T19:45,andar-3,0.205
2026-07-12T20:00,andar-3,0.203
2026-07-12T20:15,andar-3,0.195
2026-07-12T20:30,andar-3,0.213
2026-07-12T20:45,andar-3,0.210
2026-07-12T21:00,andar-3,0.212
2026-07-12T21:15,andar-3,0.194
2026-07-12T21:30,andar-3,0.188
2026-07-12T21:45,andar-3,0.198
2026-07-12T22:00,andar-3,0.089
2026-07-12T22:15,andar-3,0.087
2026-07-12T22:30,andar-3,0.093
2026-07-12T22:45,andar-3,0.096
2026-07-12T23:00,andar-3,0.090
2026-07-12T23:15,andar-3,0.091
2026-07-12T23:30,andar-3,0.081
2026-07-12T23:45,andar-3,0.083
2026-07-13T00:00,andar-3,0.148
2026-07-13T00:15,andar-3,0.150
2026-07-13T00:30,andar-3,0.150
2026-07-13T00:45,andar-3,0.140
2026-07-13T01:00,andar-3,0.146
2026-07-13T01:15,andar-3,0.150
2026-07-13T01:30,andar-3,0.145
2026-07-13T01:45,andar-3,0.143
2026-07-13T02:00,andar-3,0.151
2026-07-13T02:15,andar-3,0.149
2026-07-13T02:30,andar-3,0.147
2026-07-13T02:45,andar-3,0.152
2026-07-13T03:00,andar-3,0.155
2026-07-13T03:15,andar-3,0.163
2026-07-13T03:30,andar-3,0.172
2026-07-13T03:45,andar-3,0.145
2026-07-13T04:00,andar-3,0.152
2026-07-13T04:15,andar-3,0.156
2026-07-13T04:30,andar-3,0.156
2026-07-13T04:45,andar-3,0.141
2026-07-13T05:00,andar-3,0.131
2026-07-13T05:15,andar-3,0.130
2026-07-13T05:30,andar-3,0.146
2026-07-13T05:45,andar-3,0.142
2026-07-13T06:00,andar-3,0.267
2026-07-13T06:15,andar-3,0.312
2026-07-13T06:30,andar-3,0.311
2026-07-13T06:45,andar-3,0.302
2026-07-13T07:00,andar-3,0.328
2026-07-13T07:15,andar-3,0.270
2026-07-13T07:30,andar-3,0.322
2026-07-13T07:45,andar-3,0.241
2026-07-13T08:00,andar-3,0.310
2026-07-13T08:15,andar-3,0.302
2026-07-13T08:30,andar-3,0.297
2026-07-13T08:45,andar-3,0.311
2026-07-13T09:00,andar-3,0.441
2026-07-13T09:15,andar-3,0.523
2026-07-13T09:30,andar-3,0.556
2026-07-13T09:45,andar-3,0.535
2026-07-13T10:00,andar-3,0.602
2026-07-13T10:15,andar-3,0.551
2026-07-13T10:30,andar-3,0.516
2026-07-13T10:45,andar-3,0.559
2026-07-13T11:00,andar-3,0.540
2026-07-13T11:15,andar-3,0.542
2026-07-13T11:30,andar-3,0.549
2026-07-13T11:45,andar-3,0.599
2026-07-13T12:00,andar-3,0.571
2026-07-13T12:15,andar-3,0.583
2026-07-13T12:30,andar-3,0.570
2026-07-13T12:45,andar-3,0.579
2026-07-13T13:00,andar-3,0.511
2026-07-13T13:15,andar-3,0.453
2026-07-13T13:30,andar-3,0.543
2026-07-13T13:45,andar-3,0.568
2026-07-13T14:00,andar-3,0.559
2026-07-13T14:15,andar-3,0.604
2026-07-13T14:30,andar-3,0.587
2026-07-13T14:45,andar-3,0.566
2026-07-13T15:00,andar-3,0.536
2026-07-13T15:15,andar-3,0.570
2026-07-13T15:30,andar-3,0.495
2026-07-13T15:45,andar-3,0.643
2026-07-13T16:00,andar-3,0.554
2026-07-13T16:15,andar-3,0.526
2026-07-13T16:30,andar-3,0.528
2026-07-13T16:45,andar-3,0.526
2026-07-13T17:00,andar-3,0.600
2026-07-13T17:15,andar-3,0.559
2026-07-13T17:30,andar-3,0.595
2026-07-13T17:45,andar-3,0.570
2026-07-13T18:00,andar-3,0.374
2026-07-13T18:15,andar-3,0.374
2026-07-13T18:30,andar-3,0.403
2026-07-13T18:45,andar-3,0.426
2026-07-13T19:00,andar-3,0.393
2026-07-13T19:15,andar-3,0.394
2026-07-13T19:30,andar-3,0.412
2026-07-13T19:45,andar-3,0.389
2026-07-13T20:00,andar-3,0.422
2026-07-13T20:15,andar-3,0.410
2026-07-13T20:30,andar-3,0.406
2026-07-13T20:45,andar-3,0.439
2026-07-13T21:00,andar-3,0.374
2026-07-13T21:15,andar-3,0.329
2026-07-13T21:30,andar-3,0.429
2026-07-13T21:45,andar-3,0.416
2026-07-13T22:00,andar-3,0.178
2026-07-13T22:15,andar-3,0.212
2026-07-13T22:30,andar-3,0.186
2026-07-13T22:45,andar-3,0.194
2026-07-13T23:00,andar-3,0.178
2026-07-13T23:15,andar-3,0.187
2026-07-13T23:30,andar-3,0.166
2026-07-13T23:45,andar-3,0.181
2026-07-14T00:00,andar-3,0.134
2026-07-14T00:15,andar-3,0.135
2026-07-14T00:30,andar-3,0.156
2026-07-14T00:45,andar-3,0.165
2026-07-14T01:00,andar-3,0.129
2026-07-14T01:15,andar-3,0.158
2026-07-14T01:30,andar-3,0.139
2026-07-14T01:45,andar-3,0.150
2026-07-14T02:00,andar-3,0.150
2026-07-14T02:15,andar-3,0.145
2026-07-14T02:30,andar-3,0.170
2026-07-14T02:45,andar-3,0.167
2026-07-14T03:00,andar-3,0.126
2026-07-14T03:15,andar-3,0.136
2026-07-14T03:30,andar-3,0.145
2026-07-14T03:45,andar-3,0.158
2026-07-14T04:00,andar-3,0.138
2026-07-14T04:15,andar-3,0.151
2026-07-14T04:30,andar-3,0.179
2026-07-14T04:45,andar-3,0.154
2026-07-14T05:00,andar-3,0.155
2026-07-14T05:15,andar-3,0.152
2026-07-14T05:30,andar-3,0.144
2026-07-14T05:45,andar-3,0.137
2026-07-14T06:00,andar-3,0.328
2026-07-14T06:15,andar-3,0.315
2026-07-14T06:30,andar-3,0.307
2026-07-14T06:45,andar-3,0.279
2026-07-14T07:00,andar-3,0.239
2026-07-14T07:15,andar-3,0.307
2026-07-14T07:30,andar-3,0.275
2026-07-14T07:45,andar-3,0.329
2026-07-14T08:00,andar-3,0.330
2026-07-14T08:15,andar-3,0.304
2026-07-14T08:30,andar-3,0.315
2026-07-14T08:45,andar-3,0.300
2026-07-14T09:00,andar-3,0.558
2026-07-14T09:15,andar-3,0.537
2026-07-14T09:30,andar-3,0.520
2026-07-14T09:45,andar-3,0.545
2026-07-14T10:00,andar-3,0.618
2026-07-14T10:15,andar-3,0.610
2026-07-14T10:30,andar-3,0.614
2026-07-14T10:45,andar-3,0.534
2026-07-14T11:00,andar-3,0.569
2026-07-14T11:15,andar-3,0.450
2026-07-14T11:30,andar-3,0.578
2026-07-14T11:45,andar-3,0.599
2026-07-14T12:00,andar-3,0.551
2026-07-14T12:15,andar-3,0.514
2026-07-14T12:30,andar-3,0.581
2026-07-14T12:45,andar-3,0.523
2026-07-14T13:00,andar-3,0.500
2026-07-14T13:15,andar-3,0.564
2026-07-14T13:30,andar-3,0.612
2026-07-14T13:45,andar-3,0.543
2026-07-14T14:00,andar-3,0.543
2026-07-14T14:15,andar-3,0.617
2026-07-14T14:30,andar-3,0.531
2026-07-14T14:45,andar-3,0.616
2026-07-14T15:00,andar-3,0.536
2026-07-14T15:15,andar-3,0.493
2026-07-14T15:30,andar-3,0.537
2026-07-14T15:45,andar-3,0.709
2026-07-14T16:00,andar-3,0.630
2026-07-14T16:15,andar-3,0.609
2026-07-14T16:30,andar-3,0.524
2026-07-14T16:45,andar-3,0.550
2026-07-14T17:00,andar-3,0.575
2026-07-14T17:15,andar-3,0.554
2026-07-14T17:30,andar-3,0.565
2026-07-14T17:45,andar-3,0.598
2026-07-14T18:00,andar-3,0.380
2026-07-14T18:15,andar-3,0.329
2026-07-14T18:30,andar-3,0.438
2026-07-14T18:45,andar-3,0.452
2026-07-14T19:00,andar-3,0.410
2026-07-14T19:15,andar-3,0.455
2026-07-14T19:30,andar-3,0.383
2026-07-14T19:45,andar-3,0.379
2026-07-14T20:00,andar-3,0.438
2026-07-14T20:15,andar-3,0.418
2026-07-14T20:30,andar-3,0.409
2026-07-14T20:45,andar-3,0.446
2026-07-14T21:00,andar-3,0.430
2026-07-14T21:15,andar-3,0.394
2026-07-14T21:30,andar-3,0.421
2026-07-14T21:45,andar-3,0.404
2026-07-14T22:00,andar-3,0.179
2026-07-14T22:15,andar-3,0.188
2026-07-14T22:30,andar-3,0.197
2026-07-14T22:45,andar-3,0.190
2026-07-14T23:00,andar-3,0.174
2026-07-14T23:15,andar-3,0.199
2026-07-14T23:30,andar-3,0.171
2026-07-14T23:45,andar-3,0.191
2026-07-15T00:00,andar-3,0.154
2026-07-15T00:15,andar-3,0.150
2026-07-15T00:30,andar-3,0.160
2026-07-15T00:45,andar-3,0.167
2026-07-15T01:00,andar-3,0.149
2026-07-15T01:15,andar-3,0.149
2026-07-15T01:30,andar-3,0.148
2026-07-15T01:45,andar-3,0.171
2026-07-15T02:00,andar-3,0.157
2026-07-15T02:15,andar-3,0.162
2026-07-15T02:30,andar-3,0.150
2026-07-15T02:45,andar-3,0.138
2026-07-15T03:00,andar-3,0.146
2026-07-15T03:15,andar-3,0.146
2026-07-15T03:30,andar-3,0.142
2026-07-15T03:45,andar-3,0.157
2026-07-15T04:00,andar-3,0.148
2026-07-15T04:15,andar-3,0.148
2026-07-15T04:30,andar-3,0.144
2026-07-15T04:45,andar-3,0.158
2026-07-15T05:00,andar-3,0.155
2026-07-15T05:15,andar-3,0.161
2026-07-15T05:30,andar-3,0.153
2026-07-15T05:45,andar-3,0.135
2026-07-15T06:00,andar-3,0.330
2026-07-15T06:15,andar-3,0.302
2026-07-15T06:30,andar-3,0.330
2026-07-15T06:45,andar-3,0.301
2026-07-15T07:00,andar-3,0.328
2026-07-15T07:15,andar-3,0.320
2026-07-15T07:30,andar-3,0.299
2026-07-15T07:45,andar-3,0.291
2026-07-15T08:00,andar-3,0.296
2026-07-15T08:15,andar-3,0.293
2026-07-15T08:30,andar-3,0.313
2026-07-15T08:45,andar-3,0.287
2026-07-15T09:00,andar-3,0.659
2026-07-15T09:15,andar-3,0.525
2026-07-15T09:30,andar-3,0.488
2026-07-15T09:45,andar-3,0.592
2026-07-15T10:00,andar-3,0.571
2026-07-15T10:15,andar-3,0.571
2026-07-15T10:30,andar-3,0.597
2026-07-15T10:45,andar-3,0.529
2026-07-15T11:00,andar-3,0.591
2026-07-15T11:15,andar-3,0.521
2026-07-15T11:30,andar-3,0.562
2026-07-15T11:45,andar-3,0.587
2026-07-15T12:00,andar-3,0.612
2026-07-15T12:15,andar-3,0.462
2026-07-15T12:30,andar-3,0.538
2026-07-15T12:45,andar-3,0.523
2026-07-15T13:00,andar-3,0.553
2026-07-15T13:15,andar-3,0.516
2026-07-15T13:30,andar-3,0.593
2026-07-15T13:45,andar-3,0.503
2026-07-15T14:00,andar-3,0.607
2026-07-15T14:15,andar-3,0.475
2026-07-15T14:30,andar-3,0.498
2026-07-15T14:45,andar-3,0.496
2026-07-15T15:00,andar-3,0.544
2026-07-15T15:15,andar-3,0.549
2026-07-15T15:30,andar-3,0.506
2026-07-15T15:45,andar-3,0.517
2026-07-15T16:00,andar-3,0.514
2026-07-15T16:15,andar-3,0.583
2026-07-15T16:30,andar-3,0.487
2026-07-15T16:45,andar-3,0.521
2026-07-15T17:00,andar-3,0.597
2026-07-15T17:15,andar-3,0.523
2026-07-15T17:30,andar-3,0.543
2026-07-15T17:45,andar-3,0.494
2026-07-15T18:00,andar-3,0.393
2026-07-15T18:15,andar-3,0.341
2026-07-15T18:30,andar-3,0.332
2026-07-15T18:45,andar-3,0.428
2026-07-15T19:00,andar-3,0.435
2026-07-15T19:15,andar-3,0.422
2026-07-15T19:30,andar-3,0.397
2026-07-15T19:45,andar-3,0.397
2026-07-15T20:00,andar-3,0.351
2026-07-15T20:15,andar-3,0.376
2026-07-15T20:30,andar-3,0.401
2026-07-15T20:45,andar-3,0.383
2026-07-15T21:00,andar-3,0.339
2026-07-15T21:15,andar-3,0.371
2026-07-15T21:30,andar-3,0.352
2026-07-15T21:45,andar-3,0.376
2026-07-15T22:00,andar-3,0.179
2026-07-15T22:15,andar-3,0.185
2026-07-15T22:30,andar-3,0.161
2026-07-15T22:45,andar-3,0.162
2026-07-15T23:00,andar-3,0.161
2026-07-15T23:15,andar-3,0.186
2026-07-15T23:30,andar-3,0.191
2026-07-15T23:45,andar-3,0.186
2026-07-16T00:00,andar-3,0.149
2026-07-16T00:15,andar-3,0.159
2026-07-16T00:30,andar-3,0.139
2026-07-16T00:45,andar-3,0.178
2026-07-16T01:00,andar-3,0.162
2026-07-16T01:15,andar-3,0.163
2026-07-16T01:30,andar-3,0.150
2026-07-16T01:45,andar-3,0.150
2026-07-16T02:00,andar-3,0.148
2026-07-16T02:15,andar-3,0.138
2026-07-16T02:30,andar-3,0.139
2026-07-16T02:45,andar-3,0.152
2026-07-16T03:00,andar-3,0.138
2026-07-16T03:15,andar-3,0.161
2026-07-16T03:30,andar-3,0.152
2026-07-16T03:45,andar-3,0.159
2026-07-16T04:00,andar-3,0.148
2026-07-16T04:15,andar-3,0.134
2026-07-16T04:30,andar-3,0.156
2026-07-16T04:45,andar-3,0.142
2026-07-16T05:00,andar-3,0.167
2026-07-16T05:15,andar-3,0.134
2026-07-16T05:30,andar-3,0.151
2026-07-16T05:45,andar-3,0.160
2026-07-16T06:00,andar-3,0.352
2026-07-16T06:15,andar-3,0.300
2026-07-16T06:30,andar-3,0.322
2026-07-16T06:45,andar-3,0.365
2026-07-16T07:00,andar-3,0.264
2026-07-16T07:15,andar-3,0.280
2026-07-16T07:30,andar-3,0.288
2026-07-16T07:45,andar-3,0.280
2026-07-16T08:00,andar-3,0.318
2026-07-16T08:15,andar-3,0.313
2026-07-16T08:30,andar-3,0.293
2026-07-16T08:45,andar-3,0.334
2026-07-16T09:00,andar-3,0.542
2026-07-16T09:15,andar-3,0.543
2026-07-16T09:30,andar-3,0.472
2026-07-16T09:45,andar-3,0.573
2026-07-16T10:00,andar-3,0.567
2026-07-16T10:15,andar-3,0.475
2026-07-16T10:30,andar-3,0.477
2026-07-16T10:45,andar-3,0.605
2026-07-16T11:00,andar-3,0.610
2026-07-16T11:15,andar-3,0.560
2026-07-16T11:30,andar-3,0.588
2026-07-16T11:45,andar-3,0.588
2026-07-16T12:00,andar-3,0.545
2026-07-16T12:15,andar-3,0.560
2026-07-16T12:30,andar-3,0.470
2026-07-16T12:45,andar-3,0.566
2026-07-16T13:00,andar-3,0.557
2026-07-16T13:15,andar-3,0.559
2026-07-16T13:30,andar-3,0.490
2026-07-16T13:45,andar-3,0.590
2026-07-16T14:00,andar-3,0.557
2026-07-16T14:15,andar-3,0.551
2026-07-16T14:30,andar-3,0.504
2026-07-16T14:45,andar-3,0.555
2026-07-16T15:00,andar-3,0.618
2026-07-16T15:15,andar-3,0.520
2026-07-16T15:30,andar-3,0.631
2026-07-16T15:45,andar-3,0.559
2026-07-16T16:00,andar-3,0.526
2026-07-16T16:15,andar-3,0.554
2026-07-16T16:30,andar-3,0.545
2026-07-16T16:45,andar-3,0.486
2026-07-16T17:00,andar-3,0.578
2026-07-16T17:15,andar-3,0.533
2026-07-16T17:30,andar-3,0.703
2026-07-16T17:45,andar-3,0.471
2026-07-16T18:00,andar-3,0.387
2026-07-16T18:15,andar-3,0.392
2026-07-16T18:30,andar-3,0.418
2026-07-16T18:45,andar-3,0.383
2026-07-16T19:00,andar-3,0.363
2026-07-16T19:15,andar-3,0.391
2026-07-16T19:30,andar-3,0.371
2026-07-16T19:45,andar-3,0.334
2026-07-16T20:00,andar-3,0.406
2026-07-16T20:15,andar-3,0.374
2026-07-16T20:30,andar-3,0.344
2026-07-16T20:45,andar-3,0.373
2026-07-16T21:00,andar-3,0.391
2026-07-16T21:15,andar-3,0.407
2026-07-16T21:30,andar-3,0.413
2026-07-16T21:45,andar-3,0.424
2026-07-16T22:00,andar-3,0.203
2026-07-16T22:15,andar-3,0.179
2026-07-16T22:30,andar-3,0.193
2026-07-16T22:45,andar-3,0.147
2026-07-16T23:00,andar-3,0.169
2026-07-16T23:15,andar-3,0.205
2026-07-16T23:30,andar-3,0.168
2026-07-16T23:45,andar-3,0.185
2026-07-17T00:00,andar-3,0.140
2026-07-17T00:15,andar-3,0.130
2026-07-17T00:30,andar-3,0.149
2026-07-17T00:45,andar-3,0.132
2026-07-17T01:00,andar-3,0.138
2026-07-17T01:15,andar-3,0.166
2026-07-17T01:30,andar-3,0.151
2026-07-17T01:45,andar-3,0.171
2026-07-17T02:00,andar-3,0.170
2026-07-17T02:15,andar-3,0.162
2026-07-17T02:30,andar-3,0.138
2026-07-17T02:45,andar-3,0.150
2026-07-17T03:00,andar-3,0.141
2026-07-17T03:15,andar-3,0.144
2026-07-17T03:30,andar-3,0.159
2026-07-17T03:45,andar-3,0.164
2026-07-17T04:00,andar-3,0.148
2026-07-17T04:15,andar-3,0.155
2026-07-17T04:30,andar-3,0.156
2026-07-17T04:45,andar-3,0.149
2026-07-17T05:00,andar-3,0.143
2026-07-17T05:15,andar-3,0.152
2026-07-17T05:30,andar-3,0.138
2026-07-17T05:45,andar-3,0.145
2026-07-17T06:00,andar-3,0.338
2026-07-17T06:15,andar-3,0.310
2026-07-17T06:30,andar-3,0.305
2026-07-17T06:45,andar-3,0.324
2026-07-17T07:00,andar-3,0.308
2026-07-17T07:15,andar-3,0.340
2026-07-17T07:30,andar-3,0.328
2026-07-17T07:45,andar-3,0.293
2026-07-17T08:00,andar-3,0.301
2026-07-17T08:15,andar-3,0.319
2026-07-17T08:30,andar-3,0.251
2026-07-17T08:45,andar-3,0.295
2026-07-17T09:00,andar-3,0.561
2026-07-17T09:15,andar-3,0.629
2026-07-17T09:30,andar-3,0.542
2026-07-17T09:45,andar-3,0.539
2026-07-17T10:00,andar-3,0.573
2026-07-17T10:15,andar-3,0.527
2026-07-17T10:30,andar-3,0.551
2026-07-17T10:45,andar-3,0.630
2026-07-17T11:00,andar-3,0.518
2026-07-17T11:15,andar-3,0.557
2026-07-17T11:30,andar-3,0.577
2026-07-17T11:45,andar-3,0.545
2026-07-17T12:00,andar-3,0.575
2026-07-17T12:15,andar-3,0.518
2026-07-17T12:30,andar-3,0.623
2026-07-17T12:45,andar-3,0.543
2026-07-17T13:00,andar-3,0.569
2026-07-17T13:15,andar-3,0.574
2026-07-17T13:30,andar-3,0.554
2026-07-17T13:45,andar-3,0.555
2026-07-17T14:00,andar-3,0.640
2026-07-17T14:15,andar-3,0.510
2026-07-17T14:30,andar-3,0.582
2026-07-17T14:45,andar-3,0.543
2026-07-17T15:00,andar-3,0.569
2026-07-17T15:15,andar-3,0.539
2026-07-17T15:30,andar-3,0.475
2026-07-17T15:45,andar-3,0.527
2026-07-17T16:00,andar-3,0.578
2026-07-17T16:15,andar-3,0.490
2026-07-17T16:30,andar-3,0.571
2026-07-17T16:45,andar-3,0.497
2026-07-17T17:00,andar-3,0.540
2026-07-17T17:15,andar-3,0.611
2026-07-17T17:30,andar-3,0.478
2026-07-17T17:45,andar-3,0.603
2026-07-17T18:00,andar-3,0.418
2026-07-17T18:15,andar-3,0.397
2026-07-17T18:30,andar-3,0.433
2026-07-17T18:45,andar-3,0.355
2026-07-17T19:00,andar-3,0.378
2026-07-17T19:15,andar-3,0.428
2026-07-17T19:30,andar-3,0.367
2026-07-17T19:45,andar-3,0.383
2026-07-17T20:00,andar-3,0.405
2026-07-17T20:15,andar-3,0.409
2026-07-17T20:30,andar-3,0.361
2026-07-17T20:45,andar-3,0.402
2026-07-17T21:00,andar-3,0.429
2026-07-17T21:15,andar-3,0.409
2026-07-17T21:30,andar-3,0.415
2026-07-17T21:45,andar-3,0.404
2026-07-17T22:00,andar-3,0.180
2026-07-17T22:15,andar-3,0.173
2026-07-17T22:30,andar-3,0.172
2026-07-17T22:45,andar-3,0.195
2026-07-17T23:00,andar-3,0.172
2026-07-17T23:15,andar-3,0.157
2026-07-17T23:30,andar-3,0.167
2026-07-17T23:45,andar-3,0.188
2026-07-18T00:00,andar-3,0.085
2026-07-18T00:15,andar-3,0.073
2026-07-18T00:30,andar-3,0.079
2026-07-18T00:45,andar-3,0.073
2026-07-18T01:00,andar-3,0.072
2026-07-18T01:15,andar-3,0.064
2026-07-18T01:30,andar-3,0.088
2026-07-18T01:45,andar-3,0.076
2026-07-18T02:00,andar-3,0.078
2026-07-18T02:15,andar-3,0.077
2026-07-18T02:30,andar-3,0.080
2026-07-18T02:45,andar-3,0.083
2026-07-18T03:00,andar-3,0.079
2026-07-18T03:15,andar-3,0.074
2026-07-18T03:30,andar-3,0.073
2026-07-18T03:45,andar-3,0.084
2026-07-18T04:00,andar-3,0.079
2026-07-18T04:15,andar-3,0.067
2026-07-18T04:30,andar-3,0.078
2026-07-18T04:45,andar-3,0.077
2026-07-18T05:00,andar-3,0.076
2026-07-18T05:15,andar-3,0.082
2026-07-18T05:30,andar-3,0.081
2026-07-18T05:45,andar-3,0.076
2026-07-18T06:00,andar-3,0.140
2026-07-18T06:15,andar-3,0.163
2026-07-18T06:30,andar-3,0.141
2026-07-18T06:45,andar-3,0.142
2026-07-18T07:00,andar-3,0.144
2026-07-18T07:15,andar-3,0.163
2026-07-18T07:30,andar-3,0.169
2026-07-18T07:45,andar-3,0.136
2026-07-18T08:00,andar-3,0.154
2026-07-18T08:15,andar-3,0.155
2026-07-18T08:30,andar-3,0.163
2026-07-18T08:45,andar-3,0.150
2026-07-18T09:00,andar-3,0.283
2026-07-18T09:15,andar-3,0.269
2026-07-18T09:30,andar-3,0.297
2026-07-18T09:45,andar-3,0.309
2026-07-18T10:00,andar-3,0.307
2026-07-18T10:15,andar-3,0.319
2026-07-18T10:30,andar-3,0.293
2026-07-18T10:45,andar-3,0.251
2026-07-18T11:00,andar-3,0.253
2026-07-18T11:15,andar-3,0.310
2026-07-18T11:30,andar-3,0.262
2026-07-18T11:45,andar-3,0.312
2026-07-18T12:00,andar-3,0.322
2026-07-18T12:15,andar-3,0.265
2026-07-18T12:30,andar-3,0.264
2026-07-18T12:45,andar-3,0.267
2026-07-18T13:00,andar-3,0.272
2026-07-18T13:15,andar-3,0.259
2026-07-18T13:30,andar-3,0.289
2026-07-18T13:45,andar-3,0.248
2026-07-18T14:00,andar-3,0.319
2026-07-18T14:15,andar-3,0.244
2026-07-18T14:30,andar-3,0.257
2026-07-18T14:45,andar-3,0.276
2026-07-18T15:00,andar-3,0.307
2026-07-18T15:15,andar-3,0.247
2026-07-18T15:30,andar-3,0.281
2026-07-18T15:45,andar-3,0.264
2026-07-18T16:00,andar-3,0.276
2026-07-18T16:15,andar-3,0.266
2026-07-18T16:30,andar-3,0.298
2026-07-18T16:45,andar-3,0.294
2026-07-18T17:00,andar-3,0.245
2026-07-18T17:15,andar-3,0.253
2026-07-18T17:30,andar-3,0.221
2026-07-18T17:45,andar-3,0.308
2026-07-18T18:00,andar-3,0.213
2026-07-18T18:15,andar-3,0.207
2026-07-18T18:30,andar-3,0.212
2026-07-18T18:45,andar-3,0.180
2026-07-18T19:00,andar-3,0.232
2026-07-18T19:15,andar-3,0.173
2026-07-18T19:30,andar-3,0.213
2026-07-18T19:45,andar-3,0.216
2026-07-18T20:00,andar-3,0.206
2026-07-18T20:15,andar-3,0.232
2026-07-18T20:30,andar-3,0.204
2026-07-18T20:45,andar-3,0.180
2026-07-18T21:00,andar-3,0.198
2026-07-18T21:15,andar-3,0.194
2026-07-18T21:30,andar-3,0.229
2026-07-18T21:45,andar-3,0.215
2026-07-18T22:00,andar-3,0.107
2026-07-18T22:15,andar-3,0.090
2026-07-18T22:30,andar-3,0.097
2026-07-18T22:45,andar-3,0.082
2026-07-18T23:00,andar-3,0.092
2026-07-18T23:15,andar-3,0.086
2026-07-18T23:30,andar-3,0.101
2026-07-18T23:45,andar-3,0.087
2026-07-19T00:00,andar-3,0.079
2026-07-19T00:15,andar-3,0.080
2026-07-19T00:30,andar-3,0.071
2026-07-19T00:45,andar-3,0.074
2026-07-19T01:00,andar-3,0.078
2026-07-19T01:15,andar-3,0.069
2026-07-19T01:30,andar-3,0.080
2026-07-19T01:45,andar-3,0.074
2026-07-19T02:00,andar-3,0.076
2026-07-19T02:15,andar-3,0.065
2026-07-19T02:30,andar-3,0.078
2026-07-19T02:45,andar-3,0.065
2026-07-19T03:00,andar-3,0.075
2026-07-19T03:15,andar-3,0.075
2026-07-19T03:30,andar-3,0.077
2026-07-19T03:45,andar-3,0.088
2026-07-19T04:00,andar-3,0.076
2026-07-19T04:15,andar-3,0.067
2026-07-19T04:30,andar-3,0.074
2026-07-19T04:45,andar-3,0.076
2026-07-19T05:00,andar-3,0.075
2026-07-19T05:15,andar-3,0.075
2026-07-19T05:30,andar-3,0.077
2026-07-19T05:45,andar-3,0.077
2026-07-19T06:00,andar-3,0.139
2026-07-19T06:15,andar-3,0.146
2026-07-19T06:30,andar-3,0.132
2026-07-19T06:45,andar-3,0.163
2026-07-19T07:00,andar-3,0.156
2026-07-19T07:15,andar-3,0.146
2026-07-19T07:30,andar-3,0.144
2026-07-19T07:45,andar-3,0.159
2026-07-19T08:00,andar-3,0.145
2026-07-19T08:15,andar-3,0.157
2026-07-19T08:30,andar-3,0.149
2026-07-19T08:45,andar-3,0.159
2026-07-19T09:00,andar-3,0.265
2026-07-19T09:15,andar-3,0.266
2026-07-19T09:30,andar-3,0.237
2026-07-19T09:45,andar-3,0.262
2026-07-19T10:00,andar-3,0.286
2026-07-19T10:15,andar-3,0.266
2026-07-19T10:30,andar-3,0.314
2026-07-19T10:45,andar-3,0.263
2026-07-19T11:00,andar-3,0.254
2026-07-19T11:15,andar-3,0.258
2026-07-19T11:30,andar-3,0.262
2026-07-19T11:45,andar-3,0.247
2026-07-19T12:00,andar-3,0.284
2026-07-19T12:15,andar-3,0.235
2026-07-19T12:30,andar-3,0.257
2026-07-19T12:45,andar-3,0.280
2026-07-19T13:00,andar-3,0.304
2026-07-19T13:15,andar-3,0.281
2026-07-19T13:30,andar-3,0.282
2026-07-19T13:45,andar-3,0.278
2026-07-19T14:00,andar-3,0.243
2026-07-19T14:15,andar-3,0.315
2026-07-19T14:30,andar-3,0.256
2026-07-19T14:45,andar-3,0.269
2026-07-19T15:00,andar-3,0.261
2026-07-19T15:15,andar-3,0.253
2026-07-19T15:30,andar-3,0.258
2026-07-19T15:45,andar-3,0.294
2026-07-19T16:00,andar-3,0.277
2026-07-19T16:15,andar-3,0.292
2026-07-19T16:30,andar-3,0.314
2026-07-19T16:45,andar-3,0.257
2026-07-19T17:00,andar-3,0.276
2026-07-19T17:15,andar-3,0.272
2026-07-19T17:30,andar-3,0.250
2026-07-19T17:45,andar-3,0.293
2026-07-19T18:00,andar-3,0.201
2026-07-19T18:15,andar-3,0.240
2026-07-19T18:30,andar-3,0.178
2026-07-19T18:45,andar-3,0.186
2026-07-19T19:00,andar-3,0.228
2026-07-19T19:15,andar-3,0.208
2026-07-19T19:30,andar-3,0.201
2026-07-19T19:45,andar-3,0.214
2026-07-19T20:00,andar-3,0.197
2026-07-19T20:15,andar-3,0.216
2026-07-19T20:30,andar-3,0.200
2026-07-19T20:45,andar-3,0.194
2026-07-19T21:00,andar-3,0.214
2026-07-19T21:15,andar-3,0.184
2026-07-19T21:30,andar-3,0.216
2026-07-19T21:45,andar-3,0.209
2026-07-19T22:00,andar-3,0.080
2026-07-19T22:15,andar-3,0.106
2026-07-19T22:30,andar-3,0.089
2026-07-19T22:45,andar-3,0.100
2026-07-19T23:00,andar-3,0.076
2026-07-19T23:15,andar-3,0.092
2026-07-19T23:30,andar-3,0.094
2026-07-19T23:45,andar-3,0.093
2026-07-20T00:00,andar-3,0.150
2026-07-20T00:15,andar-3,0.142
2026-07-20T00:30,andar-3,0.162
2026-07-20T00:45,andar-3,0.138
2026-07-20T01:00,andar-3,0.122
2026-07-20T01:15,andar-3,0.134
2026-07-20T01:30,andar-3,0.162
2026-07-20T01:45,andar-3,0.156
2026-07-20T02:00,andar-3,0.129
2026-07-20T02:15,andar-3,0.149
2026-07-20T02:30,andar-3,0.156
2026-07-20T02:45,andar-3,0.147
2026-07-20T03:00,andar-3,0.137
2026-07-20T03:15,andar-3,0.148
2026-07-20T03:30,andar-3,0.150
2026-07-20T03:45,andar-3,0.160
2026-07-20T04:00,andar-3,0.141
2026-07-20T04:15,andar-3,0.149
2026-07-20T04:30,andar-3,0.154
2026-07-20T04:45,andar-3,0.153
2026-07-20T05:00,andar-3,0.150
2026-07-20T05:15,andar-3,0.151
2026-07-20T05:30,andar-3,0.163
2026-07-20T05:45,andar-3,0.173
2026-07-20T06:00,andar-3,0.283
2026-07-20T06:15,andar-3,0.305
2026-07-20T06:30,andar-3,0.329
2026-07-20T06:45,andar-3,0.291
2026-07-20T07:00,andar-3,0.306
2026-07-20T07:15,andar-3,0.295
2026-07-20T07:30,andar-3,0.367
2026-07-20T07:45,andar-3,0.264
2026-07-20T08:00,andar-3,0.260
2026-07-20T08:15,andar-3,0.308
2026-07-20T08:30,andar-3,0.330
2026-07-20T08:45,andar-3,0.312
2026-07-20T09:00,andar-3,0.575
2026-07-20T09:15,andar-3,0.515
2026-07-20T09:30,andar-3,0.495
2026-07-20T09:45,andar-3,0.567
2026-07-20T10:00,andar-3,0.535
2026-07-20T10:15,andar-3,0.581
2026-07-20T10:30,andar-3,0.607
2026-07-20T10:45,andar-3,0.543
2026-07-20T11:00,andar-3,0.558
2026-07-20T11:15,andar-3,0.521
2026-07-20T11:30,andar-3,0.642
2026-07-20T11:45,andar-3,0.506
2026-07-20T12:00,andar-3,0.612
2026-07-20T12:15,andar-3,0.586
2026-07-20T12:30,andar-3,0.537
2026-07-20T12:45,andar-3,0.647
2026-07-20T13:00,andar-3,0.546
2026-07-20T13:15,andar-3,0.611
2026-07-20T13:30,andar-3,0.484
2026-07-20T13:45,andar-3,0.563
2026-07-20T14:00,andar-3,0.579
2026-07-20T14:15,andar-3,0.597
2026-07-20T14:30,andar-3,0.572
2026-07-20T14:45,andar-3,0.567
2026-07-20T15:00,andar-3,0.583
2026-07-20T15:15,andar-3,0.617
2026-07-20T15:30,andar-3,0.512
2026-07-20T15:45,andar-3,0.587
2026-07-20T16:00,andar-3,0.567
2026-07-20T16:15,andar-3,0.579
2026-07-20T16:30,andar-3,0.508
2026-07-20T16:45,andar-3,0.537
2026-07-20T17:00,andar-3,0.516
2026-07-20T17:15,andar-3,0.593
2026-07-20T17:30,andar-3,0.571
2026-07-20T17:45,andar-3,0.549
2026-07-20T18:00,andar-3,0.411
2026-07-20T18:15,andar-3,0.421
2026-07-20T18:30,andar-3,0.396
2026-07-20T18:45,andar-3,0.421
2026-07-20T19:00,andar-3,0.384
2026-07-20T19:15,andar-3,0.399
2026-07-20T19:30,andar-3,0.429
2026-07-20T19:45,andar-3,0.380
2026-07-20T20:00,andar-3,0.433
2026-07-20T20:15,andar-3,0.399
2026-07-20T20:30,andar-3,0.397
2026-07-20T20:45,andar-3,0.428
2026-07-20T21:00,andar-3,0.392
2026-07-20T21:15,andar-3,0.396
2026-07-20T21:30,andar-3,0.402
2026-07-20T21:45,andar-3,0.384
2026-07-20T22:00,andar-3,0.181
2026-07-20T22:15,andar-3,0.186
2026-07-20T22:30,andar-3,0.194
2026-07-20T22:45,andar-3,0.159
2026-07-20T23:00,andar-3,0.184
2026-07-20T23:15,andar-3,0.190
2026-07-20T23:30,andar-3,0.185
2026-07-20T23:45,andar-3,0.168
2026-07-21T00:00,andar-3,0.143
2026-07-21T00:15,andar-3,0.147
2026-07-21T00:30,andar-3,0.149
2026-07-21T00:45,andar-3,0.144
2026-07-21T01:00,andar-3,0.148
2026-07-21T01:15,andar-3,0.158
2026-07-21T01:30,andar-3,0.143
2026-07-21T01:45,andar-3,0.136
2026-07-21T02:00,andar-3,0.158
2026-07-21T02:15,andar-3,0.149
2026-07-21T02:30,andar-3,0.136
2026-07-21T02:45,andar-3,0.140
2026-07-21T03:00,andar-3,0.164
2026-07-21T03:15,andar-3,0.145
2026-07-21T03:30,andar-3,0.132
2026-07-21T03:45,andar-3,0.158
2026-07-21T04:00,andar-3,0.156
2026-07-21T04:15,andar-3,0.140
2026-07-21T04:30,andar-3,0.164
2026-07-21T04:45,andar-3,0.146
2026-07-21T05:00,andar-3,0.170
2026-07-21T05:15,andar-3,0.159
2026-07-21T05:30,andar-3,0.164
2026-07-21T05:45,andar-3,0.160
2026-07-21T06:00,andar-3,0.308
2026-07-21T06:15,andar-3,0.283
2026-07-21T06:30,andar-3,0.318
2026-07-21T06:45,andar-3,0.315
2026-07-21T07:00,andar-3,0.323
2026-07-21T07:15,andar-3,0.331
2026-07-21T07:30,andar-3,0.300
2026-07-21T07:45,andar-3,0.336
2026-07-21T08:00,andar-3,0.272
2026-07-21T08:15,andar-3,0.326
2026-07-21T08:30,andar-3,0.319
2026-07-21T08:45,andar-3,0.291
2026-07-21T09:00,andar-3,0.467
2026-07-21T09:15,andar-3,0.569
2026-07-21T09:30,andar-3,0.618
2026-07-21T09:45,andar-3,0.594
2026-07-21T10:00,andar-3,0.515
2026-07-21T10:15,andar-3,0.545
2026-07-21T10:30,andar-3,0.579
2026-07-21T10:45,andar-3,0.563
2026-07-21T11:00,andar-3,0.525
2026-07-21T11:15,andar-3,0.542
2026-07-21T11:30,andar-3,0.568
2026-07-21T11:45,andar-3,0.498
2026-07-21T12:00,andar-3,0.507
2026-07-21T12:15,andar-3,0.522
2026-07-21T12:30,andar-3,0.556
2026-07-21T12:45,andar-3,0.544
2026-07-21T13:00,andar-3,0.565
2026-07-21T13:15,andar-3,0.543
2026-07-21T13:30,andar-3,0.559
2026-07-21T13:45,andar-3,0.456
2026-07-21T14:00,andar-3,0.577
2026-07-21T14:15,andar-3,0.537
2026-07-21T14:30,andar-3,0.490
2026-07-21T14:45,andar-3,0.565
2026-07-21T15:00,andar-3,0.536
2026-07-21T15:15,andar-3,0.458
2026-07-21T15:30,andar-3,0.560
2026-07-21T15:45,andar-3,0.577
2026-07-21T16:00,andar-3,0.569
2026-07-21T16:15,andar-3,0.521
2026-07-21T16:30,andar-3,0.591
2026-07-21T16:45,andar-3,0.522
2026-07-21T17:00,andar-3,0.488
2026-07-21T17:15,andar-3,0.485
2026-07-21T17:30,andar-3,0.565
2026-07-21T17:45,andar-3,0.530
2026-07-21T18:00,andar-3,0.317
2026-07-21T18:15,andar-3,0.385
2026-07-21T18:30,andar-3,0.385
2026-07-21T18:45,andar-3,0.418
2026-07-21T19:00,andar-3,0.341
2026-07-21T19:15,andar-3,0.424
2026-07-21T19:30,andar-3,0.378
2026-07-21T19:45,andar-3,0.372
2026-07-21T20:00,andar-3,0.402
2026-07-21T20:15,andar-3,0.383
2026-07-21T20:30,andar-3,0.440
2026-07-21T20:45,andar-3,0.385
2026-07-21T21:00,andar-3,0.378
2026-07-21T21:15,andar-3,0.375
2026-07-21T21:30,andar-3,0.425
2026-07-21T21:45,andar-3,0.421
2026-07-21T22:00,andar-3,0.183
2026-07-21T22:15,andar-3,0.179
2026-07-21T22:30,andar-3,0.202
2026-07-21T22:45,andar-3,0.185
2026-07-21T23:00,andar-3,0.174
2026-07-21T23:15,andar-3,0.188
2026-07-21T23:30,andar-3,0.157
2026-07-21T23:45,andar-3,0.202
2026-07-22T00:00,andar-3,0.156
2026-07-22T00:15,andar-3,0.159
2026-07-22T00:30,andar-3,0.148
2026-07-22T00:45,andar-3,0.148
2026-07-22T01:00,andar-3,0.141
2026-07-22T01:15,andar-3,0.167
2026-07-22T01:30,andar-3,0.146
2026-07-22T01:45,andar-3,0.142
2026-07-22T02:00,andar-3,0.143
2026-07-22T02:15,andar-3,0.127
2026-07-22T02:30,andar-3,0.149
2026-07-22T02:45,andar-3,0.141
2026-07-22T03:00,andar-3,0.151
2026-07-22T03:15,andar-3,0.151
2026-07-22T03:30,andar-3,0.154
2026-07-22T03:45,andar-3,0.138
2026-07-22T04:00,andar-3,0.158
2026-07-22T04:15,andar-3,0.137
2026-07-22T04:30,andar-3,0.148
2026-07-22T04:45,andar-3,0.150
2026-07-22T05:00,andar-3,0.145
2026-07-22T05:15,andar-3,0.153
2026-07-22T05:30,andar-3,0.160
2026-07-22T05:45,andar-3,0.132
2026-07-22T06:00,andar-3,0.284
2026-07-22T06:15,andar-3,0.336
2026-07-22T06:30,andar-3,0.267
2026-07-22T06:45,andar-3,0.284
2026-07-22T07:00,andar-3,0.297
2026-07-22T07:15,andar-3,0.299
2026-07-22T07:30,andar-3,0.311
2026-07-22T07:45,andar-3,0.302
2026-07-22T08:00,andar-3,0.313
2026-07-22T08:15,andar-3,0.303
2026-07-22T08:30,andar-3,0.315
2026-07-22T08:45,andar-3,0.317
2026-07-22T09:00,andar-3,0.521
2026-07-22T09:15,andar-3,0.564
2026-07-22T09:30,andar-3,0.537
2026-07-22T09:45,andar-3,0.604
2026-07-22T10:00,andar-3,0.589
2026-07-22T10:15,andar-3,0.531
2026-07-22T10:30,andar-3,0.568
2026-07-22T10:45,andar-3,0.543
2026-07-22T11:00,andar-3,0.499
2026-07-22T11:15,andar-3,0.576
2026-07-22T11:30,andar-3,0.550
2026-07-22T11:45,andar-3,0.493
2026-07-22T12:00,andar-3,0.576
2026-07-22T12:15,andar-3,0.593
2026-07-22T12:30,andar-3,0.509
2026-07-22T12:45,andar-3,0.548
2026-07-22T13:00,andar-3,0.634
2026-07-22T13:15,andar-3,0.537
2026-07-22T13:30,andar-3,0.512
2026-07-22T13:45,andar-3,0.488
2026-07-22T14:00,andar-3,0.517
2026-07-22T14:15,andar-3,0.500
2026-07-22T14:30,andar-3,0.549
2026-07-22T14:45,andar-3,0.578
2026-07-22T15:00,andar-3,0.625
2026-07-22T15:15,andar-3,0.511
2026-07-22T15:30,andar-3,0.513
2026-07-22T15:45,andar-3,0.529
2026-07-22T16:00,andar-3,0.550
2026-07-22T16:15,andar-3,0.582
2026-07-22T16:30,andar-3,0.538
2026-07-22T16:45,andar-3,0.536
2026-07-22T17:00,andar-3,0.505
2026-07-22T17:15,andar-3,0.558
2026-07-22T17:30,andar-3,0.573
2026-07-22T17:45,andar-3,0.553
2026-07-22T18:00,andar-3,0.427
2026-07-22T18:15,andar-3,0.381
2026-07-22T18:30,andar-3,0.431
2026-07-22T18:45,andar-3,0.422
2026-07-22T19:00,andar-3,0.385
2026-07-22T19:15,andar-3,0.461
2026-07-22T19:30,andar-3,0.400
2026-07-22T19:45,andar-3,0.472
2026-07-22T20:00,andar-3,0.419
2026-07-22T20:15,andar-3,0.426
2026-07-22T20:30,andar-3,0.442
2026-07-22T20:45,andar-3,0.413
2026-07-22T21:00,andar-3,0.372
2026-07-22T21:15,andar-3,0.420
2026-07-22T21:30,andar-3,0.443
2026-07-22T21:45,andar-3,0.407
2026-07-22T22:00,andar-3,0.183
2026-07-22T22:15,andar-3,0.179
2026-07-22T22:30,andar-3,0.195
2026-07-22T22:45,andar-3,0.186
2026-07-22T23:00,andar-3,0.184
2026-07-22T23:15,andar-3,0.184
2026-07-22T23:30,andar-3,0.174
2026-07-22T23:45,andar-3,0.181
2026-07-23T00:00,andar-3,0.156
2026-07-23T00:15,andar-3,0.142
2026-07-23T00:30,andar-3,0.145
2026-07-23T00:45,andar-3,0.165
2026-07-23T01:00,andar-3,0.161
2026-07-23T01:15,andar-3,0.152
2026-07-23T01:30,andar-3,0.161
2026-07-23T01:45,andar-3,0.138
2026-07-23T02:00,andar-3,0.130
2026-07-23T02:15,andar-3,0.144
2026-07-23T02:30,andar-3,0.146
2026-07-23T02:45,andar-3,0.151
2026-07-23T03:00,andar-3,0.142
2026-07-23T03:15,andar-3,0.153
2026-07-23T03:30,andar-3,0.145
2026-07-23T03:45,andar-3,0.138
2026-07-23T04:00,andar-3,0.152
2026-07-23T04:15,andar-3,0.159
2026-07-23T04:30,andar-3,0.138
2026-07-23T04:45,andar-3,0.185
2026-07-23T05:00,andar-3,0.164
2026-07-23T05:15,andar-3,0.157
2026-07-23T05:30,andar-3,0.151
2026-07-23T05:45,andar-3,0.138
2026-07-23T06:00,andar-3,0.289
2026-07-23T06:15,andar-3,0.315
2026-07-23T06:30,andar-3,0.263
2026-07-23T06:45,andar-3,0.257
2026-07-23T07:00,andar-3,0.325
2026-07-23T07:15,andar-3,0.272
2026-07-23T07:30,andar-3,0.299
2026-07-23T07:45,andar-3,0.298
2026-07-23T08:00,andar-3,0.324
2026-07-23T08:15,andar-3,0.337
2026-07-23T08:30,andar-3,0.282
2026-07-23T08:45,andar-3,0.295
2026-07-23T09:00,andar-3,0.532
2026-07-23T09:15,andar-3,0.586
2026-07-23T09:30,andar-3,0.523
2026-07-23T09:45,andar-3,0.557
2026-07-23T10:00,andar-3,0.584
2026-07-23T10:15,andar-3,0.549
2026-07-23T10:30,andar-3,0.547
2026-07-23T10:45,andar-3,0.533
2026-07-23T11:00,andar-3,0.506
2026-07-23T11:15,andar-3,0.560
2026-07-23T11:30,andar-3,0.546
2026-07-23T11:45,andar-3,0.633
2026-07-23T12:00,andar-3,0.628
2026-07-23T12:15,andar-3,0.471
2026-07-23T12:30,andar-3,0.570
2026-07-23T12:45,andar-3,0.510
2026-07-23T13:00,andar-3,0.663
2026-07-23T13:15,andar-3,0.549
2026-07-23T13:30,andar-3,0.545
2026-07-23T13:45,andar-3,0.581
2026-07-23T14:00,andar-3,0.642
2026-07-23T14:15,andar-3,0.502
2026-07-23T14:30,andar-3,0.657
2026-07-23T14:45,andar-3,0.568
2026-07-23T15:00,andar-3,0.616
2026-07-23T15:15,andar-3,0.617
2026-07-23T15:30,andar-3,0.533
2026-07-23T15:45,andar-3,0.458
2026-07-23T16:00,andar-3,0.517
2026-07-23T16:15,andar-3,0.535
2026-07-23T16:30,andar-3,0.590
2026-07-23T16:45,andar-3,0.579
2026-07-23T17:00,andar-3,0.583
2026-07-23T17:15,andar-3,0.628
2026-07-23T17:30,andar-3,0.497
2026-07-23T17:45,andar-3,0.547
2026-07-23T18:00,andar-3,0.425
2026-07-23T18:15,andar-3,0.361
2026-07-23T18:30,andar-3,0.383
2026-07-23T18:45,andar-3,0.410
2026-07-23T19:00,andar-3,0.428
2026-07-23T19:15,andar-3,0.401
2026-07-23T19:30,andar-3,0.404
2026-07-23T19:45,andar-3,0.418
2026-07-23T20:00,andar-3,0.396
2026-07-23T20:15,andar-3,0.428
2026-07-23T20:30,andar-3,0.343
2026-07-23T20:45,andar-3,0.428
2026-07-23T21:00,andar-3,0.320
2026-07-23T21:15,andar-3,0.385
2026-07-23T21:30,andar-3,0.347
2026-07-23T21:45,andar-3,0.411
2026-07-23T22:00,andar-3,0.172
2026-07-23T22:15,andar-3,0.166
2026-07-23T22:30,andar-3,0.177
2026-07-23T22:45,andar-3,0.182
2026-07-23T23:00,andar-3,0.184
2026-07-23T23:15,andar-3,0.153
2026-07-23T23:30,andar-3,0.205
2026-07-23T23:45,andar-3,0.181
2026-07-24T00:00,andar-3,0.169
2026-07-24T00:15,andar-3,0.160
2026-07-24T00:30,andar-3,0.146
2026-07-24T00:45,andar-3,0.163
2026-07-24T01:00,andar-3,0.160
2026-07-24T01:15,andar-3,0.168
2026-07-24T01:30,andar-3,0.152
2026-07-24T01:45,andar-3,0.137
2026-07-24T02:00,andar-3,0.127
2026-07-24T02:15,andar-3,0.146
2026-07-24T02:30,andar-3,0.148
2026-07-24T02:45,andar-3,0.141
2026-07-24T03:00,andar-3,0.139
2026-07-24T03:15,andar-3,0.171
2026-07-24T03:30,andar-3,0.158
2026-07-24T03:45,andar-3,0.156
2026-07-24T04:00,andar-3,0.144
2026-07-24T04:15,andar-3,0.150
2026-07-24T04:30,andar-3,0.156
2026-07-24T04:45,andar-3,0.135
2026-07-24T05:00,andar-3,0.142
2026-07-24T05:15,andar-3,0.158
2026-07-24T05:30,andar-3,0.164
2026-07-24T05:45,andar-3,0.144
2026-07-24T06:00,andar-3,0.279
2026-07-24T06:15,andar-3,0.326
2026-07-24T06:30,andar-3,0.336
2026-07-24T06:45,andar-3,0.283
2026-07-24T07:00,andar-3,0.373
2026-07-24T07:15,andar-3,0.308
2026-07-24T07:30,andar-3,0.310
2026-07-24T07:45,andar-3,0.283
2026-07-24T08:00,andar-3,0.310
2026-07-24T08:15,andar-3,0.294
2026-07-24T08:30,andar-3,0.319
2026-07-24T08:45,andar-3,0.348
2026-07-24T09:00,andar-3,0.628
2026-07-24T09:15,andar-3,0.501
2026-07-24T09:30,andar-3,0.550
2026-07-24T09:45,andar-3,0.466
2026-07-24T10:00,andar-3,0.615
2026-07-24T10:15,andar-3,0.563
2026-07-24T10:30,andar-3,0.476
2026-07-24T10:45,andar-3,0.522
2026-07-24T11:00,andar-3,0.529
2026-07-24T11:15,andar-3,0.501
2026-07-24T11:30,andar-3,0.579
2026-07-24T11:45,andar-3,0.450
2026-07-24T12:00,andar-3,0.530
2026-07-24T12:15,andar-3,0.521
2026-07-24T12:30,andar-3,0.511
2026-07-24T12:45,andar-3,0.527
2026-07-24T13:00,andar-3,0.581
2026-07-24T13:15,andar-3,0.569
2026-07-24T13:30,andar-3,0.602
2026-07-24T13:45,andar-3,0.605
2026-07-24T14:00,andar-3,0.613
2026-07-24T14:15,andar-3,0.545
2026-07-24T14:30,andar-3,0.608
2026-07-24T14:45,andar-3,0.538
2026-07-24T15:00,andar-3,0.588
2026-07-24T15:15,andar-3,0.573
2026-07-24T15:30,andar-3,0.541
2026-07-24T15:45,andar-3,0.591
2026-07-24T16:00,andar-3,0.539
2026-07-24T16:15,andar-3,0.567
2026-07-24T16:30,andar-3,0.555
2026-07-24T16:45,andar-3,0.586
2026-07-24T17:00,andar-3,0.623
2026-07-24T17:15,andar-3,0.610
2026-07-24T17:30,andar-3,0.489
2026-07-24T17:45,andar-3,0.605
2026-07-24T18:00,andar-3,0.397
2026-07-24T18:15,andar-3,0.369
2026-07-24T18:30,andar-3,0.405
2026-07-24T18:45,andar-3,0.329
2026-07-24T19:00,andar-3,0.386
2026-07-24T19:15,andar-3,0.414
2026-07-24T19:30,andar-3,0.424
2026-07-24T19:45,andar-3,0.421
2026-07-24T20:00,andar-3,0.395
2026-07-24T20:15,andar-3,0.430
2026-07-24T20:30,andar-3,0.385
2026-07-24T20:45,andar-3,0.384
2026-07-24T21:00,andar-3,0.426
2026-07-24T21:15,andar-3,0.362
2026-07-24T21:30,andar-3,0.446
2026-07-24T21:45,andar-3,0.371
2026-07-24T22:00,andar-3,0.191
2026-07-24T22:15,andar-3,0.188
2026-07-24T22:30,andar-3,0.171
2026-07-24T22:45,andar-3,0.175
2026-07-24T23:00,andar-3,0.161
2026-07-24T23:15,andar-3,0.150
2026-07-24T23:30,andar-3,0.161
2026-07-24T23:45,andar-3,0.188
2026-07-25T00:00,andar-3,0.079
2026-07-25T00:15,andar-3,0.073
2026-07-25T00:30,andar-3,0.076
2026-07-25T00:45,andar-3,0.071
2026-07-25T01:00,andar-3,0.078
2026-07-25T01:15,andar-3,0.072
2026-07-25T01:30,andar-3,0.077
2026-07-25T01:45,andar-3,0.081
2026-07-25T02:00,andar-3,0.067
2026-07-25T02:15,andar-3,0.076
2026-07-25T02:30,andar-3,0.085
2026-07-25T02:45,andar-3,0.077
2026-07-25T03:00,andar-3,0.082
2026-07-25T03:15,andar-3,0.079
2026-07-25T03:30,andar-3,0.067
2026-07-25T03:45,andar-3,0.075
2026-07-25T04:00,andar-3,0.073
2026-07-25T04:15,andar-3,0.075
2026-07-25T04:30,andar-3,0.079
2026-07-25T04:45,andar-3,0.071
2026-07-25T05:00,andar-3,0.080
2026-07-25T05:15,andar-3,0.068
2026-07-25T05:30,andar-3,0.078
2026-07-25T05:45,andar-3,0.075
2026-07-25T06:00,andar-3,0.166
2026-07-25T06:15,andar-3,0.142
2026-07-25T06:30,andar-3,0.162
2026-07-25T06:45,andar-3,0.148
2026-07-25T07:00,andar-3,0.152
2026-07-25T07:15,andar-3,0.157
2026-07-25T07:30,andar-3,0.153
2026-07-25T07:45,andar-3,0.126
2026-07-25T08:00,andar-3,0.180
2026-07-25T08:15,andar-3,0.149
2026-07-25T08:30,andar-3,0.155
2026-07-25T08:45,andar-3,0.174
2026-07-25T09:00,andar-3,0.258
2026-07-25T09:15,andar-3,0.280
2026-07-25T09:30,andar-3,0.257
2026-07-25T09:45,andar-3,0.267
2026-07-25T10:00,andar-3,0.237
2026-07-25T10:15,andar-3,0.291
2026-07-25T10:30,andar-3,0.259
2026-07-25T10:45,andar-3,0.250
2026-07-25T11:00,andar-3,0.297
2026-07-25T11:15,andar-3,0.262
2026-07-25T11:30,andar-3,0.272
2026-07-25T11:45,andar-3,0.319
2026-07-25T12:00,andar-3,0.279
2026-07-25T12:15,andar-3,0.294
2026-07-25T12:30,andar-3,0.290
2026-07-25T12:45,andar-3,0.298
2026-07-25T13:00,andar-3,0.262
2026-07-25T13:15,andar-3,0.284
2026-07-25T13:30,andar-3,0.266
2026-07-25T13:45,andar-3,0.313
2026-07-25T14:00,andar-3,0.313
2026-07-25T14:15,andar-3,0.294
2026-07-25T14:30,andar-3,0.278
2026-07-25T14:45,andar-3,0.263
2026-07-25T15:00,andar-3,0.277
2026-07-25T15:15,andar-3,0.269
2026-07-25T15:30,andar-3,0.282
2026-07-25T15:45,andar-3,0.262
2026-07-25T16:00,andar-3,0.339
2026-07-25T16:15,andar-3,0.279
2026-07-25T16:30,andar-3,0.246
2026-07-25T16:45,andar-3,0.247
2026-07-25T17:00,andar-3,0.259
2026-07-25T17:15,andar-3,0.221
2026-07-25T17:30,andar-3,0.279
2026-07-25T17:45,andar-3,0.232
2026-07-25T18:00,andar-3,0.184
2026-07-25T18:15,andar-3,0.212
2026-07-25T18:30,andar-3,0.200
2026-07-25T18:45,andar-3,0.213
2026-07-25T19:00,andar-3,0.196
2026-07-25T19:15,andar-3,0.196
2026-07-25T19:30,andar-3,0.185
2026-07-25T19:45,andar-3,0.181
2026-07-25T20:00,andar-3,0.193
2026-07-25T20:15,andar-3,0.185
2026-07-25T20:30,andar-3,0.209
2026-07-25T20:45,andar-3,0.218
2026-07-25T21:00,andar-3,0.224
2026-07-25T21:15,andar-3,0.203
2026-07-25T21:30,andar-3,0.207
2026-07-25T21:45,andar-3,0.175
2026-07-25T22:00,andar-3,0.083
2026-07-25T22:15,andar-3,0.094
2026-07-25T22:30,andar-3,0.098
2026-07-25T22:45,andar-3,0.100
2026-07-25T23:00,andar-3,0.091
2026-07-25T23:15,andar-3,0.105
2026-07-25T23:30,andar-3,0.098
2026-07-25T23:45,andar-3,0.097
2026-07-26T00:00,andar-3,0.068
2026-07-26T00:15,andar-3,0.070
2026-07-26T00:30,andar-3,0.066
2026-07-26T00:45,andar-3,0.077
2026-07-26T01:00,andar-3,0.063
2026-07-26T01:15,andar-3,0.079
2026-07-26T01:30,andar-3,0.066
2026-07-26T01:45,andar-3,0.082
2026-07-26T02:00,andar-3,0.070
2026-07-26T02:15,andar-3,0.070
2026-07-26T02:30,andar-3,0.070
2026-07-26T02:45,andar-3,0.077
2026-07-26T03:00,andar-3,0.077
2026-07-26T03:15,andar-3,0.067
2026-07-26T03:30,andar-3,0.088
2026-07-26T03:45,andar-3,0.074
2026-07-26T04:00,andar-3,0.068
2026-07-26T04:15,andar-3,0.074
2026-07-26T04:30,andar-3,0.072
2026-07-26T04:45,andar-3,0.078
2026-07-26T05:00,andar-3,0.053
2026-07-26T05:15,andar-3,0.080
2026-07-26T05:30,andar-3,0.074
2026-07-26T05:45,andar-3,0.076
2026-07-26T06:00,andar-3,0.131
2026-07-26T06:15,andar-3,0.128
2026-07-26T06:30,andar-3,0.167
2026-07-26T06:45,andar-3,0.159
2026-07-26T07:00,andar-3,0.145
2026-07-26T07:15,andar-3,0.144
2026-07-26T07:30,andar-3,0.141
2026-07-26T07:45,andar-3,0.131
2026-07-26T08:00,andar-3,0.148
2026-07-26T08:15,andar-3,0.156
2026-07-26T08:30,andar-3,0.162
2026-07-26T08:45,andar-3,0.169
2026-07-26T09:00,andar-3,0.256
2026-07-26T09:15,andar-3,0.265
2026-07-26T09:30,andar-3,0.281
2026-07-26T09:45,andar-3,0.262
2026-07-26T10:00,andar-3,0.260
2026-07-26T10:15,andar-3,0.254
2026-07-26T10:30,andar-3,0.274
2026-07-26T10:45,andar-3,0.237
2026-07-26T11:00,andar-3,0.311
2026-07-26T11:15,andar-3,0.307
2026-07-26T11:30,andar-3,0.263
2026-07-26T11:45,andar-3,0.283
2026-07-26T12:00,andar-3,0.294
2026-07-26T12:15,andar-3,0.286
2026-07-26T12:30,andar-3,0.273
2026-07-26T12:45,andar-3,0.284
2026-07-26T13:00,andar-3,0.254
2026-07-26T13:15,andar-3,0.254
2026-07-26T13:30,andar-3,0.299
2026-07-26T13:45,andar-3,0.239
2026-07-26T14:00,andar-3,0.271
2026-07-26T14:15,andar-3,0.305
2026-07-26T14:30,andar-3,0.273
2026-07-26T14:45,andar-3,0.293
2026-07-26T15:00,andar-3,0.291
2026-07-26T15:15,andar-3,0.278
2026-07-26T15:30,andar-3,0.278
2026-07-26T15:45,andar-3,0.255
2026-07-26T16:00,andar-3,0.260
2026-07-26T16:15,andar-3,0.323
2026-07-26T16:30,andar-3,0.289
2026-07-26T16:45,andar-3,0.272
2026-07-26T17:00,andar-3,0.288
2026-07-26T17:15,andar-3,0.287
2026-07-26T17:30,andar-3,0.295
2026-07-26T17:45,andar-3,0.279
2026-07-26T18:00,andar-3,0.189
2026-07-26T18:15,andar-3,0.194
2026-07-26T18:30,andar-3,0.175
2026-07-26T18:45,andar-3,0.189
2026-07-26T19:00,andar-3,0.165
2026-07-26T19:15,andar-3,0.217
2026-07-26T19:30,andar-3,0.199
2026-07-26T19:45,andar-3,0.195
2026-07-26T20:00,andar-3,0.177
2026-07-26T20:15,andar-3,0.210
2026-07-26T20:30,andar-3,0.199
2026-07-26T20:45,andar-3,0.221
2026-07-26T21:00,andar-3,0.188
2026-07-26T21:15,andar-3,0.210
2026-07-26T21:30,andar-3,0.194
2026-07-26T21:45,andar-3,0.216
2026-07-26T22:00,andar-3,2.306
2026-07-26T22:15,andar-3,2.284
2026-07-26T22:30,andar-3,2.285
2026-07-26T22:45,andar-3,2.282
2026-07-26T23:00,andar-3,2.273
2026-07-26T23:15,andar-3,2.291
2026-07-26T23:30,andar-3,2.295
2026-07-26T23:45,andar-3,2.284
2026-07-27T00:00,andar-3,2.341
2026-07-27T00:15,andar-3,2.345
2026-07-27T00:30,andar-3,2.331
2026-07-27T00:45,andar-3,2.359
2026-07-27T01:00,andar-3,2.341
2026-07-27T01:15,andar-3,2.338
2026-07-27T01:30,andar-3,2.336
2026-07-27T01:45,andar-3,2.350
2026-07-27T02:00,andar-3,2.356
2026-07-27T02:15,andar-3,2.366
2026-07-27T02:30,andar-3,2.347
2026-07-27T02:45,andar-3,2.353
2026-07-27T03:00,andar-3,2.352
2026-07-27T03:15,andar-3,2.338
2026-07-27T03:30,andar-3,2.351
2026-07-27T03:45,andar-3,2.344
2026-07-27T04:00,andar-3,2.320
2026-07-27T04:15,andar-3,2.330
2026-07-27T04:30,andar-3,2.350
2026-07-27T04:45,andar-3,2.346
2026-07-27T05:00,andar-3,2.341
2026-07-27T05:15,andar-3,2.368
2026-07-27T05:30,andar-3,2.354
2026-07-27T05:45,andar-3,2.358
2026-07-27T06:00,andar-3,0.315
2026-07-27T06:15,andar-3,0.312
2026-07-27T06:30,andar-3,0.301
2026-07-27T06:45,andar-3,0.277
2026-07-27T07:00,andar-3,0.269
2026-07-27T07:15,andar-3,0.270
2026-07-27T07:30,andar-3,0.278
2026-07-27T07:45,andar-3,0.308
2026-07-27T08:00,andar-3,0.298
2026-07-27T08:15,andar-3,0.325
2026-07-27T08:30,andar-3,0.269
2026-07-27T08:45,andar-3,0.301
2026-07-27T09:00,andar-3,0.527
2026-07-27T09:15,andar-3,0.563
2026-07-27T09:30,andar-3,0.512
2026-07-27T09:45,andar-3,0.548
2026-07-27T10:00,andar-3,0.654
2026-07-27T10:15,andar-3,0.535
2026-07-27T10:30,andar-3,0.558
2026-07-27T10:45,andar-3,0.551
2026-07-27T11:00,andar-3,0.589
2026-07-27T11:15,andar-3,0.508
2026-07-27T11:30,andar-3,0.570
2026-07-27T11:45,andar-3,0.553
2026-07-27T12:00,andar-3,0.560
2026-07-27T12:15,andar-3,0.483
2026-07-27T12:30,andar-3,0.576
2026-07-27T12:45,andar-3,0.631
2026-07-27T13:00,andar-3,0.548
2026-07-27T13:15,andar-3,0.573
2026-07-27T13:30,andar-3,0.511
2026-07-27T13:45,andar-3,0.512
2026-07-27T14:00,andar-3,0.546
2026-07-27T14:15,andar-3,0.545
2026-07-27T14:30,andar-3,0.555
2026-07-27T14:45,andar-3,0.503
2026-07-27T15:00,andar-3,0.584
2026-07-27T15:15,andar-3,0.572
2026-07-27T15:30,andar-3,0.507
2026-07-27T15:45,andar-3,0.542
2026-07-27T16:00,andar-3,0.484
2026-07-27T16:15,andar-3,0.586
2026-07-27T16:30,andar-3,0.634
2026-07-27T16:45,andar-3,0.542
2026-07-27T17:00,andar-3,0.566
2026-07-27T17:15,andar-3,0.561
2026-07-27T17:30,andar-3,0.562
2026-07-27T17:45,andar-3,0.615
2026-07-27T18:00,andar-3,0.308
2026-07-27T18:15,andar-3,0.394
2026-07-27T18:30,andar-3,0.418
2026-07-27T18:45,andar-3,0.432
2026-07-27T19:00,andar-3,0.396
2026-07-27T19:15,andar-3,0.381
2026-07-27T19:30,andar-3,0.419
2026-07-27T19:45,andar-3,0.402
2026-07-27T20:00,andar-3,0.419
2026-07-27T20:15,andar-3,0.378
2026-07-27T20:30,andar-3,0.329
2026-07-27T20:45,andar-3,0.401
2026-07-27T21:00,andar-3,0.410
2026-07-27T21:15,andar-3,0.431
2026-07-27T21:30,andar-3,0.359
2026-07-27T21:45,andar-3,0.418
2026-07-27T22:00,andar-3,2.386
2026-07-27T22:15,andar-3,2.374
2026-07-27T22:30,andar-3,2.373
2026-07-27T22:45,andar-3,2.370
2026-07-27T23:00,andar-3,2.380
2026-07-27T23:15,andar-3,2.356
2026-07-27T23:30,andar-3,2.362
2026-07-27T23:45,andar-3,2.406
2026-07-28T00:00,andar-3,2.339
2026-07-28T00:15,andar-3,2.361
2026-07-28T00:30,andar-3,2.331
2026-07-28T00:45,andar-3,2.362
2026-07-28T01:00,andar-3,2.322
2026-07-28T01:15,andar-3,2.356
2026-07-28T01:30,andar-3,2.358
2026-07-28T01:45,andar-3,2.368
2026-07-28T02:00,andar-3,2.345
2026-07-28T02:15,andar-3,2.340
2026-07-28T02:30,andar-3,2.349
2026-07-28T02:45,andar-3,2.341
2026-07-28T03:00,andar-3,2.365
2026-07-28T03:15,andar-3,2.356
2026-07-28T03:30,andar-3,2.343
2026-07-28T03:45,andar-3,2.351
2026-07-28T04:00,andar-3,2.358
2026-07-28T04:15,andar-3,2.345
2026-07-28T04:30,andar-3,2.347
2026-07-28T04:45,andar-3,2.339
2026-07-28T05:00,andar-3,2.342
2026-07-28T05:15,andar-3,2.364
2026-07-28T05:30,andar-3,2.337
2026-07-28T05:45,andar-3,2.339
2026-07-28T06:00,andar-3,0.287
2026-07-28T06:15,andar-3,0.257
2026-07-28T06:30,andar-3,0.305
2026-07-28T06:45,andar-3,0.267
2026-07-28T07:00,andar-3,0.314
2026-07-28T07:15,andar-3,0.294
2026-07-28T07:30,andar-3,0.263
2026-07-28T07:45,andar-3,0.302
2026-07-28T08:00,andar-3,0.276
2026-07-28T08:15,andar-3,0.277
2026-07-28T08:30,andar-3,0.286
2026-07-28T08:45,andar-3,0.272
2026-07-28T09:00,andar-3,0.530
2026-07-28T09:15,andar-3,0.517
2026-07-28T09:30,andar-3,0.572
2026-07-28T09:45,andar-3,0.571
2026-07-28T10:00,andar-3,0.628
2026-07-28T10:15,andar-3,0.473
2026-07-28T10:30,andar-3,0.537
2026-07-28T10:45,andar-3,0.548
2026-07-28T11:00,andar-3,0.535
2026-07-28T11:15,andar-3,0.541
2026-07-28T11:30,andar-3,0.630
2026-07-28T11:45,andar-3,0.517
2026-07-28T12:00,andar-3,0.539
2026-07-28T12:15,andar-3,0.632
2026-07-28T12:30,andar-3,0.542
2026-07-28T12:45,andar-3,0.512
2026-07-28T13:00,andar-3,0.570
2026-07-28T13:15,andar-3,0.454
2026-07-28T13:30,andar-3,0.574
2026-07-28T13:45,andar-3,0.521
2026-07-28T14:00,andar-3,0.491
2026-07-28T14:15,andar-3,0.527
2026-07-28T14:30,andar-3,0.524
2026-07-28T14:45,andar-3,0.606
2026-07-28T15:00,andar-3,0.500
2026-07-28T15:15,andar-3,0.625
2026-07-28T15:30,andar-3,0.631
2026-07-28T15:45,andar-3,0.485
2026-07-28T16:00,andar-3,0.543
2026-07-28T16:15,andar-3,0.562
2026-07-28T16:30,andar-3,0.534
2026-07-28T16:45,andar-3,0.545
2026-07-28T17:00,andar-3,0.532
2026-07-28T17:15,andar-3,0.572
2026-07-28T17:30,andar-3,0.514
2026-07-28T17:45,andar-3,0.568
2026-07-28T18:00,andar-3,0.428
2026-07-28T18:15,andar-3,0.408
2026-07-28T18:30,andar-3,0.404
2026-07-28T18:45,andar-3,0.428
2026-07-28T19:00,andar-3,0.467
2026-07-28T19:15,andar-3,0.409
2026-07-28T19:30,andar-3,0.415
2026-07-28T19:45,andar-3,0.413
2026-07-28T20:00,andar-3,0.419
2026-07-28T20:15,andar-3,0.365
2026-07-28T20:30,andar-3,0.398
2026-07-28T20:45,andar-3,0.364
2026-07-28T21:00,andar-3,0.385
2026-07-28T21:15,andar-3,0.398
2026-07-28T21:30,andar-3,0.408
2026-07-28T21:45,andar-3,0.436
2026-07-28T22:00,andar-3,2.374
2026-07-28T22:15,andar-3,2.406
2026-07-28T22:30,andar-3,2.361
2026-07-28T22:45,andar-3,2.400
2026-07-28T23:00,andar-3,2.398
2026-07-28T23:15,andar-3,2.398
2026-07-28T23:30,andar-3,2.386
2026-07-28T23:45,andar-3,2.387
2026-07-29T00:00,andar-3,2.357
2026-07-29T00:15,andar-3,2.367
2026-07-29T00:30,andar-3,2.383
2026-07-29T00:45,andar-3,2.342
2026-07-29T01:00,andar-3,2.347
2026-07-29T01:15,andar-3,2.346
2026-07-29T01:30,andar-3,2.335
2026-07-29T01:45,andar-3,2.370
2026-07-29T02:00,andar-3,2.375
2026-07-29T02:15,andar-3,2.353
2026-07-29T02:30,andar-3,2.353
2026-07-29T02:45,andar-3,2.340
2026-07-29T03:00,andar-3,2.349
2026-07-29T03:15,andar-3,2.340
2026-07-29T03:30,andar-3,2.336
2026-07-29T03:45,andar-3,2.350
2026-07-29T04:00,andar-3,2.359
2026-07-29T04:15,andar-3,2.342
2026-07-29T04:30,andar-3,2.343
2026-07-29T04:45,andar-3,2.367
2026-07-29T05:00,andar-3,2.361
2026-07-29T05:15,andar-3,2.338
2026-07-29T05:30,andar-3,2.334
2026-07-29T05:45,andar-3,2.370
2026-07-29T06:00,andar-3,0.276
2026-07-29T06:15,andar-3,0.280
2026-07-29T06:30,andar-3,0.321
2026-07-29T06:45,andar-3,0.284
2026-07-29T07:00,andar-3,0.296
2026-07-29T07:15,andar-3,0.291
2026-07-29T07:30,andar-3,0.296
2026-07-29T07:45,andar-3,0.314
2026-07-29T08:00,andar-3,0.303
2026-07-29T08:15,andar-3,0.316
2026-07-29T08:30,andar-3,0.292
2026-07-29T08:45,andar-3,0.288
2026-07-29T09:00,andar-3,0.594
2026-07-29T09:15,andar-3,0.479
2026-07-29T09:30,andar-3,0.570
2026-07-29T09:45,andar-3,0.502
2026-07-29T10:00,andar-3,0.593
2026-07-29T10:15,andar-3,0.548
2026-07-29T10:30,andar-3,0.586
2026-07-29T10:45,andar-3,0.530
2026-07-29T11:00,andar-3,0.541
2026-07-29T11:15,andar-3,0.584
2026-07-29T11:30,andar-3,0.538
2026-07-29T11:45,andar-3,0.582
2026-07-29T12:00,andar-3,0.441
2026-07-29T12:15,andar-3,0.489
2026-07-29T12:30,andar-3,0.596
2026-07-29T12:45,andar-3,0.517
2026-07-29T13:00,andar-3,0.570
2026-07-29T13:15,andar-3,0.514
2026-07-29T13:30,andar-3,0.536
2026-07-29T13:45,andar-3,0.550
2026-07-29T14:00,andar-3,0.559
2026-07-29T14:15,andar-3,0.602
2026-07-29T14:30,andar-3,0.542
2026-07-29T14:45,andar-3,0.515
2026-07-29T15:00,andar-3,0.563
2026-07-29T15:15,andar-3,0.524
2026-07-29T15:30,andar-3,0.625
2026-07-29T15:45,andar-3,0.579
2026-07-29T16:00,andar-3,0.507
2026-07-29T16:15,andar-3,0.524
2026-07-29T16:30,andar-3,0.472
2026-07-29T16:45,andar-3,0.559
2026-07-29T17:00,andar-3,0.513
2026-07-29T17:15,andar-3,0.549
2026-07-29T17:30,andar-3,0.620
2026-07-29T17:45,andar-3,0.571
2026-07-29T18:00,andar-3,0.411
2026-07-29T18:15,andar-3,0.303
2026-07-29T18:30,andar-3,0.384
2026-07-29T18:45,andar-3,0.373
2026-07-29T19:00,andar-3,0.382
2026-07-29T19:15,andar-3,0.401
2026-07-29T19:30,andar-3,0.347
2026-07-29T19:45,andar-3,0.406
2026-07-29T20:00,andar-3,0.394
2026-07-29T20:15,andar-3,0.321
2026-07-29T20:30,andar-3,0.360
2026-07-29T20:45,andar-3,0.392
2026-07-29T21:00,andar-3,0.400
2026-07-29T21:15,andar-3,0.412
2026-07-29T21:30,andar-3,0.395
2026-07-29T21:45,andar-3,0.400
2026-07-29T22:00,andar-3,2.361
2026-07-29T22:15,andar-3,2.376
2026-07-29T22:30,andar-3,2.364
2026-07-29T22:45,andar-3,2.368
2026-07-29T23:00,andar-3,2.391
2026-07-29T23:15,andar-3,2.377
2026-07-29T23:30,andar-3,2.389
2026-07-29T23:45,andar-3,2.386
2026-07-30T00:00,andar-3,2.347
2026-07-30T00:15,andar-3,2.341
2026-07-30T00:30,andar-3,2.350
2026-07-30T00:45,andar-3,2.353
2026-07-30T01:00,andar-3,2.369
2026-07-30T01:15,andar-3,2.350
2026-07-30T01:30,andar-3,2.355
2026-07-30T01:45,andar-3,2.350
2026-07-30T02:00,andar-3,2.334
2026-07-30T02:15,andar-3,2.335
2026-07-30T02:30,andar-3,2.344
2026-07-30T02:45,andar-3,2.345
2026-07-30T03:00,andar-3,2.364
2026-07-30T03:15,andar-3,2.330
2026-07-30T03:30,andar-3,2.333
2026-07-30T03:45,andar-3,2.357
2026-07-30T04:00,andar-3,2.341
2026-07-30T04:15,andar-3,2.353
2026-07-30T04:30,andar-3,2.356
2026-07-30T04:45,andar-3,2.359
2026-07-30T05:00,andar-3,2.355
2026-07-30T05:15,andar-3,2.357
2026-07-30T05:30,andar-3,2.333
2026-07-30T05:45,andar-3,2.351
2026-07-30T06:00,andar-3,0.324
2026-07-30T06:15,andar-3,0.331
2026-07-30T06:30,andar-3,0.277
2026-07-30T06:45,andar-3,0.331
2026-07-30T07:00,andar-3,0.301
2026-07-30T07:15,andar-3,0.314
2026-07-30T07:30,andar-3,0.351
2026-07-30T07:45,andar-3,0.324
2026-07-30T08:00,andar-3,0.299
2026-07-30T08:15,andar-3,0.275
2026-07-30T08:30,andar-3,0.291
2026-07-30T08:45,andar-3,0.275
2026-07-30T09:00,andar-3,0.547
2026-07-30T09:15,andar-3,0.585
2026-07-30T09:30,andar-3,0.521
2026-07-30T09:45,andar-3,0.489
2026-07-30T10:00,andar-3,0.575
2026-07-30T10:15,andar-3,0.562
2026-07-30T10:30,andar-3,0.567
2026-07-30T10:45,andar-3,0.597
2026-07-30T11:00,andar-3,0.538
2026-07-30T11:15,andar-3,0.505
2026-07-30T11:30,andar-3,0.539
2026-07-30T11:45,andar-3,0.543
2026-07-30T12:00,andar-3,0.534
2026-07-30T12:15,andar-3,0.567
2026-07-30T12:30,andar-3,0.503
2026-07-30T12:45,andar-3,0.626
2026-07-30T13:00,andar-3,0.530
2026-07-30T13:15,andar-3,0.482
2026-07-30T13:30,andar-3,0.532
2026-07-30T13:45,andar-3,0.642
2026-07-30T14:00,andar-3,0.461
2026-07-30T14:15,andar-3,0.568
2026-07-30T14:30,andar-3,0.499
2026-07-30T14:45,andar-3,0.511
2026-07-30T15:00,andar-3,0.563
2026-07-30T15:15,andar-3,0.481
2026-07-30T15:30,andar-3,0.644
2026-07-30T15:45,andar-3,0.549
2026-07-30T16:00,andar-3,0.568
2026-07-30T16:15,andar-3,0.584
2026-07-30T16:30,andar-3,0.506
2026-07-30T16:45,andar-3,0.536
2026-07-30T17:00,andar-3,0.495
2026-07-30T17:15,andar-3,0.456
2026-07-30T17:30,andar-3,0.519
2026-07-30T17:45,andar-3,0.594
2026-07-30T18:00,andar-3,0.368
2026-07-30T18:15,andar-3,0.388
2026-07-30T18:30,andar-3,0.367
2026-07-30T18:45,andar-3,0.373
2026-07-30T19:00,andar-3,0.317
2026-07-30T19:15,andar-3,0.425
2026-07-30T19:30,andar-3,0.396
2026-07-30T19:45,andar-3,0.409
2026-07-30T20:00,andar-3,0.395
2026-07-30T20:15,andar-3,0.366
2026-07-30T20:30,andar-3,0.365
2026-07-30T20:45,andar-3,0.405
2026-07-30T21:00,andar-3,0.398
2026-07-30T21:15,andar-3,0.327
2026-07-30T21:30,andar-3,0.408
2026-07-30T21:45,andar-3,0.410
2026-07-30T22:00,andar-3,2.377
2026-07-30T22:15,andar-3,2.402
2026-07-30T22:30,andar-3,2.381
2026-07-30T22:45,andar-3,2.397
2026-07-30T23:00,andar-3,2.370
2026-07-30T23:15,andar-3,2.385
2026-07-30T23:30,andar-3,2.374
2026-07-30T23:45,andar-3,2.393
2026-07-31T00:00,andar-3,2.347
2026-07-31T00:15,andar-3,2.329
2026-07-31T00:30,andar-3,2.328
2026-07-31T00:45,andar-3,2.341
2026-07-31T01:00,andar-3,2.371
2026-07-31T01:15,andar-3,2.363
2026-07-31T01:30,andar-3,2.342
2026-07-31T01:45,andar-3,2.344
2026-07-31T02:00,andar-3,2.361
2026-07-31T02:15,andar-3,2.355
2026-07-31T02:30,andar-3,2.359
2026-07-31T02:45,andar-3,2.330
2026-07-31T03:00,andar-3,2.360
2026-07-31T03:15,andar-3,2.361
2026-07-31T03:30,andar-3,2.355
2026-07-31T03:45,andar-3,2.359
2026-07-31T04:00,andar-3,2.381
2026-07-31T04:15,andar-3,2.341
2026-07-31T04:30,andar-3,2.355
2026-07-31T04:45,andar-3,2.356
2026-07-31T05:00,andar-3,2.328
2026-07-31T05:15,andar-3,2.364
2026-07-31T05:30,andar-3,2.359
2026-07-31T05:45,andar-3,2.358
2026-07-31T06:00,andar-3,0.252
2026-07-31T06:15,andar-3,0.302
2026-07-31T06:30,andar-3,0.280
2026-07-31T06:45,andar-3,0.320
2026-07-31T07:00,andar-3,0.332
2026-07-31T07:15,andar-3,0.303
2026-07-31T07:30,andar-3,0.294
2026-07-31T07:45,andar-3,0.347
2026-07-31T08:00,andar-3,0.314
2026-07-31T08:15,andar-3,0.281
2026-07-31T08:30,andar-3,0.309
2026-07-31T08:45,andar-3,0.309
2026-07-31T09:00,andar-3,0.527
2026-07-31T09:15,andar-3,0.622
2026-07-31T09:30,andar-3,0.544
2026-07-31T09:45,andar-3,0.496
2026-07-31T10:00,andar-3,0.483
2026-07-31T10:15,andar-3,0.575
2026-07-31T10:30,andar-3,0.621
2026-07-31T10:45,andar-3,0.540
2026-07-31T11:00,andar-3,0.524
2026-07-31T11:15,andar-3,0.510
2026-07-31T11:30,andar-3,0.549
2026-07-31T11:45,andar-3,0.588
2026-07-31T12:00,andar-3,0.541
2026-07-31T12:15,andar-3,0.461
2026-07-31T12:30,andar-3,0.625
2026-07-31T12:45,andar-3,0.547
2026-07-31T13:00,andar-3,0.488
2026-07-31T13:15,andar-3,0.453
2026-07-31T13:30,andar-3,0.505
2026-07-31T13:45,andar-3,0.585
2026-07-31T14:00,andar-3,0.593
2026-07-31T14:15,andar-3,0.535
2026-07-31T14:30,andar-3,0.614
2026-07-31T14:45,andar-3,0.544
2026-07-31T15:00,andar-3,0.550
2026-07-31T15:15,andar-3,0.437
2026-07-31T15:30,andar-3,0.549
2026-07-31T15:45,andar-3,0.590
2026-07-31T16:00,andar-3,0.530
2026-07-31T16:15,andar-3,0.509
2026-07-31T16:30,andar-3,0.599
2026-07-31T16:45,andar-3,0.614
2026-07-31T17:00,andar-3,0.455
2026-07-31T17:15,andar-3,0.603
2026-07-31T17:30,andar-3,0.575
2026-07-31T17:45,andar-3,0.515
2026-07-31T18:00,andar-3,0.418
2026-07-31T18:15,andar-3,0.418
2026-07-31T18:30,andar-3,0.353
2026-07-31T18:45,andar-3,0.412
2026-07-31T19:00,andar-3,0.422
2026-07-31T19:15,andar-3,0.324
2026-07-31T19:30,andar-3,0.414
2026-07-31T19:45,andar-3,0.361
2026-07-31T20:00,andar-3,0.382
2026-07-31T20:15,andar-3,0.412
2026-07-31T20:30,andar-3,0.438
2026-07-31T20:45,andar-3,0.344
2026-07-31T21:00,andar-3,0.423
2026-07-31T21:15,andar-3,0.345
2026-07-31T21:30,andar-3,0.395
2026-07-31T21:45,andar-3,0.416
2026-07-31T22:00,andar-3,2.397
2026-07-31T22:15,andar-3,2.379
2026-07-31T22:30,andar-3,2.379
2026-07-31T22:45,andar-3,2.382
2026-07-31T23:00,andar-3,2.384
2026-07-31T23:15,andar-3,2.397
2026-07-31T23:30,andar-3,2.382
2026-07-31T23:45,andar-3,2.375
2026-08-01T00:00,andar-3,2.274
2026-08-01T00:15,andar-3,2.278
2026-08-01T00:30,andar-3,2.281
2026-08-01T00:45,andar-3,2.268
2026-08-01T01:00,andar-3,2.274
2026-08-01T01:15,andar-3,2.282
2026-08-01T01:30,andar-3,2.272
2026-08-01T01:45,andar-3,2.284
2026-08-01T02:00,andar-3,2.283
2026-08-01T02:15,andar-3,2.276
2026-08-01T02:30,andar-3,2.278
2026-08-01T02:45,andar-3,2.279
2026-08-01T03:00,andar-3,2.275
2026-08-01T03:15,andar-3,2.268
2026-08-01T03:30,andar-3,2.274
2026-08-01T03:45,andar-3,2.278
2026-08-01T04:00,andar-3,2.270
2026-08-01T04:15,andar-3,2.278
2026-08-01T04:30,andar-3,2.269
2026-08-01T04:45,andar-3,2.276
2026-08-01T05:00,andar-3,2.283
2026-08-01T05:15,andar-3,2.272
2026-08-01T05:30,andar-3,2.280
2026-08-01T05:45,andar-3,2.261
2026-08-01T06:00,andar-3,0.158
2026-08-01T06:15,andar-3,0.166
2026-08-01T06:30,andar-3,0.148
2026-08-01T06:45,andar-3,0.150
2026-08-01T07:00,andar-3,0.136
2026-08-01T07:15,andar-3,0.163
2026-08-01T07:30,andar-3,0.135
2026-08-01T07:45,andar-3,0.156
2026-08-01T08:00,andar-3,0.145
2026-08-01T08:15,andar-3,0.137
2026-08-01T08:30,andar-3,0.121
2026-08-01T08:45,andar-3,0.157
2026-08-01T09:00,andar-3,0.302
2026-08-01T09:15,andar-3,0.284
2026-08-01T09:30,andar-3,0.309
2026-08-01T09:45,andar-3,0.247
2026-08-01T10:00,andar-3,0.295
2026-08-01T10:15,andar-3,0.300
2026-08-01T10:30,andar-3,0.316
2026-08-01T10:45,andar-3,0.303
2026-08-01T11:00,andar-3,0.284
2026-08-01T11:15,andar-3,0.284
2026-08-01T11:30,andar-3,0.255
2026-08-01T11:45,andar-3,0.251
2026-08-01T12:00,andar-3,0.311
2026-08-01T12:15,andar-3,0.272
2026-08-01T12:30,andar-3,0.268
2026-08-01T12:45,andar-3,0.271
2026-08-01T13:00,andar-3,0.234
2026-08-01T13:15,andar-3,0.238
2026-08-01T13:30,andar-3,0.294
2026-08-01T13:45,andar-3,0.256
2026-08-01T14:00,andar-3,0.267
2026-08-01T14:15,andar-3,0.282
2026-08-01T14:30,andar-3,0.275
2026-08-01T14:45,andar-3,0.270
2026-08-01T15:00,andar-3,0.261
2026-08-01T15:15,andar-3,0.254
2026-08-01T15:30,andar-3,0.257
2026-08-01T15:45,andar-3,0.264
2026-08-01T16:00,andar-3,0.301
2026-08-01T16:15,andar-3,0.315
2026-08-01T16:30,andar-3,0.300
2026-08-01T16:45,andar-3,0.318
2026-08-01T17:00,andar-3,0.281
2026-08-01T17:15,andar-3,0.264
2026-08-01T17:30,andar-3,0.296
2026-08-01T17:45,andar-3,0.270
2026-08-01T18:00,andar-3,0.201
2026-08-01T18:15,andar-3,0.192
2026-08-01T18:30,andar-3,0.182
2026-08-01T18:45,andar-3,0.175
2026-08-01T19:00,andar-3,0.216
2026-08-01T19:15,andar-3,0.221
2026-08-01T19:30,andar-3,0.178
2026-08-01T19:45,andar-3,0.211
2026-08-01T20:00,andar-3,0.181
2026-08-01T20:15,andar-3,0.209
2026-08-01T20:30,andar-3,0.231
2026-08-01T20:45,andar-3,0.185
2026-08-01T21:00,andar-3,0.204
2026-08-01T21:15,andar-3,0.197
2026-08-01T21:30,andar-3,0.235
2026-08-01T21:45,andar-3,0.198
2026-08-01T22:00,andar-3,2.291
2026-08-01T22:15,andar-3,2.302
2026-08-01T22:30,andar-3,2.287
2026-08-01T22:45,andar-3,2.292
2026-08-01T23:00,andar-3,2.293
2026-08-01T23:15,andar-3,2.294
2026-08-01T23:30,andar-3,2.297
2026-08-01T23:45,andar-3,2.283
2026-08-02T00:00,andar-3,2.274
2026-08-02T00:15,andar-3,2.271
2026-08-02T00:30,andar-3,2.272
2026-08-02T00:45,andar-3,2.268
2026-08-02T01:00,andar-3,2.280
2026-08-02T01:15,andar-3,2.290
2026-08-02T01:30,andar-3,2.275
2026-08-02T01:45,andar-3,2.273
2026-08-02T02:00,andar-3,2.288
2026-08-02T02:15,andar-3,2.280
2026-08-02T02:30,andar-3,2.274
2026-08-02T02:45,andar-3,2.273
2026-08-02T03:00,andar-3,2.277
2026-08-02T03:15,andar-3,2.274
2026-08-02T03:30,andar-3,2.281
2026-08-02T03:45,andar-3,2.274
2026-08-02T04:00,andar-3,2.268
2026-08-02T04:15,andar-3,2.280
2026-08-02T04:30,andar-3,2.280
2026-08-02T04:45,andar-3,2.274
2026-08-02T05:00,andar-3,2.283
2026-08-02T05:15,andar-3,2.270
2026-08-02T05:30,andar-3,2.273
2026-08-02T05:45,andar-3,2.279
2026-08-02T06:00,andar-3,0.164
2026-08-02T06:15,andar-3,0.152
2026-08-02T06:30,andar-3,0.149
2026-08-02T06:45,andar-3,0.154
2026-08-02T07:00,andar-3,0.141
2026-08-02T07:15,andar-3,0.154
2026-08-02T07:30,andar-3,0.140
2026-08-02T07:45,andar-3,0.151
2026-08-02T08:00,andar-3,0.130
2026-08-02T08:15,andar-3,0.124
2026-08-02T08:30,andar-3,0.126
2026-08-02T08:45,andar-3,0.164
2026-08-02T09:00,andar-3,0.243
2026-08-02T09:15,andar-3,0.256
2026-08-02T09:30,andar-3,0.308
2026-08-02T09:45,andar-3,0.276
2026-08-02T10:00,andar-3,0.275
2026-08-02T10:15,andar-3,0.241
2026-08-02T10:30,andar-3,0.275
2026-08-02T10:45,andar-3,0.288
2026-08-02T11:00,andar-3,0.233
2026-08-02T11:15,andar-3,0.286
2026-08-02T11:30,andar-3,0.257
2026-08-02T11:45,andar-3,0.290
2026-08-02T12:00,andar-3,0.314
2026-08-02T12:15,andar-3,0.283
2026-08-02T12:30,andar-3,0.275
2026-08-02T12:45,andar-3,0.285
2026-08-02T13:00,andar-3,0.259
2026-08-02T13:15,andar-3,0.271
2026-08-02T13:30,andar-3,0.257
2026-08-02T13:45,andar-3,0.277
2026-08-02T14:00,andar-3,0.256
2026-08-02T14:15,andar-3,0.291
2026-08-02T14:30,andar-3,0.257
2026-08-02T14:45,andar-3,0.302
2026-08-02T15:00,andar-3,0.312
2026-08-02T15:15,andar-3,0.280
2026-08-02T15:30,andar-3,0.262
2026-08-02T15:45,andar-3,0.283
2026-08-02T16:00,andar-3,0.250
2026-08-02T16:15,andar-3,0.297
2026-08-02T16:30,andar-3,0.231
2026-08-02T16:45,andar-3,0.311
2026-08-02T17:00,andar-3,0.248
2026-08-02T17:15,andar-3,0.253
2026-08-02T17:30,andar-3,0.281
2026-08-02T17:45,andar-3,0.239
2026-08-02T18:00,andar-3,0.201
2026-08-02T18:15,andar-3,0.213
2026-08-02T18:30,andar-3,0.192
2026-08-02T18:45,andar-3,0.187
2026-08-02T19:00,andar-3,0.203
2026-08-02T19:15,andar-3,0.210
2026-08-02T19:30,andar-3,0.161
2026-08-02T19:45,andar-3,0.227
2026-08-02T20:00,andar-3,0.173
2026-08-02T20:15,andar-3,0.189
2026-08-02T20:30,andar-3,0.197
2026-08-02T20:45,andar-3,0.171
2026-08-02T21:00,andar-3,0.184
2026-08-02T21:15,andar-3,0.194
2026-08-02T21:30,andar-3,0.203
2026-08-02T21:45,andar-3,0.160
2026-08-02T22:00,andar-3,2.293
2026-08-02T22:15,andar-3,2.289
2026-08-02T22:30,andar-3,2.284
2026-08-02T22:45,andar-3,2.294
2026-08-02T23:00,andar-3,2.285
2026-08-02T23:15,andar-3,2.287
2026-08-02T23:30,andar-3,2.301
2026-08-02T23:45,andar-3,2.294
2026-08-03T00:00,andar-3,2.336
2026-08-03T00:15,andar-3,2.355
2026-08-03T00:30,andar-3,2.320
2026-08-03T00:45,andar-3,2.356
2026-08-03T01:00,andar-3,2.342
2026-08-03T01:15,andar-3,2.357
2026-08-03T01:30,andar-3,2.365
2026-08-03T01:45,andar-3,2.372
2026-08-03T02:00,andar-3,2.361
2026-08-03T02:15,andar-3,2.341
2026-08-03T02:30,andar-3,2.349
2026-08-03T02:45,andar-3,2.332
2026-08-03T03:00,andar-3,2.375
2026-08-03T03:15,andar-3,2.375
2026-08-03T03:30,andar-3,2.341
2026-08-03T03:45,andar-3,2.359
2026-08-03T04:00,andar-3,2.340
2026-08-03T04:15,andar-3,2.355
2026-08-03T04:30,andar-3,2.360
2026-08-03T04:45,andar-3,2.362
2026-08-03T05:00,andar-3,2.339
2026-08-03T05:15,andar-3,2.345
2026-08-03T05:30,andar-3,2.343
2026-08-03T05:45,andar-3,2.354
2026-08-03T06:00,andar-3,0.287
2026-08-03T06:15,andar-3,0.314
2026-08-03T06:30,andar-3,0.313
2026-08-03T06:45,andar-3,0.226
2026-08-03T07:00,andar-3,0.301
2026-08-03T07:15,andar-3,0.261
2026-08-03T07:30,andar-3,0.292
2026-08-03T07:45,andar-3,0.331
2026-08-03T08:00,andar-3,0.325
2026-08-03T08:15,andar-3,0.285
2026-08-03T08:30,andar-3,0.332
2026-08-03T08:45,andar-3,0.264
2026-08-03T09:00,andar-3,0.550
2026-08-03T09:15,andar-3,0.560
2026-08-03T09:30,andar-3,0.614
2026-08-03T09:45,andar-3,0.503
2026-08-03T10:00,andar-3,0.555
2026-08-03T10:15,andar-3,0.505
2026-08-03T10:30,andar-3,0.573
2026-08-03T10:45,andar-3,0.560
2026-08-03T11:00,andar-3,0.616
2026-08-03T11:15,andar-3,0.550
2026-08-03T11:30,andar-3,0.531
2026-08-03T11:45,andar-3,0.631
2026-08-03T12:00,andar-3,0.621
2026-08-03T12:15,andar-3,0.550
2026-08-03T12:30,andar-3,0.484
2026-08-03T12:45,andar-3,0.654
2026-08-03T13:00,andar-3,0.636
2026-08-03T13:15,andar-3,0.427
2026-08-03T13:30,andar-3,0.504
2026-08-03T13:45,andar-3,0.569
2026-08-03T14:00,andar-3,0.580
2026-08-03T14:15,andar-3,0.594
2026-08-03T14:30,andar-3,0.463
2026-08-03T14:45,andar-3,0.544
2026-08-03T15:00,andar-3,0.594
2026-08-03T15:15,andar-3,0.542
2026-08-03T15:30,andar-3,0.570
2026-08-03T15:45,andar-3,0.558
2026-08-03T16:00,andar-3,0.616
2026-08-03T16:15,andar-3,0.472
2026-08-03T16:30,andar-3,0.555
2026-08-03T16:45,andar-3,0.495
2026-08-03T17:00,andar-3,0.547
2026-08-03T17:15,andar-3,0.545
2026-08-03T17:30,andar-3,0.506
2026-08-03T17:45,andar-3,0.623
2026-08-03T18:00,andar-3,0.422
2026-08-03T18:15,andar-3,0.385
2026-08-03T18:30,andar-3,0.403
2026-08-03T18:45,andar-3,0.470
2026-08-03T19:00,andar-3,0.431
2026-08-03T19:15,andar-3,0.408
2026-08-03T19:30,andar-3,0.420
2026-08-03T19:45,andar-3,0.388
2026-08-03T20:00,andar-3,0.394
2026-08-03T20:15,andar-3,0.401
2026-08-03T20:30,andar-3,0.389
2026-08-03T20:45,andar-3,0.412
2026-08-03T21:00,andar-3,0.411
2026-08-03T21:15,andar-3,0.469
2026-08-03T21:30,andar-3,0.384
2026-08-03T21:45,andar-3,0.395
2026-08-03T22:00,andar-3,0.174
2026-08-03T22:15,andar-3,0.183
2026-08-03T22:30,andar-3,0.200
2026-08-03T22:45,andar-3,0.176
2026-08-03T23:00,andar-3,0.183
2026-08-03T23:15,andar-3,0.155
2026-08-03T23:30,andar-3,0.165
2026-08-03T23:45,andar-3,0.171
2026-08-04T00:00,andar-3,0.133
2026-08-04T00:15,andar-3,0.144
2026-08-04T00:30,andar-3,0.159
2026-08-04T00:45,andar-3,0.138
2026-08-04T01:00,andar-3,0.139
2026-08-04T01:15,andar-3,0.125
2026-08-04T01:30,andar-3,0.138
2026-08-04T01:45,andar-3,0.149
2026-08-04T02:00,andar-3,0.145
2026-08-04T02:15,andar-3,0.142
2026-08-04T02:30,andar-3,0.173
2026-08-04T02:45,andar-3,0.150
2026-08-04T03:00,andar-3,0.157
2026-08-04T03:15,andar-3,0.173
2026-08-04T03:30,andar-3,0.158
2026-08-04T03:45,andar-3,0.141
2026-08-04T04:00,andar-3,0.167
2026-08-04T04:15,andar-3,0.160
2026-08-04T04:30,andar-3,0.137
2026-08-04T04:45,andar-3,0.151
2026-08-04T05:00,andar-3,0.144
2026-08-04T05:15,andar-3,0.152
2026-08-04T05:30,andar-3,0.163
2026-08-04T05:45,andar-3,0.144
2026-08-04T06:00,andar-3,0.293
2026-08-04T06:15,andar-3,0.305
2026-08-04T06:30,andar-3,0.297
2026-08-04T06:45,andar-3,0.268
2026-08-04T07:00,andar-3,0.281
2026-08-04T07:15,andar-3,0.263
2026-08-04T07:30,andar-3,0.281
2026-08-04T07:45,andar-3,0.285
2026-08-04T08:00,andar-3,0.319
2026-08-04T08:15,andar-3,0.312
2026-08-04T08:30,andar-3,0.325
2026-08-04T08:45,andar-3,0.272
2026-08-04T09:00,andar-3,0.630
2026-08-04T09:15,andar-3,0.550
2026-08-04T09:30,andar-3,0.462
2026-08-04T09:45,andar-3,0.648
2026-08-04T10:00,andar-3,0.551
2026-08-04T10:15,andar-3,0.539
2026-08-04T10:30,andar-3,0.559
2026-08-04T10:45,andar-3,0.483
2026-08-04T11:00,andar-3,0.559
2026-08-04T11:15,andar-3,0.599
2026-08-04T11:30,andar-3,0.568
2026-08-04T11:45,andar-3,0.601
2026-08-04T12:00,andar-3,0.589
2026-08-04T12:15,andar-3,0.512
2026-08-04T12:30,andar-3,0.579
2026-08-04T12:45,andar-3,0.577
2026-08-04T13:00,andar-3,0.588
2026-08-04T13:15,andar-3,0.439
2026-08-04T13:30,andar-3,0.631
2026-08-04T13:45,andar-3,0.620
2026-08-04T14:00,andar-3,0.478
2026-08-04T14:15,andar-3,0.507
2026-08-04T14:30,andar-3,0.588
2026-08-04T14:45,andar-3,0.581
2026-08-04T15:00,andar-3,0.598
2026-08-04T15:15,andar-3,0.524
2026-08-04T15:30,andar-3,0.624
2026-08-04T15:45,andar-3,0.367
2026-08-04T16:00,andar-3,0.447
2026-08-04T16:15,andar-3,0.513
2026-08-04T16:30,andar-3,0.595
2026-08-04T16:45,andar-3,0.613
2026-08-04T17:00,andar-3,0.525
2026-08-04T17:15,andar-3,0.527
2026-08-04T17:30,andar-3,0.516
2026-08-04T17:45,andar-3,0.667
2026-08-04T18:00,andar-3,0.397
2026-08-04T18:15,andar-3,0.410
2026-08-04T18:30,andar-3,0.371
2026-08-04T18:45,andar-3,0.445
2026-08-04T19:00,andar-3,0.371
2026-08-04T19:15,andar-3,0.388
2026-08-04T19:30,andar-3,0.413
2026-08-04T19:45,andar-3,0.363
2026-08-04T20:00,andar-3,0.398
2026-08-04T20:15,andar-3,0.411
2026-08-04T20:30,andar-3,0.334
2026-08-04T20:45,andar-3,0.379
2026-08-04T21:00,andar-3,0.443
2026-08-04T21:15,andar-3,0.390
2026-08-04T21:30,andar-3,0.412
2026-08-04T21:45,andar-3,0.339
2026-08-04T22:00,andar-3,0.200
2026-08-04T22:15,andar-3,0.188
2026-08-04T22:30,andar-3,0.204
2026-08-04T22:45,andar-3,0.169
2026-08-04T23:00,andar-3,0.176
2026-08-04T23:15,andar-3,0.164
2026-08-04T23:30,andar-3,0.195
2026-08-04T23:45,andar-3,0.210
2026-08-05T00:00,andar-3,0.169
2026-08-05T00:15,andar-3,0.148
2026-08-05T00:30,andar-3,0.155
2026-08-05T00:45,andar-3,0.172
2026-08-05T01:00,andar-3,0.140
2026-08-05T01:15,andar-3,0.158
2026-08-05T01:30,andar-3,0.143
2026-08-05T01:45,andar-3,0.128
2026-08-05T02:00,andar-3,0.149
2026-08-05T02:15,andar-3,0.159
2026-08-05T02:30,andar-3,0.135
2026-08-05T02:45,andar-3,0.153
2026-08-05T03:00,andar-3,0.152
2026-08-05T03:15,andar-3,0.149
2026-08-05T03:30,andar-3,0.171
2026-08-05T03:45,andar-3,0.144
2026-08-05T04:00,andar-3,0.143
2026-08-05T04:15,andar-3,0.148
2026-08-05T04:30,andar-3,0.154
2026-08-05T04:45,andar-3,0.139
2026-08-05T05:00,andar-3,0.156
2026-08-05T05:15,andar-3,0.158
2026-08-05T05:30,andar-3,0.143
2026-08-05T05:45,andar-3,0.133
2026-08-05T06:00,andar-3,0.317
2026-08-05T06:15,andar-3,0.295
2026-08-05T06:30,andar-3,0.306
2026-08-05T06:45,andar-3,0.292
2026-08-05T07:00,andar-3,0.263
2026-08-05T07:15,andar-3,0.319
2026-08-05T07:30,andar-3,0.322
2026-08-05T07:45,andar-3,0.297
2026-08-05T08:00,andar-3,0.309
2026-08-05T08:15,andar-3,0.290
2026-08-05T08:30,andar-3,0.260
2026-08-05T08:45,andar-3,0.282
2026-08-05T09:00,andar-3,0.599
2026-08-05T09:15,andar-3,0.497
2026-08-05T09:30,andar-3,0.541
2026-08-05T09:45,andar-3,0.445
2026-08-05T10:00,andar-3,0.497
2026-08-05T10:15,andar-3,0.519
2026-08-05T10:30,andar-3,0.558
2026-08-05T10:45,andar-3,0.544
2026-08-05T11:00,andar-3,0.487
2026-08-05T11:15,andar-3,0.475
2026-08-05T11:30,andar-3,0.580
2026-08-05T11:45,andar-3,0.562
2026-08-05T12:00,andar-3,0.625
2026-08-05T12:15,andar-3,0.501
2026-08-05T12:30,andar-3,0.487
2026-08-05T12:45,andar-3,0.591
2026-08-05T13:00,andar-3,0.519
2026-08-05T13:15,andar-3,0.521
2026-08-05T13:30,andar-3,0.557
2026-08-05T13:45,andar-3,0.547
2026-08-05T14:00,andar-3,0.571
2026-08-05T14:15,andar-3,0.460
2026-08-05T14:30,andar-3,0.584
2026-08-05T14:45,andar-3,0.572
2026-08-05T15:00,andar-3,0.560
2026-08-05T15:15,andar-3,0.557
2026-08-05T15:30,andar-3,0.587
2026-08-05T15:45,andar-3,0.544
2026-08-05T16:00,andar-3,0.608
2026-08-05T16:15,andar-3,0.523
2026-08-05T16:30,andar-3,0.522
2026-08-05T16:45,andar-3,0.567
2026-08-05T17:00,andar-3,0.592
2026-08-05T17:15,andar-3,0.454
2026-08-05T17:30,andar-3,0.608
2026-08-05T17:45,andar-3,0.555
2026-08-05T18:00,andar-3,0.419
2026-08-05T18:15,andar-3,0.359
2026-08-05T18:30,andar-3,0.371
2026-08-05T18:45,andar-3,0.416
2026-08-05T19:00,andar-3,0.359
2026-08-05T19:15,andar-3,0.414
2026-08-05T19:30,andar-3,0.365
2026-08-05T19:45,andar-3,0.337
2026-08-05T20:00,andar-3,0.357
2026-08-05T20:15,andar-3,0.373
2026-08-05T20:30,andar-3,0.422
2026-08-05T20:45,andar-3,0.386
2026-08-05T21:00,andar-3,0.386
2026-08-05T21:15,andar-3,0.425
2026-08-05T21:30,andar-3,0.378
2026-08-05T21:45,andar-3,0.393
2026-08-05T22:00,andar-3,0.201
2026-08-05T22:15,andar-3,0.183
2026-08-05T22:30,andar-3,0.173
2026-08-05T22:45,andar-3,0.161
2026-08-05T23:00,andar-3,0.204
2026-08-05T23:15,andar-3,0.173
2026-08-05T23:30,andar-3,0.182
2026-08-05T23:45,andar-3,0.208
2026-08-06T00:00,andar-3,0.135
2026-08-06T00:15,andar-3,0.133
2026-08-06T00:30,andar-3,0.155
2026-08-06T00:45,andar-3,0.145
2026-08-06T01:00,andar-3,0.149
2026-08-06T01:15,andar-3,0.137
2026-08-06T01:30,andar-3,0.159
2026-08-06T01:45,andar-3,0.154
2026-08-06T02:00,andar-3,0.135
2026-08-06T02:15,andar-3,0.153
2026-08-06T02:30,andar-3,0.160
2026-08-06T02:45,andar-3,0.133
2026-08-06T03:00,andar-3,0.156
2026-08-06T03:15,andar-3,0.146
2026-08-06T03:30,andar-3,0.134
2026-08-06T03:45,andar-3,0.152
2026-08-06T04:00,andar-3,0.151
2026-08-06T04:15,andar-3,0.142
2026-08-06T04:30,andar-3,0.171
2026-08-06T04:45,andar-3,0.160
2026-08-06T05:00,andar-3,0.144
2026-08-06T05:15,andar-3,0.163
2026-08-06T05:30,andar-3,0.154
2026-08-06T05:45,andar-3,0.139
2026-08-06T06:00,andar-3,0.312
2026-08-06T06:15,andar-3,0.332
2026-08-06T06:30,andar-3,0.307
2026-08-06T06:45,andar-3,0.278
2026-08-06T07:00,andar-3,0.307
2026-08-06T07:15,andar-3,0.288
2026-08-06T07:30,andar-3,0.368
2026-08-06T07:45,andar-3,0.318
2026-08-06T08:00,andar-3,0.305
2026-08-06T08:15,andar-3,0.247
2026-08-06T08:30,andar-3,0.314
2026-08-06T08:45,andar-3,0.273
2026-08-06T09:00,andar-3,0.557
2026-08-06T09:15,andar-3,0.534
2026-08-06T09:30,andar-3,0.566
2026-08-06T09:45,andar-3,0.640
2026-08-06T10:00,andar-3,0.542
2026-08-06T10:15,andar-3,0.554
2026-08-06T10:30,andar-3,0.510
2026-08-06T10:45,andar-3,0.567
2026-08-06T11:00,andar-3,0.535
2026-08-06T11:15,andar-3,0.514
2026-08-06T11:30,andar-3,0.527
2026-08-06T11:45,andar-3,0.557
2026-08-06T12:00,andar-3,0.549
2026-08-06T12:15,andar-3,0.509
2026-08-06T12:30,andar-3,0.546
2026-08-06T12:45,andar-3,0.573
2026-08-06T13:00,andar-3,0.534
2026-08-06T13:15,andar-3,0.572
2026-08-06T13:30,andar-3,0.525
2026-08-06T13:45,andar-3,0.492
2026-08-06T14:00,andar-3,0.545
2026-08-06T14:15,andar-3,0.484
2026-08-06T14:30,andar-3,0.572
2026-08-06T14:45,andar-3,0.495
2026-08-06T15:00,andar-3,0.556
2026-08-06T15:15,andar-3,0.624
2026-08-06T15:30,andar-3,0.559
2026-08-06T15:45,andar-3,0.547
2026-08-06T16:00,andar-3,0.433
2026-08-06T16:15,andar-3,0.451
2026-08-06T16:30,andar-3,0.573
2026-08-06T16:45,andar-3,0.555
2026-08-06T17:00,andar-3,0.574
2026-08-06T17:15,andar-3,0.547
2026-08-06T17:30,andar-3,0.637
2026-08-06T17:45,andar-3,0.543
2026-08-06T18:00,andar-3,0.421
2026-08-06T18:15,andar-3,0.416
2026-08-06T18:30,andar-3,0.432
2026-08-06T18:45,andar-3,0.407
2026-08-06T19:00,andar-3,0.467
2026-08-06T19:15,andar-3,0.427
2026-08-06T19:30,andar-3,0.416
2026-08-06T19:45,andar-3,0.383
2026-08-06T20:00,andar-3,0.441
2026-08-06T20:15,andar-3,0.393
2026-08-06T20:30,andar-3,0.328
2026-08-06T20:45,andar-3,0.405
2026-08-06T21:00,andar-3,0.432
2026-08-06T21:15,andar-3,0.435
2026-08-06T21:30,andar-3,0.361
2026-08-06T21:45,andar-3,0.414
2026-08-06T22:00,andar-3,0.186
2026-08-06T22:15,andar-3,0.183
2026-08-06T22:30,andar-3,0.188
2026-08-06T22:45,andar-3,0.162
2026-08-06T23:00,andar-3,0.186
2026-08-06T23:15,andar-3,0.196
2026-08-06T23:30,andar-3,0.165
2026-08-06T23:45,andar-3,0.174
2026-08-07T00:00,andar-3,0.135
2026-08-07T00:15,andar-3,0.139
2026-08-07T00:30,andar-3,0.144
2026-08-07T00:45,andar-3,0.159
2026-08-07T01:00,andar-3,0.167
2026-08-07T01:15,andar-3,0.146
2026-08-07T01:30,andar-3,0.147
2026-08-07T01:45,andar-3,0.160
2026-08-07T02:00,andar-3,0.137
2026-08-07T02:15,andar-3,0.165
2026-08-07T02:30,andar-3,0.152
2026-08-07T02:45,andar-3,0.170
2026-08-07T03:00,andar-3,0.147
2026-08-07T03:15,andar-3,0.156
2026-08-07T03:30,andar-3,0.157
2026-08-07T03:45,andar-3,0.151
2026-08-07T04:00,andar-3,0.148
2026-08-07T04:15,andar-3,0.151
2026-08-07T04:30,andar-3,0.139
2026-08-07T04:45,andar-3,0.161
2026-08-07T05:00,andar-3,0.151
2026-08-07T05:15,andar-3,0.150
2026-08-07T05:30,andar-3,0.155
2026-08-07T05:45,andar-3,0.155
2026-08-07T06:00,andar-3,0.304
2026-08-07T06:15,andar-3,0.312
2026-08-07T06:30,andar-3,0.320
2026-08-07T06:45,andar-3,0.314
2026-08-07T07:00,andar-3,0.268
2026-08-07T07:15,andar-3,0.300
2026-08-07T07:30,andar-3,0.290
2026-08-07T07:45,andar-3,0.301
2026-08-07T08:00,andar-3,0.301
2026-08-07T08:15,andar-3,0.320
2026-08-07T08:30,andar-3,0.257
2026-08-07T08:45,andar-3,0.354
2026-08-07T09:00,andar-3,0.484
2026-08-07T09:15,andar-3,0.528
2026-08-07T09:30,andar-3,0.545
2026-08-07T09:45,andar-3,0.562
2026-08-07T10:00,andar-3,0.584
2026-08-07T10:15,andar-3,0.608
2026-08-07T10:30,andar-3,0.548
2026-08-07T10:45,andar-3,0.544
2026-08-07T11:00,andar-3,0.541
2026-08-07T11:15,andar-3,0.496
2026-08-07T11:30,andar-3,0.472
2026-08-07T11:45,andar-3,0.520
2026-08-07T12:00,andar-3,0.622
2026-08-07T12:15,andar-3,0.560
2026-08-07T12:30,andar-3,0.545
2026-08-07T12:45,andar-3,0.592
2026-08-07T13:00,andar-3,0.539
2026-08-07T13:15,andar-3,0.506
2026-08-07T13:30,andar-3,0.644
2026-08-07T13:45,andar-3,0.553
2026-08-07T14:00,andar-3,0.594
2026-08-07T14:15,andar-3,0.525
2026-08-07T14:30,andar-3,0.657
2026-08-07T14:45,andar-3,0.504
2026-08-07T15:00,andar-3,0.511
2026-08-07T15:15,andar-3,0.541
2026-08-07T15:30,andar-3,0.569
2026-08-07T15:45,andar-3,0.484
2026-08-07T16:00,andar-3,0.476
2026-08-07T16:15,andar-3,0.591
2026-08-07T16:30,andar-3,0.449
2026-08-07T16:45,andar-3,0.539
2026-08-07T17:00,andar-3,0.516
2026-08-07T17:15,andar-3,0.540
2026-08-07T17:30,andar-3,0.483
2026-08-07T17:45,andar-3,0.585
2026-08-07T18:00,andar-3,0.417
2026-08-07T18:15,andar-3,0.371
2026-08-07T18:30,andar-3,0.345
2026-08-07T18:45,andar-3,0.370
2026-08-07T19:00,andar-3,0.351
2026-08-07T19:15,andar-3,0.407
2026-08-07T19:30,andar-3,0.377
2026-08-07T19:45,andar-3,0.411
2026-08-07T20:00,andar-3,0.370
2026-08-07T20:15,andar-3,0.411
2026-08-07T20:30,andar-3,0.421
2026-08-07T20:45,andar-3,0.421
2026-08-07T21:00,andar-3,0.347
2026-08-07T21:15,andar-3,0.443
2026-08-07T21:30,andar-3,0.458
2026-08-07T21:45,andar-3,0.400
2026-08-07T22:00,andar-3,0.185
2026-08-07T22:15,andar-3,0.168
2026-08-07T22:30,andar-3,0.186
2026-08-07T22:45,andar-3,0.180
2026-08-07T23:00,andar-3,0.165
2026-08-07T23:15,andar-3,0.172
2026-08-07T23:30,andar-3,0.182
2026-08-07T23:45,andar-3,0.207
2026-08-08T00:00,andar-3,0.074
2026-08-08T00:15,andar-3,0.061
2026-08-08T00:30,andar-3,0.066
2026-08-08T00:45,andar-3,0.076
2026-08-08T01:00,andar-3,0.079
2026-08-08T01:15,andar-3,0.078
2026-08-08T01:30,andar-3,0.065
2026-08-08T01:45,andar-3,0.080
2026-08-08T02:00,andar-3,0.071
2026-08-08T02:15,andar-3,0.080
2026-08-08T02:30,andar-3,0.077
2026-08-08T02:45,andar-3,0.073
2026-08-08T03:00,andar-3,0.071
2026-08-08T03:15,andar-3,0.081
2026-08-08T03:30,andar-3,0.069
2026-08-08T03:45,andar-3,0.070
2026-08-08T04:00,andar-3,0.086
2026-08-08T04:15,andar-3,0.055
2026-08-08T04:30,andar-3,0.084
2026-08-08T04:45,andar-3,0.075
2026-08-08T05:00,andar-3,0.076
2026-08-08T05:15,andar-3,0.073
2026-08-08T05:30,andar-3,0.080
2026-08-08T05:45,andar-3,0.071
2026-08-08T06:00,andar-3,0.147
2026-08-08T06:15,andar-3,0.121
2026-08-08T06:30,andar-3,0.157
2026-08-08T06:45,andar-3,0.148
2026-08-08T07:00,andar-3,0.144
2026-08-08T07:15,andar-3,0.155
2026-08-08T07:30,andar-3,0.172
2026-08-08T07:45,andar-3,0.143
2026-08-08T08:00,andar-3,0.153
2026-08-08T08:15,andar-3,0.153
2026-08-08T08:30,andar-3,0.158
2026-08-08T08:45,andar-3,0.139
2026-08-08T09:00,andar-3,0.244
2026-08-08T09:15,andar-3,0.275
2026-08-08T09:30,andar-3,0.270
2026-08-08T09:45,andar-3,0.210
2026-08-08T10:00,andar-3,0.264
2026-08-08T10:15,andar-3,0.274
2026-08-08T10:30,andar-3,0.259
2026-08-08T10:45,andar-3,0.309
2026-08-08T11:00,andar-3,0.292
2026-08-08T11:15,andar-3,0.270
2026-08-08T11:30,andar-3,0.272
2026-08-08T11:45,andar-3,0.245
2026-08-08T12:00,andar-3,0.277
2026-08-08T12:15,andar-3,0.236
2026-08-08T12:30,andar-3,0.251
2026-08-08T12:45,andar-3,0.262
2026-08-08T13:00,andar-3,0.285
2026-08-08T13:15,andar-3,0.257
2026-08-08T13:30,andar-3,0.289
2026-08-08T13:45,andar-3,0.209
2026-08-08T14:00,andar-3,0.306
2026-08-08T14:15,andar-3,0.265
2026-08-08T14:30,andar-3,0.262
2026-08-08T14:45,andar-3,0.297
2026-08-08T15:00,andar-3,0.280
2026-08-08T15:15,andar-3,0.274
2026-08-08T15:30,andar-3,0.272
2026-08-08T15:45,andar-3,0.310
2026-08-08T16:00,andar-3,0.272
2026-08-08T16:15,andar-3,0.286
2026-08-08T16:30,andar-3,0.289
2026-08-08T16:45,andar-3,0.246
2026-08-08T17:00,andar-3,0.287
2026-08-08T17:15,andar-3,0.270
2026-08-08T17:30,andar-3,0.318
2026-08-08T17:45,andar-3,0.258
2026-08-08T18:00,andar-3,0.187
2026-08-08T18:15,andar-3,0.205
2026-08-08T18:30,andar-3,0.207
2026-08-08T18:45,andar-3,0.198
2026-08-08T19:00,andar-3,0.179
2026-08-08T19:15,andar-3,0.188
2026-08-08T19:30,andar-3,0.196
2026-08-08T19:45,andar-3,0.199
2026-08-08T20:00,andar-3,0.177
2026-08-08T20:15,andar-3,0.199
2026-08-08T20:30,andar-3,0.206
2026-08-08T20:45,andar-3,0.199
2026-08-08T21:00,andar-3,0.204
2026-08-08T21:15,andar-3,0.204
2026-08-08T21:30,andar-3,0.171
2026-08-08T21:45,andar-3,0.178
2026-08-08T22:00,andar-3,0.099
2026-08-08T22:15,andar-3,0.085
2026-08-08T22:30,andar-3,0.086
2026-08-08T22:45,andar-3,0.092
2026-08-08T23:00,andar-3,0.094
2026-08-08T23:15,andar-3,0.102
2026-08-08T23:30,andar-3,0.079
2026-08-08T23:45,andar-3,0.094
2026-08-09T00:00,andar-3,0.077
2026-08-09T00:15,andar-3,0.077
2026-08-09T00:30,andar-3,0.069
2026-08-09T00:45,andar-3,0.059
2026-08-09T01:00,andar-3,0.067
2026-08-09T01:15,andar-3,0.086
2026-08-09T01:30,andar-3,0.070
2026-08-09T01:45,andar-3,0.064
2026-08-09T02:00,andar-3,0.083
2026-08-09T02:15,andar-3,0.059
2026-08-09T02:30,andar-3,0.077
2026-08-09T02:45,andar-3,0.071
2026-08-09T03:00,andar-3,0.066
2026-08-09T03:15,andar-3,0.073
2026-08-09T03:30,andar-3,0.072
2026-08-09T03:45,andar-3,0.073
2026-08-09T04:00,andar-3,0.065
2026-08-09T04:15,andar-3,0.075
2026-08-09T04:30,andar-3,0.071
2026-08-09T04:45,andar-3,0.069
2026-08-09T05:00,andar-3,0.073
2026-08-09T05:15,andar-3,0.073
2026-08-09T05:30,andar-3,0.074
2026-08-09T05:45,andar-3,0.076
2026-08-09T06:00,andar-3,0.151
2026-08-09T06:15,andar-3,0.140
2026-08-09T06:30,andar-3,0.167
2026-08-09T06:45,andar-3,0.169
2026-08-09T07:00,andar-3,0.143
2026-08-09T07:15,andar-3,0.150
2026-08-09T07:30,andar-3,0.139
2026-08-09T07:45,andar-3,0.149
2026-08-09T08:00,andar-3,0.174
2026-08-09T08:15,andar-3,0.163
2026-08-09T08:30,andar-3,0.147
2026-08-09T08:45,andar-3,0.155
2026-08-09T09:00,andar-3,0.228
2026-08-09T09:15,andar-3,0.282
2026-08-09T09:30,andar-3,0.262
2026-08-09T09:45,andar-3,0.256
2026-08-09T10:00,andar-3,0.272
2026-08-09T10:15,andar-3,0.278
2026-08-09T10:30,andar-3,0.267
2026-08-09T10:45,andar-3,0.273
2026-08-09T11:00,andar-3,0.281
2026-08-09T11:15,andar-3,0.299
2026-08-09T11:30,andar-3,0.264
2026-08-09T11:45,andar-3,0.269
2026-08-09T12:00,andar-3,0.249
2026-08-09T12:15,andar-3,0.273
2026-08-09T12:30,andar-3,0.245
2026-08-09T12:45,andar-3,0.234
2026-08-09T13:00,andar-3,0.267
2026-08-09T13:15,andar-3,0.269
2026-08-09T13:30,andar-3,0.304
2026-08-09T13:45,andar-3,0.253
2026-08-09T14:00,andar-3,0.290
2026-08-09T14:15,andar-3,0.264
2026-08-09T14:30,andar-3,0.260
2026-08-09T14:45,andar-3,0.286
2026-08-09T15:00,andar-3,0.272
2026-08-09T15:15,andar-3,0.303
2026-08-09T15:30,andar-3,0.263
2026-08-09T15:45,andar-3,0.218
2026-08-09T16:00,andar-3,0.280
2026-08-09T16:15,andar-3,0.288
2026-08-09T16:30,andar-3,0.287
2026-08-09T16:45,andar-3,0.243
2026-08-09T17:00,andar-3,0.294
2026-08-09T17:15,andar-3,0.277
2026-08-09T17:30,andar-3,0.304
2026-08-09T17:45,andar-3,0.265
2026-08-09T18:00,andar-3,0.181
2026-08-09T18:15,andar-3,0.206
2026-08-09T18:30,andar-3,0.223
2026-08-09T18:45,andar-3,0.198
2026-08-09T19:00,andar-3,0.215
2026-08-09T19:15,andar-3,0.199
2026-08-09T19:30,andar-3,0.214
2026-08-09T19:45,andar-3,0.222
2026-08-09T20:00,andar-3,0.219
2026-08-09T20:15,andar-3,0.192
2026-08-09T20:30,andar-3,0.208
2026-08-09T20:45,andar-3,0.206
2026-08-09T21:00,andar-3,0.212
2026-08-09T21:15,andar-3,0.201
2026-08-09T21:30,andar-3,0.203
2026-08-09T21:45,andar-3,0.168
2026-08-09T22:00,andar-3,0.082
2026-08-09T22:15,andar-3,0.080
2026-08-09T22:30,andar-3,0.082
2026-08-09T22:45,andar-3,0.078
2026-08-09T23:00,andar-3,0.087
2026-08-09T23:15,andar-3,0.098
2026-08-09T23:30,andar-3,0.086
2026-08-09T23:45,andar-3,0.089
2026-08-10T00:00,andar-3,0.145
2026-08-10T00:15,andar-3,0.145
2026-08-10T00:30,andar-3,0.164
2026-08-10T00:45,andar-3,0.141
2026-08-10T01:00,andar-3,0.153
2026-08-10T01:15,andar-3,0.140
2026-08-10T01:30,andar-3,0.141
2026-08-10T01:45,andar-3,0.153
2026-08-10T02:00,andar-3,0.150
2026-08-10T02:15,andar-3,0.129
2026-08-10T02:30,andar-3,0.159
2026-08-10T02:45,andar-3,0.140
2026-08-10T03:00,andar-3,0.142
2026-08-10T03:15,andar-3,0.148
2026-08-10T03:30,andar-3,0.155
2026-08-10T03:45,andar-3,0.138
2026-08-10T04:00,andar-3,0.118
2026-08-10T04:15,andar-3,0.156
2026-08-10T04:30,andar-3,0.142
2026-08-10T04:45,andar-3,0.137
2026-08-10T05:00,andar-3,0.147
2026-08-10T05:15,andar-3,0.143
2026-08-10T05:30,andar-3,0.148
2026-08-10T05:45,andar-3,0.163
2026-08-10T06:00,andar-3,0.313
2026-08-10T06:15,andar-3,0.295
2026-08-10T06:30,andar-3,0.279
2026-08-10T06:45,andar-3,0.305
2026-08-10T07:00,andar-3,0.297
2026-08-10T07:15,andar-3,0.345
2026-08-10T07:30,andar-3,0.278
2026-08-10T07:45,andar-3,0.311
2026-08-10T08:00,andar-3,0.317
2026-08-10T08:15,andar-3,0.308
2026-08-10T08:30,andar-3,0.299
2026-08-10T08:45,andar-3,0.312
2026-08-10T09:00,andar-3,0.527
2026-08-10T09:15,andar-3,0.579
2026-08-10T09:30,andar-3,0.605
2026-08-10T09:45,andar-3,0.643
2026-08-10T10:00,andar-3,0.552
2026-08-10T10:15,andar-3,0.622
2026-08-10T10:30,andar-3,0.527
2026-08-10T10:45,andar-3,0.566
2026-08-10T11:00,andar-3,0.544
2026-08-10T11:15,andar-3,0.604
2026-08-10T11:30,andar-3,0.563
2026-08-10T11:45,andar-3,0.526
2026-08-10T12:00,andar-3,0.576
2026-08-10T12:15,andar-3,0.524
2026-08-10T12:30,andar-3,0.582
2026-08-10T12:45,andar-3,0.578
2026-08-10T13:00,andar-3,0.613
2026-08-10T13:15,andar-3,0.522
2026-08-10T13:30,andar-3,0.593
2026-08-10T13:45,andar-3,0.595
2026-08-10T14:00,andar-3,0.543
2026-08-10T14:15,andar-3,0.542
2026-08-10T14:30,andar-3,0.616
2026-08-10T14:45,andar-3,0.571
2026-08-10T15:00,andar-3,0.516
2026-08-10T15:15,andar-3,0.563
2026-08-10T15:30,andar-3,0.595
2026-08-10T15:45,andar-3,0.573
2026-08-10T16:00,andar-3,0.671
2026-08-10T16:15,andar-3,0.588
2026-08-10T16:30,andar-3,0.533
2026-08-10T16:45,andar-3,0.525
2026-08-10T17:00,andar-3,0.623
2026-08-10T17:15,andar-3,0.477
2026-08-10T17:30,andar-3,0.591
2026-08-10T17:45,andar-3,0.592
2026-08-10T18:00,andar-3,0.479
2026-08-10T18:15,andar-3,0.362
2026-08-10T18:30,andar-3,0.376
2026-08-10T18:45,andar-3,0.422
2026-08-10T19:00,andar-3,0.417
2026-08-10T19:15,andar-3,0.406
2026-08-10T19:30,andar-3,0.387
2026-08-10T19:45,andar-3,0.404
2026-08-10T20:00,andar-3,0.406
2026-08-10T20:15,andar-3,0.404
2026-08-10T20:30,andar-3,0.411
2026-08-10T20:45,andar-3,0.403
2026-08-10T21:00,andar-3,0.428
2026-08-10T21:15,andar-3,0.412
2026-08-10T21:30,andar-3,0.389
2026-08-10T21:45,andar-3,0.405
2026-08-10T22:00,andar-3,0.139
2026-08-10T22:15,andar-3,0.167
2026-08-10T22:30,andar-3,0.194
2026-08-10T22:45,andar-3,0.152
2026-08-10T23:00,andar-3,0.167
2026-08-10T23:15,andar-3,0.165
2026-08-10T23:30,andar-3,0.179
2026-08-10T23:45,andar-3,0.161
2026-08-11T00:00,andar-3,0.146
2026-08-11T00:15,andar-3,0.157
2026-08-11T00:30,andar-3,0.132
2026-08-11T00:45,andar-3,0.148
2026-08-11T01:00,andar-3,0.160
2026-08-11T01:15,andar-3,0.132
2026-08-11T01:30,andar-3,0.171
2026-08-11T01:45,andar-3,0.144
2026-08-11T02:00,andar-3,0.161
2026-08-11T02:15,andar-3,0.158
2026-08-11T02:30,andar-3,0.154
2026-08-11T02:45,andar-3,0.170
2026-08-11T03:00,andar-3,0.149
2026-08-11T03:15,andar-3,0.150
2026-08-11T03:30,andar-3,0.153
2026-08-11T03:45,andar-3,0.149
2026-08-11T04:00,andar-3,0.141
2026-08-11T04:15,andar-3,0.155
2026-08-11T04:30,andar-3,0.157
2026-08-11T04:45,andar-3,0.150
2026-08-11T05:00,andar-3,0.148
2026-08-11T05:15,andar-3,0.137
2026-08-11T05:30,andar-3,0.135
2026-08-11T05:45,andar-3,0.127
2026-08-11T06:00,andar-3,0.289
2026-08-11T06:15,andar-3,0.316
2026-08-11T06:30,andar-3,0.293
2026-08-11T06:45,andar-3,0.282
2026-08-11T07:00,andar-3,0.288
2026-08-11T07:15,andar-3,0.308
2026-08-11T07:30,andar-3,0.313
2026-08-11T07:45,andar-3,0.258
2026-08-11T08:00,andar-3,0.295
2026-08-11T08:15,andar-3,0.266
2026-08-11T08:30,andar-3,0.321
2026-08-11T08:45,andar-3,0.301
2026-08-11T09:00,andar-3,0.534
2026-08-11T09:15,andar-3,0.541
2026-08-11T09:30,andar-3,0.454
2026-08-11T09:45,andar-3,0.640
2026-08-11T10:00,andar-3,0.619
2026-08-11T10:15,andar-3,0.528
2026-08-11T10:30,andar-3,0.551
2026-08-11T10:45,andar-3,0.477
2026-08-11T11:00,andar-3,0.545
2026-08-11T11:15,andar-3,0.542
2026-08-11T11:30,andar-3,0.566
2026-08-11T11:45,andar-3,0.522
2026-08-11T12:00,andar-3,0.493
2026-08-11T12:15,andar-3,0.522
2026-08-11T12:30,andar-3,0.487
2026-08-11T12:45,andar-3,0.531
2026-08-11T13:00,andar-3,0.570
2026-08-11T13:15,andar-3,0.572
2026-08-11T13:30,andar-3,0.647
2026-08-11T13:45,andar-3,0.491
2026-08-11T14:00,andar-3,0.511
2026-08-11T14:15,andar-3,0.533
2026-08-11T14:30,andar-3,0.525
2026-08-11T14:45,andar-3,0.571
2026-08-11T15:00,andar-3,0.539
2026-08-11T15:15,andar-3,0.592
2026-08-11T15:30,andar-3,0.510
2026-08-11T15:45,andar-3,0.553
2026-08-11T16:00,andar-3,0.589
2026-08-11T16:15,andar-3,0.553
2026-08-11T16:30,andar-3,0.489
2026-08-11T16:45,andar-3,0.553
2026-08-11T17:00,andar-3,0.521
2026-08-11T17:15,andar-3,0.660
2026-08-11T17:30,andar-3,0.599
2026-08-11T17:45,andar-3,0.545
2026-08-11T18:00,andar-3,0.379
2026-08-11T18:15,andar-3,0.375
2026-08-11T18:30,andar-3,0.366
2026-08-11T18:45,andar-3,0.350
2026-08-11T19:00,andar-3,0.367
2026-08-11T19:15,andar-3,0.430
2026-08-11T19:30,andar-3,0.377
2026-08-11T19:45,andar-3,0.425
2026-08-11T20:00,andar-3,0.338
2026-08-11T20:15,andar-3,0.377
2026-08-11T20:30,andar-3,0.353
2026-08-11T20:45,andar-3,0.446
2026-08-11T21:00,andar-3,0.462
2026-08-11T21:15,andar-3,0.394
2026-08-11T21:30,andar-3,0.517
2026-08-11T21:45,andar-3,0.401
2026-08-11T22:00,andar-3,0.176
2026-08-11T22:15,andar-3,0.186
2026-08-11T22:30,andar-3,0.175
2026-08-11T22:45,andar-3,0.191
2026-08-11T23:00,andar-3,0.194
2026-08-11T23:15,andar-3,0.204
2026-08-11T23:30,andar-3,0.206
2026-08-11T23:45,andar-3,0.182
2026-08-12T00:00,andar-3,0.138
2026-08-12T00:15,andar-3,0.155
2026-08-12T00:30,andar-3,0.156
2026-08-12T00:45,andar-3,0.142
2026-08-12T01:00,andar-3,0.165
2026-08-12T01:15,andar-3,0.160
2026-08-12T01:30,andar-3,0.146
2026-08-12T01:45,andar-3,0.158
2026-08-12T02:00,andar-3,0.157
2026-08-12T02:15,andar-3,0.147
2026-08-12T02:30,andar-3,0.155
2026-08-12T02:45,andar-3,0.156
2026-08-12T03:00,andar-3,0.177
2026-08-12T03:15,andar-3,0.147
2026-08-12T03:30,andar-3,0.143
2026-08-12T03:45,andar-3,0.177
2026-08-12T04:00,andar-3,0.173
2026-08-12T04:15,andar-3,0.150
2026-08-12T04:30,andar-3,0.160
2026-08-12T04:45,andar-3,0.127
2026-08-12T05:00,andar-3,0.157
2026-08-12T05:15,andar-3,0.153
2026-08-12T05:30,andar-3,0.134
2026-08-12T05:45,andar-3,0.159
2026-08-12T06:00,andar-3,0.242
2026-08-12T06:15,andar-3,0.303
2026-08-12T06:30,andar-3,0.320
2026-08-12T06:45,andar-3,0.346
2026-08-12T07:00,andar-3,0.260
2026-08-12T07:15,andar-3,0.300
2026-08-12T07:30,andar-3,0.249
2026-08-12T07:45,andar-3,0.284
2026-08-12T08:00,andar-3,0.310
2026-08-12T08:15,andar-3,0.345
2026-08-12T08:30,andar-3,0.292
2026-08-12T08:45,andar-3,0.287
2026-08-12T09:00,andar-3,0.638
2026-08-12T09:15,andar-3,0.556
2026-08-12T09:30,andar-3,0.569
2026-08-12T09:45,andar-3,0.549
2026-08-12T10:00,andar-3,0.559
2026-08-12T10:15,andar-3,0.483
2026-08-12T10:30,andar-3,0.601
2026-08-12T10:45,andar-3,0.597
2026-08-12T11:00,andar-3,0.549
2026-08-12T11:15,andar-3,0.553
2026-08-12T11:30,andar-3,0.532
2026-08-12T11:45,andar-3,0.541
2026-08-12T12:00,andar-3,0.508
2026-08-12T12:15,andar-3,0.579
2026-08-12T12:30,andar-3,0.528
2026-08-12T12:45,andar-3,0.539
2026-08-12T13:00,andar-3,0.566
2026-08-12T13:15,andar-3,0.578
2026-08-12T13:30,andar-3,0.521
2026-08-12T13:45,andar-3,0.564
2026-08-12T14:00,andar-3,0.591
2026-08-12T14:15,andar-3,0.544
2026-08-12T14:30,andar-3,0.588
2026-08-12T14:45,andar-3,0.607
2026-08-12T15:00,andar-3,0.570
2026-08-12T15:15,andar-3,0.515
2026-08-12T15:30,andar-3,0.534
2026-08-12T15:45,andar-3,0.569
2026-08-12T16:00,andar-3,0.552
2026-08-12T16:15,andar-3,0.526
2026-08-12T16:30,andar-3,0.608
2026-08-12T16:45,andar-3,0.579
2026-08-12T17:00,andar-3,0.531
2026-08-12T17:15,andar-3,0.519
2026-08-12T17:30,andar-3,0.591
2026-08-12T17:45,andar-3,0.587
2026-08-12T18:00,andar-3,0.377
2026-08-12T18:15,andar-3,0.400
2026-08-12T18:30,andar-3,0.376
2026-08-12T18:45,andar-3,0.441
2026-08-12T19:00,andar-3,0.340
2026-08-12T19:15,andar-3,0.428
2026-08-12T19:30,andar-3,0.334
2026-08-12T19:45,andar-3,0.361
2026-08-12T20:00,andar-3,0.449
2026-08-12T20:15,andar-3,0.430
2026-08-12T20:30,andar-3,0.387
2026-08-12T20:45,andar-3,0.438
2026-08-12T21:00,andar-3,0.392
2026-08-12T21:15,andar-3,0.380
2026-08-12T21:30,andar-3,0.402
2026-08-12T21:45,andar-3,0.418
2026-08-12T22:00,andar-3,0.200
2026-08-12T22:15,andar-3,0.184
2026-08-12T22:30,andar-3,0.154
2026-08-12T22:45,andar-3,0.213
2026-08-12T23:00,andar-3,0.185
2026-08-12T23:15,andar-3,0.195
2026-08-12T23:30,andar-3,0.197
2026-08-12T23:45,andar-3,0.184
2026-08-13T00:00,andar-3,0.129
2026-08-13T00:15,andar-3,0.155
2026-08-13T00:30,andar-3,0.172
2026-08-13T00:45,andar-3,0.145
2026-08-13T01:00,andar-3,0.145
2026-08-13T01:15,andar-3,0.158
2026-08-13T01:30,andar-3,0.161
2026-08-13T01:45,andar-3,0.168
2026-08-13T02:00,andar-3,0.142
2026-08-13T02:15,andar-3,0.163
2026-08-13T02:30,andar-3,0.172
2026-08-13T02:45,andar-3,0.147
2026-08-13T03:00,andar-3,0.140
2026-08-13T03:15,andar-3,0.135
2026-08-13T03:30,andar-3,0.136
2026-08-13T03:45,andar-3,0.146
2026-08-13T04:00,andar-3,0.163
2026-08-13T04:15,andar-3,0.141
2026-08-13T04:30,andar-3,0.152
2026-08-13T04:45,andar-3,0.153
2026-08-13T05:00,andar-3,0.150
2026-08-13T05:15,andar-3,0.145
2026-08-13T05:30,andar-3,0.158
2026-08-13T05:45,andar-3,0.145
2026-08-13T06:00,andar-3,0.337
2026-08-13T06:15,andar-3,0.314
2026-08-13T06:30,andar-3,0.311
2026-08-13T06:45,andar-3,0.274
2026-08-13T07:00,andar-3,0.267
2026-08-13T07:15,andar-3,0.310
2026-08-13T07:30,andar-3,0.321
2026-08-13T07:45,andar-3,0.294
2026-08-13T08:00,andar-3,0.321
2026-08-13T08:15,andar-3,0.286
2026-08-13T08:30,andar-3,0.331
2026-08-13T08:45,andar-3,0.290
2026-08-13T09:00,andar-3,0.515
2026-08-13T09:15,andar-3,0.561
2026-08-13T09:30,andar-3,0.532
2026-08-13T09:45,andar-3,0.564
2026-08-13T10:00,andar-3,0.544
2026-08-13T10:15,andar-3,0.554
2026-08-13T10:30,andar-3,0.480
2026-08-13T10:45,andar-3,0.560
2026-08-13T11:00,andar-3,0.565
2026-08-13T11:15,andar-3,0.569
2026-08-13T11:30,andar-3,0.563
2026-08-13T11:45,andar-3,0.496
2026-08-13T12:00,andar-3,0.556
2026-08-13T12:15,andar-3,0.624
2026-08-13T12:30,andar-3,0.522
2026-08-13T12:45,andar-3,0.554
2026-08-13T13:00,andar-3,0.570
2026-08-13T13:15,andar-3,0.512
2026-08-13T13:30,andar-3,0.544
2026-08-13T13:45,andar-3,0.566
2026-08-13T14:00,andar-3,0.541
2026-08-13T14:15,andar-3,0.571
2026-08-13T14:30,andar-3,0.502
2026-08-13T14:45,andar-3,0.450
2026-08-13T15:00,andar-3,0.601
2026-08-13T15:15,andar-3,0.547
2026-08-13T15:30,andar-3,0.571
2026-08-13T15:45,andar-3,0.489
2026-08-13T16:00,andar-3,0.507
2026-08-13T16:15,andar-3,0.482
2026-08-13T16:30,andar-3,0.526
2026-08-13T16:45,andar-3,0.624
2026-08-13T17:00,andar-3,0.481
2026-08-13T17:15,andar-3,0.513
2026-08-13T17:30,andar-3,0.523
2026-08-13T17:45,andar-3,0.585
2026-08-13T18:00,andar-3,0.373
2026-08-13T18:15,andar-3,0.370
2026-08-13T18:30,andar-3,0.423
2026-08-13T18:45,andar-3,0.394
2026-08-13T19:00,andar-3,0.370
2026-08-13T19:15,andar-3,0.364
2026-08-13T19:30,andar-3,0.418
2026-08-13T19:45,andar-3,0.395
2026-08-13T20:00,andar-3,0.364
2026-08-13T20:15,andar-3,0.377
2026-08-13T20:30,andar-3,0.378
2026-08-13T20:45,andar-3,0.368
2026-08-13T21:00,andar-3,0.405
2026-08-13T21:15,andar-3,0.454
2026-08-13T21:30,andar-3,0.443
2026-08-13T21:45,andar-3,0.380
2026-08-13T22:00,andar-3,0.189
2026-08-13T22:15,andar-3,0.164
2026-08-13T22:30,andar-3,0.186
2026-08-13T22:45,andar-3,0.171
2026-08-13T23:00,andar-3,0.164
2026-08-13T23:15,andar-3,0.178
2026-08-13T23:30,andar-3,0.163
2026-08-13T23:45,andar-3,0.183
2026-08-14T00:00,andar-3,0.141
2026-08-14T00:15,andar-3,0.155
2026-08-14T00:30,andar-3,0.160
2026-08-14T00:45,andar-3,0.154
2026-08-14T01:00,andar-3,0.154
2026-08-14T01:15,andar-3,0.164
2026-08-14T01:30,andar-3,0.155
2026-08-14T01:45,andar-3,0.146
2026-08-14T02:00,andar-3,0.166
2026-08-14T02:15,andar-3,0.159
2026-08-14T02:30,andar-3,0.169
2026-08-14T02:45,andar-3,0.154
2026-08-14T03:00,andar-3,0.165
2026-08-14T03:15,andar-3,0.147
2026-08-14T03:30,andar-3,0.154
2026-08-14T03:45,andar-3,0.163
2026-08-14T04:00,andar-3,0.153
2026-08-14T04:15,andar-3,0.146
2026-08-14T04:30,andar-3,0.142
2026-08-14T04:45,andar-3,0.166
2026-08-14T05:00,andar-3,0.151
2026-08-14T05:15,andar-3,0.153
2026-08-14T05:30,andar-3,0.159
2026-08-14T05:45,andar-3,0.153
2026-08-14T06:00,andar-3,0.317
2026-08-14T06:15,andar-3,0.324
2026-08-14T06:30,andar-3,0.314
2026-08-14T06:45,andar-3,0.333
2026-08-14T07:00,andar-3,0.262
2026-08-14T07:15,andar-3,0.305
2026-08-14T07:30,andar-3,0.312
2026-08-14T07:45,andar-3,0.308
2026-08-14T08:00,andar-3,0.328
2026-08-14T08:15,andar-3,0.315
2026-08-14T08:30,andar-3,0.265
2026-08-14T08:45,andar-3,0.306
2026-08-14T09:00,andar-3,0.491
2026-08-14T09:15,andar-3,0.486
2026-08-14T09:30,andar-3,0.540
2026-08-14T09:45,andar-3,0.535
2026-08-14T10:00,andar-3,0.630
2026-08-14T10:15,andar-3,0.594
2026-08-14T10:30,andar-3,0.527
2026-08-14T10:45,andar-3,0.538
2026-08-14T11:00,andar-3,0.491
2026-08-14T11:15,andar-3,0.532
2026-08-14T11:30,andar-3,0.494
2026-08-14T11:45,andar-3,0.592
2026-08-14T12:00,andar-3,0.542
2026-08-14T12:15,andar-3,0.558
2026-08-14T12:30,andar-3,0.480
2026-08-14T12:45,andar-3,0.558
2026-08-14T13:00,andar-3,0.496
2026-08-14T13:15,andar-3,0.593
2026-08-14T13:30,andar-3,0.509
2026-08-14T13:45,andar-3,0.580
2026-08-14T14:00,andar-3,0.607
2026-08-14T14:15,andar-3,0.553
2026-08-14T14:30,andar-3,0.582
2026-08-14T14:45,andar-3,0.528
2026-08-14T15:00,andar-3,0.558
2026-08-14T15:15,andar-3,0.588
2026-08-14T15:30,andar-3,0.467
2026-08-14T15:45,andar-3,0.509
2026-08-14T16:00,andar-3,0.589
2026-08-14T16:15,andar-3,0.610
2026-08-14T16:30,andar-3,0.639
2026-08-14T16:45,andar-3,0.608
2026-08-14T17:00,andar-3,0.585
2026-08-14T17:15,andar-3,0.562
2026-08-14T17:30,andar-3,0.492
2026-08-14T17:45,andar-3,0.512
2026-08-14T18:00,andar-3,0.442
2026-08-14T18:15,andar-3,0.400
2026-08-14T18:30,andar-3,0.418
2026-08-14T18:45,andar-3,0.402
2026-08-14T19:00,andar-3,0.361
2026-08-14T19:15,andar-3,0.424
2026-08-14T19:30,andar-3,0.384
2026-08-14T19:45,andar-3,0.426
2026-08-14T20:00,andar-3,0.488
2026-08-14T20:15,andar-3,0.423
2026-08-14T20:30,andar-3,0.404
2026-08-14T20:45,andar-3,0.397
2026-08-14T21:00,andar-3,0.449
2026-08-14T21:15,andar-3,0.417
2026-08-14T21:30,andar-3,0.444
2026-08-14T21:45,andar-3,0.416
2026-08-14T22:00,andar-3,0.181
2026-08-14T22:15,andar-3,0.159
2026-08-14T22:30,andar-3,0.179
2026-08-14T22:45,andar-3,0.159
2026-08-14T23:00,andar-3,0.187
2026-08-14T23:15,andar-3,0.180
2026-08-14T23:30,andar-3,0.180
2026-08-14T23:45,andar-3,0.199
2026-08-15T00:00,andar-3,0.079
2026-08-15T00:15,andar-3,0.073
2026-08-15T00:30,andar-3,0.069
2026-08-15T00:45,andar-3,0.066
2026-08-15T01:00,andar-3,0.078
2026-08-15T01:15,andar-3,0.065
2026-08-15T01:30,andar-3,0.074
2026-08-15T01:45,andar-3,0.080
2026-08-15T02:00,andar-3,0.062
2026-08-15T02:15,andar-3,0.064
2026-08-15T02:30,andar-3,0.069
2026-08-15T02:45,andar-3,0.074
2026-08-15T03:00,andar-3,0.081
2026-08-15T03:15,andar-3,0.087
2026-08-15T03:30,andar-3,0.074
2026-08-15T03:45,andar-3,0.085
2026-08-15T04:00,andar-3,0.081
2026-08-15T04:15,andar-3,0.078
2026-08-15T04:30,andar-3,0.071
2026-08-15T04:45,andar-3,0.079
2026-08-15T05:00,andar-3,0.075
2026-08-15T05:15,andar-3,0.078
2026-08-15T05:30,andar-3,0.066
2026-08-15T05:45,andar-3,0.070
2026-08-15T06:00,andar-3,0.140
2026-08-15T06:15,andar-3,0.153
2026-08-15T06:30,andar-3,0.160
2026-08-15T06:45,andar-3,0.145
2026-08-15T07:00,andar-3,0.170
2026-08-15T07:15,andar-3,0.149
2026-08-15T07:30,andar-3,0.139
2026-08-15T07:45,andar-3,0.153
2026-08-15T08:00,andar-3,0.127
2026-08-15T08:15,andar-3,0.154
2026-08-15T08:30,andar-3,0.155
2026-08-15T08:45,andar-3,0.139
2026-08-15T09:00,andar-3,0.255
2026-08-15T09:15,andar-3,0.305
2026-08-15T09:30,andar-3,0.261
2026-08-15T09:45,andar-3,0.268
2026-08-15T10:00,andar-3,0.275
2026-08-15T10:15,andar-3,0.266
2026-08-15T10:30,andar-3,0.301
2026-08-15T10:45,andar-3,0.291
2026-08-15T11:00,andar-3,0.307
2026-08-15T11:15,andar-3,0.286
2026-08-15T11:30,andar-3,0.275
2026-08-15T11:45,andar-3,0.302
2026-08-15T12:00,andar-3,0.276
2026-08-15T12:15,andar-3,0.281
2026-08-15T12:30,andar-3,0.262
2026-08-15T12:45,andar-3,0.296
2026-08-15T13:00,andar-3,0.269
2026-08-15T13:15,andar-3,0.260
2026-08-15T13:30,andar-3,0.298
2026-08-15T13:45,andar-3,0.257
2026-08-15T14:00,andar-3,0.277
2026-08-15T14:15,andar-3,0.262
2026-08-15T14:30,andar-3,0.262
2026-08-15T14:45,andar-3,0.242
2026-08-15T15:00,andar-3,0.284
2026-08-15T15:15,andar-3,0.301
2026-08-15T15:30,andar-3,0.293
2026-08-15T15:45,andar-3,0.268
2026-08-15T16:00,andar-3,0.313
2026-08-15T16:15,andar-3,0.257
2026-08-15T16:30,andar-3,0.259
2026-08-15T16:45,andar-3,0.281
2026-08-15T17:00,andar-3,0.298
2026-08-15T17:15,andar-3,0.266
2026-08-15T17:30,andar-3,0.241
2026-08-15T17:45,andar-3,0.269
2026-08-15T18:00,andar-3,0.201
2026-08-15T18:15,andar-3,0.175
2026-08-15T18:30,andar-3,0.222
2026-08-15T18:45,andar-3,0.187
2026-08-15T19:00,andar-3,0.207
2026-08-15T19:15,andar-3,0.205
2026-08-15T19:30,andar-3,0.216
2026-08-15T19:45,andar-3,0.178
2026-08-15T20:00,andar-3,0.205
2026-08-15T20:15,andar-3,0.200
2026-08-15T20:30,andar-3,0.201
2026-08-15T20:45,andar-3,0.212
2026-08-15T21:00,andar-3,0.192
2026-08-15T21:15,andar-3,0.201
2026-08-15T21:30,andar-3,0.180
2026-08-15T21:45,andar-3,0.197
2026-08-15T22:00,andar-3,0.093
2026-08-15T22:15,andar-3,0.097
2026-08-15T22:30,andar-3,0.077
2026-08-15T22:45,andar-3,0.088
2026-08-15T23:00,andar-3,0.086
2026-08-15T23:15,andar-3,0.078
2026-08-15T23:30,andar-3,0.093
2026-08-15T23:45,andar-3,0.090
2026-08-16T00:00,andar-3,0.073
2026-08-16T00:15,andar-3,0.073
2026-08-16T00:30,andar-3,0.077
2026-08-16T00:45,andar-3,0.073
2026-08-16T01:00,andar-3,0.073
2026-08-16T01:15,andar-3,0.057
2026-08-16T01:30,andar-3,0.077
2026-08-16T01:45,andar-3,0.083
2026-08-16T02:00,andar-3,0.083
2026-08-16T02:15,andar-3,0.076
2026-08-16T02:30,andar-3,0.077
2026-08-16T02:45,andar-3,0.078
2026-08-16T03:00,andar-3,0.073
2026-08-16T03:15,andar-3,0.086
2026-08-16T03:30,andar-3,0.073
2026-08-16T03:45,andar-3,0.084
2026-08-16T04:00,andar-3,0.074
2026-08-16T04:15,andar-3,0.070
2026-08-16T04:30,andar-3,0.087
2026-08-16T04:45,andar-3,0.070
2026-08-16T05:00,andar-3,0.084
2026-08-16T05:15,andar-3,0.070
2026-08-16T05:30,andar-3,0.080
2026-08-16T05:45,andar-3,0.082
2026-08-16T06:00,andar-3,0.138
2026-08-16T06:15,andar-3,0.167
2026-08-16T06:30,andar-3,0.156
2026-08-16T06:45,andar-3,0.149
2026-08-16T07:00,andar-3,0.162
2026-08-16T07:15,andar-3,0.139
2026-08-16T07:30,andar-3,0.144
2026-08-16T07:45,andar-3,0.150
2026-08-16T08:00,andar-3,0.149
2026-08-16T08:15,andar-3,0.141
2026-08-16T08:30,andar-3,0.162
2026-08-16T08:45,andar-3,0.159
2026-08-16T09:00,andar-3,0.264
2026-08-16T09:15,andar-3,0.276
2026-08-16T09:30,andar-3,0.272
2026-08-16T09:45,andar-3,0.252
2026-08-16T10:00,andar-3,0.282
2026-08-16T10:15,andar-3,0.241
2026-08-16T10:30,andar-3,0.287
2026-08-16T10:45,andar-3,0.265
2026-08-16T11:00,andar-3,0.249
2026-08-16T11:15,andar-3,0.290
2026-08-16T11:30,andar-3,0.284
2026-08-16T11:45,andar-3,0.254
2026-08-16T12:00,andar-3,0.253
2026-08-16T12:15,andar-3,0.261
2026-08-16T12:30,andar-3,0.270
2026-08-16T12:45,andar-3,0.268
2026-08-16T13:00,andar-3,0.283
2026-08-16T13:15,andar-3,0.279
2026-08-16T13:30,andar-3,0.269
2026-08-16T13:45,andar-3,0.248
2026-08-16T14:00,andar-3,0.294
2026-08-16T14:15,andar-3,0.300
2026-08-16T14:30,andar-3,0.316
2026-08-16T14:45,andar-3,0.270
2026-08-16T15:00,andar-3,0.253
2026-08-16T15:15,andar-3,0.237
2026-08-16T15:30,andar-3,0.252
2026-08-16T15:45,andar-3,0.268
2026-08-16T16:00,andar-3,0.277
2026-08-16T16:15,andar-3,0.278
2026-08-16T16:30,andar-3,0.253
2026-08-16T16:45,andar-3,0.232
2026-08-16T17:00,andar-3,0.271
2026-08-16T17:15,andar-3,0.291
2026-08-16T17:30,andar-3,0.280
2026-08-16T17:45,andar-3,0.324
2026-08-16T18:00,andar-3,0.194
2026-08-16T18:15,andar-3,0.207
2026-08-16T18:30,andar-3,0.192
2026-08-16T18:45,andar-3,0.195
2026-08-16T19:00,andar-3,0.174
2026-08-16T19:15,andar-3,0.192
2026-08-16T19:30,andar-3,0.194
2026-08-16T19:45,andar-3,0.200
2026-08-16T20:00,andar-3,0.176
2026-08-16T20:15,andar-3,0.187
2026-08-16T20:30,andar-3,0.232
2026-08-16T20:45,andar-3,0.202
2026-08-16T21:00,andar-3,0.179
2026-08-16T21:15,andar-3,0.207
2026-08-16T21:30,andar-3,0.195
2026-08-16T21:45,andar-3,0.200
2026-08-16T22:00,andar-3,0.088
2026-08-16T22:15,andar-3,0.097
2026-08-16T22:30,andar-3,0.088
2026-08-16T22:45,andar-3,0.080
2026-08-16T23:00,andar-3,0.083
2026-08-16T23:15,andar-3,0.104
2026-08-16T23:30,andar-3,0.084
2026-08-16T23:45,andar-3,0.085
2026-08-17T00:00,andar-3,0.171
2026-08-17T00:15,andar-3,0.143
2026-08-17T00:30,andar-3,0.145
2026-08-17T00:45,andar-3,0.178
2026-08-17T01:00,andar-3,0.156
2026-08-17T01:15,andar-3,0.184
2026-08-17T01:30,andar-3,0.162
2026-08-17T01:45,andar-3,0.152
2026-08-17T02:00,andar-3,0.153
2026-08-17T02:15,andar-3,0.139
2026-08-17T02:30,andar-3,0.135
2026-08-17T02:45,andar-3,0.162
2026-08-17T03:00,andar-3,0.142
2026-08-17T03:15,andar-3,0.143
2026-08-17T03:30,andar-3,0.144
2026-08-17T03:45,andar-3,0.164
2026-08-17T04:00,andar-3,0.125
2026-08-17T04:15,andar-3,0.134
2026-08-17T04:30,andar-3,0.150
2026-08-17T04:45,andar-3,0.142
2026-08-17T05:00,andar-3,0.146
2026-08-17T05:15,andar-3,0.142
2026-08-17T05:30,andar-3,0.124
2026-08-17T05:45,andar-3,0.150
2026-08-17T06:00,andar-3,0.307
2026-08-17T06:15,andar-3,0.335
2026-08-17T06:30,andar-3,0.277
2026-08-17T06:45,andar-3,0.250
2026-08-17T07:00,andar-3,0.292
2026-08-17T07:15,andar-3,0.294
2026-08-17T07:30,andar-3,0.283
2026-08-17T07:45,andar-3,0.323
2026-08-17T08:00,andar-3,0.316
2026-08-17T08:15,andar-3,0.292
2026-08-17T08:30,andar-3,0.299
2026-08-17T08:45,andar-3,0.285
2026-08-17T09:00,andar-3,0.531
2026-08-17T09:15,andar-3,0.586
2026-08-17T09:30,andar-3,0.484
2026-08-17T09:45,andar-3,0.521
2026-08-17T10:00,andar-3,0.529
2026-08-17T10:15,andar-3,0.531
2026-08-17T10:30,andar-3,0.560
2026-08-17T10:45,andar-3,0.539
2026-08-17T11:00,andar-3,0.534
2026-08-17T11:15,andar-3,0.509
2026-08-17T11:30,andar-3,0.515
2026-08-17T11:45,andar-3,0.579
2026-08-17T12:00,andar-3,0.526
2026-08-17T12:15,andar-3,0.589
2026-08-17T12:30,andar-3,0.538
2026-08-17T12:45,andar-3,0.613
2026-08-17T13:00,andar-3,0.545
2026-08-17T13:15,andar-3,0.603
2026-08-17T13:30,andar-3,0.556
2026-08-17T13:45,andar-3,0.588
2026-08-17T14:00,andar-3,0.614
2026-08-17T14:15,andar-3,0.502
2026-08-17T14:30,andar-3,0.625
2026-08-17T14:45,andar-3,0.545
2026-08-17T15:00,andar-3,0.491
2026-08-17T15:15,andar-3,0.512
2026-08-17T15:30,andar-3,0.527
2026-08-17T15:45,andar-3,0.614
2026-08-17T16:00,andar-3,0.504
2026-08-17T16:15,andar-3,0.508
2026-08-17T16:30,andar-3,0.540
2026-08-17T16:45,andar-3,0.607
2026-08-17T17:00,andar-3,0.548
2026-08-17T17:15,andar-3,0.616
2026-08-17T17:30,andar-3,0.671
2026-08-17T17:45,andar-3,0.609
2026-08-17T18:00,andar-3,0.393
2026-08-17T18:15,andar-3,0.431
2026-08-17T18:30,andar-3,0.409
2026-08-17T18:45,andar-3,0.425
2026-08-17T19:00,andar-3,0.381
2026-08-17T19:15,andar-3,0.434
2026-08-17T19:30,andar-3,0.385
2026-08-17T19:45,andar-3,0.411
2026-08-17T20:00,andar-3,0.380
2026-08-17T20:15,andar-3,0.386
2026-08-17T20:30,andar-3,0.364
2026-08-17T20:45,andar-3,0.382
2026-08-17T21:00,andar-3,0.390
2026-08-17T21:15,andar-3,0.387
2026-08-17T21:30,andar-3,0.344
2026-08-17T21:45,andar-3,0.392
2026-08-17T22:00,andar-3,0.181
2026-08-17T22:15,andar-3,0.175
2026-08-17T22:30,andar-3,0.183
2026-08-17T22:45,andar-3,0.215
2026-08-17T23:00,andar-3,0.171
2026-08-17T23:15,andar-3,0.204
2026-08-17T23:30,andar-3,0.160
2026-08-17T23:45,andar-3,0.164
2026-08-18T00:00,andar-3,0.160
2026-08-18T00:15,andar-3,0.139
2026-08-18T00:30,andar-3,0.139
2026-08-18T00:45,andar-3,0.135
2026-08-18T01:00,andar-3,0.145
2026-08-18T01:15,andar-3,0.152
2026-08-18T01:30,andar-3,0.169
2026-08-18T01:45,andar-3,0.151
2026-08-18T02:00,andar-3,0.132
2026-08-18T02:15,andar-3,0.147
2026-08-18T02:30,andar-3,0.133
2026-08-18T02:45,andar-3,0.152
2026-08-18T03:00,andar-3,0.146
2026-08-18T03:15,andar-3,0.144
2026-08-18T03:30,andar-3,0.146
2026-08-18T03:45,andar-3,0.158
2026-08-18T04:00,andar-3,0.153
2026-08-18T04:15,andar-3,0.148
2026-08-18T04:30,andar-3,0.161
2026-08-18T04:45,andar-3,0.139
2026-08-18T05:00,andar-3,0.136
2026-08-18T05:15,andar-3,0.150
2026-08-18T05:30,andar-3,0.159
2026-08-18T05:45,andar-3,0.161
2026-08-18T06:00,andar-3,0.281
2026-08-18T06:15,andar-3,0.287
2026-08-18T06:30,andar-3,0.301
2026-08-18T06:45,andar-3,0.309
2026-08-18T07:00,andar-3,0.319
2026-08-18T07:15,andar-3,0.243
2026-08-18T07:30,andar-3,0.299
2026-08-18T07:45,andar-3,0.308
2026-08-18T08:00,andar-3,0.305
2026-08-18T08:15,andar-3,0.311
2026-08-18T08:30,andar-3,0.259
2026-08-18T08:45,andar-3,0.302
2026-08-18T09:00,andar-3,0.476
2026-08-18T09:15,andar-3,0.508
2026-08-18T09:30,andar-3,0.416
2026-08-18T09:45,andar-3,0.535
2026-08-18T10:00,andar-3,0.520
2026-08-18T10:15,andar-3,0.679
2026-08-18T10:30,andar-3,0.536
2026-08-18T10:45,andar-3,0.519
2026-08-18T11:00,andar-3,0.592
2026-08-18T11:15,andar-3,0.505
2026-08-18T11:30,andar-3,0.560
2026-08-18T11:45,andar-3,0.479
2026-08-18T12:00,andar-3,0.542
2026-08-18T12:15,andar-3,0.532
2026-08-18T12:30,andar-3,0.569
2026-08-18T12:45,andar-3,0.586
2026-08-18T13:00,andar-3,0.599
2026-08-18T13:15,andar-3,0.560
2026-08-18T13:30,andar-3,0.579
2026-08-18T13:45,andar-3,0.547
2026-08-18T14:00,andar-3,0.557
2026-08-18T14:15,andar-3,0.512
2026-08-18T14:30,andar-3,0.485
2026-08-18T14:45,andar-3,0.524
2026-08-18T15:00,andar-3,0.618
2026-08-18T15:15,andar-3,0.552
2026-08-18T15:30,andar-3,0.569
2026-08-18T15:45,andar-3,0.499
2026-08-18T16:00,andar-3,0.520
2026-08-18T16:15,andar-3,0.560
2026-08-18T16:30,andar-3,0.471
2026-08-18T16:45,andar-3,0.572
2026-08-18T17:00,andar-3,0.611
2026-08-18T17:15,andar-3,0.509
2026-08-18T17:30,andar-3,0.611
2026-08-18T17:45,andar-3,0.585
2026-08-18T18:00,andar-3,0.377
2026-08-18T18:15,andar-3,0.401
2026-08-18T18:30,andar-3,0.357
2026-08-18T18:45,andar-3,0.417
2026-08-18T19:00,andar-3,0.371
2026-08-18T19:15,andar-3,0.458
2026-08-18T19:30,andar-3,0.429
2026-08-18T19:45,andar-3,0.405
2026-08-18T20:00,andar-3,0.411
2026-08-18T20:15,andar-3,0.317
2026-08-18T20:30,andar-3,0.381
2026-08-18T20:45,andar-3,0.322
2026-08-18T21:00,andar-3,0.426
2026-08-18T21:15,andar-3,0.374
2026-08-18T21:30,andar-3,0.328
2026-08-18T21:45,andar-3,0.403
2026-08-18T22:00,andar-3,0.173
2026-08-18T22:15,andar-3,0.197
2026-08-18T22:30,andar-3,0.186
2026-08-18T22:45,andar-3,0.157
2026-08-18T23:00,andar-3,0.190
2026-08-18T23:15,andar-3,0.187
2026-08-18T23:30,andar-3,0.156
2026-08-18T23:45,andar-3,0.154
2026-08-19T00:00,andar-3,0.151
2026-08-19T00:15,andar-3,0.136
2026-08-19T00:30,andar-3,0.143
2026-08-19T00:45,andar-3,0.150
2026-08-19T01:00,andar-3,0.155
2026-08-19T01:15,andar-3,0.165
2026-08-19T01:30,andar-3,0.164
2026-08-19T01:45,andar-3,0.130
2026-08-19T02:00,andar-3,0.149
2026-08-19T02:15,andar-3,0.151
2026-08-19T02:30,andar-3,0.148
2026-08-19T02:45,andar-3,0.166
2026-08-19T03:00,andar-3,0.138
2026-08-19T03:15,andar-3,0.142
2026-08-19T03:30,andar-3,0.128
2026-08-19T03:45,andar-3,0.133
2026-08-19T04:00,andar-3,0.142
2026-08-19T04:15,andar-3,0.153
2026-08-19T04:30,andar-3,0.152
2026-08-19T04:45,andar-3,0.148
2026-08-19T05:00,andar-3,0.146
2026-08-19T05:15,andar-3,0.163
2026-08-19T05:30,andar-3,0.162
2026-08-19T05:45,andar-3,0.166
2026-08-19T06:00,andar-3,0.278
2026-08-19T06:15,andar-3,0.295
2026-08-19T06:30,andar-3,0.243
2026-08-19T06:45,andar-3,0.281
2026-08-19T07:00,andar-3,0.287
2026-08-19T07:15,andar-3,0.325
2026-08-19T07:30,andar-3,0.285
2026-08-19T07:45,andar-3,0.277
2026-08-19T08:00,andar-3,0.349
2026-08-19T08:15,andar-3,0.339
2026-08-19T08:30,andar-3,0.309
2026-08-19T08:45,andar-3,0.328
2026-08-19T09:00,andar-3,0.561
2026-08-19T09:15,andar-3,0.593
2026-08-19T09:30,andar-3,0.574
2026-08-19T09:45,andar-3,0.497
2026-08-19T10:00,andar-3,0.562
2026-08-19T10:15,andar-3,0.606
2026-08-19T10:30,andar-3,0.534
2026-08-19T10:45,andar-3,0.537
2026-08-19T11:00,andar-3,0.477
2026-08-19T11:15,andar-3,0.604
2026-08-19T11:30,andar-3,0.575
2026-08-19T11:45,andar-3,0.567
2026-08-19T12:00,andar-3,0.520
2026-08-19T12:15,andar-3,0.589
2026-08-19T12:30,andar-3,0.583
2026-08-19T12:45,andar-3,0.528
2026-08-19T13:00,andar-3,0.565
2026-08-19T13:15,andar-3,0.621
2026-08-19T13:30,andar-3,0.657
2026-08-19T13:45,andar-3,0.596
2026-08-19T14:00,andar-3,0.557
2026-08-19T14:15,andar-3,0.540
2026-08-19T14:30,andar-3,0.574
2026-08-19T14:45,andar-3,0.543
2026-08-19T15:00,andar-3,0.576
2026-08-19T15:15,andar-3,0.577
2026-08-19T15:30,andar-3,0.613
2026-08-19T15:45,andar-3,0.455
2026-08-19T16:00,andar-3,0.562
2026-08-19T16:15,andar-3,0.557
2026-08-19T16:30,andar-3,0.567
2026-08-19T16:45,andar-3,0.551
2026-08-19T17:00,andar-3,0.568
2026-08-19T17:15,andar-3,0.499
2026-08-19T17:30,andar-3,0.562
2026-08-19T17:45,andar-3,0.579
2026-08-19T18:00,andar-3,0.379
2026-08-19T18:15,andar-3,0.364
2026-08-19T18:30,andar-3,0.406
2026-08-19T18:45,andar-3,0.426
2026-08-19T19:00,andar-3,0.345
2026-08-19T19:15,andar-3,0.446
2026-08-19T19:30,andar-3,0.497
2026-08-19T19:45,andar-3,0.403
2026-08-19T20:00,andar-3,0.439
2026-08-19T20:15,andar-3,0.398
2026-08-19T20:30,andar-3,0.397
2026-08-19T20:45,andar-3,0.396
2026-08-19T21:00,andar-3,0.406
2026-08-19T21:15,andar-3,0.347
2026-08-19T21:30,andar-3,0.349
2026-08-19T21:45,andar-3,0.467
2026-08-19T22:00,andar-3,0.206
2026-08-19T22:15,andar-3,0.192
2026-08-19T22:30,andar-3,0.190
2026-08-19T22:45,andar-3,0.186
2026-08-19T23:00,andar-3,0.172
2026-08-19T23:15,andar-3,0.181
2026-08-19T23:30,andar-3,0.200
2026-08-19T23:45,andar-3,0.179
2026-08-20T00:00,andar-3,0.144
2026-08-20T00:15,andar-3,0.151
2026-08-20T00:30,andar-3,0.125
2026-08-20T00:45,andar-3,0.165
2026-08-20T01:00,andar-3,0.141
2026-08-20T01:15,andar-3,0.147
2026-08-20T01:30,andar-3,0.157
2026-08-20T01:45,andar-3,0.159
2026-08-20T02:00,andar-3,0.136
2026-08-20T02:15,andar-3,0.150
2026-08-20T02:30,andar-3,0.143
2026-08-20T02:45,andar-3,0.158
2026-08-20T03:00,andar-3,0.169
2026-08-20T03:15,andar-3,0.174
2026-08-20T03:30,andar-3,0.165
2026-08-20T03:45,andar-3,0.135
2026-08-20T04:00,andar-3,0.137
2026-08-20T04:15,andar-3,0.140
2026-08-20T04:30,andar-3,0.141
2026-08-20T04:45,andar-3,0.178
2026-08-20T05:00,andar-3,0.148
2026-08-20T05:15,andar-3,0.150
2026-08-20T05:30,andar-3,0.146
2026-08-20T05:45,andar-3,0.129
2026-08-20T06:00,andar-3,0.338
2026-08-20T06:15,andar-3,0.333
2026-08-20T06:30,andar-3,0.265
2026-08-20T06:45,andar-3,0.269
2026-08-20T07:00,andar-3,0.318
2026-08-20T07:15,andar-3,0.304
2026-08-20T07:30,andar-3,0.349
2026-08-20T07:45,andar-3,0.314
2026-08-20T08:00,andar-3,0.325
2026-08-20T08:15,andar-3,0.332
2026-08-20T08:30,andar-3,0.276
2026-08-20T08:45,andar-3,0.351
2026-08-20T09:00,andar-3,0.586
2026-08-20T09:15,andar-3,0.522
2026-08-20T09:30,andar-3,0.537
2026-08-20T09:45,andar-3,0.456
2026-08-20T10:00,andar-3,0.555
2026-08-20T10:15,andar-3,0.588
2026-08-20T10:30,andar-3,0.493
2026-08-20T10:45,andar-3,0.540
2026-08-20T11:00,andar-3,0.466
2026-08-20T11:15,andar-3,0.530
2026-08-20T11:30,andar-3,0.573
2026-08-20T11:45,andar-3,0.488
2026-08-20T12:00,andar-3,0.547
2026-08-20T12:15,andar-3,0.519
2026-08-20T12:30,andar-3,0.574
2026-08-20T12:45,andar-3,0.564
2026-08-20T13:00,andar-3,0.580
2026-08-20T13:15,andar-3,0.612
2026-08-20T13:30,andar-3,0.507
2026-08-20T13:45,andar-3,0.498
2026-08-20T14:00,andar-3,0.562
2026-08-20T14:15,andar-3,0.606
2026-08-20T14:30,andar-3,0.541
2026-08-20T14:45,andar-3,0.499
2026-08-20T15:00,andar-3,0.590
2026-08-20T15:15,andar-3,0.525
2026-08-20T15:30,andar-3,0.624
2026-08-20T15:45,andar-3,0.571
2026-08-20T16:00,andar-3,0.518
2026-08-20T16:15,andar-3,0.592
2026-08-20T16:30,andar-3,0.600
2026-08-20T16:45,andar-3,0.623
2026-08-20T17:00,andar-3,0.506
2026-08-20T17:15,andar-3,0.585
2026-08-20T17:30,andar-3,0.599
2026-08-20T17:45,andar-3,0.525
2026-08-20T18:00,andar-3,0.427
2026-08-20T18:15,andar-3,0.406
2026-08-20T18:30,andar-3,0.441
2026-08-20T18:45,andar-3,0.345
2026-08-20T19:00,andar-3,0.365
2026-08-20T19:15,andar-3,0.376
2026-08-20T19:30,andar-3,0.438
2026-08-20T19:45,andar-3,0.442
2026-08-20T20:00,andar-3,0.402
2026-08-20T20:15,andar-3,0.382
2026-08-20T20:30,andar-3,0.415
2026-08-20T20:45,andar-3,0.352
2026-08-20T21:00,andar-3,0.365
2026-08-20T21:15,andar-3,0.406
2026-08-20T21:30,andar-3,0.386
2026-08-20T21:45,andar-3,0.410
2026-08-20T22:00,andar-3,0.160
2026-08-20T22:15,andar-3,0.198
2026-08-20T22:30,andar-3,0.177
2026-08-20T22:45,andar-3,0.182
2026-08-20T23:00,andar-3,0.170
2026-08-20T23:15,andar-3,0.174
2026-08-20T23:30,andar-3,0.172
2026-08-20T23:45,andar-3,0.177
2026-08-21T00:00,andar-3,0.158
2026-08-21T00:15,andar-3,0.160
2026-08-21T00:30,andar-3,0.165
2026-08-21T00:45,andar-3,0.172
2026-08-21T01:00,andar-3,0.147
2026-08-21T01:15,andar-3,0.138
2026-08-21T01:30,andar-3,0.177
2026-08-21T01:45,andar-3,0.140
2026-08-21T02:00,andar-3,0.159
2026-08-21T02:15,andar-3,0.137
2026-08-21T02:30,andar-3,0.168
2026-08-21T02:45,andar-3,0.153
2026-08-21T03:00,andar-3,0.144
2026-08-21T03:15,andar-3,0.149
2026-08-21T03:30,andar-3,0.151
2026-08-21T03:45,andar-3,0.157
2026-08-21T04:00,andar-3,0.162
2026-08-21T04:15,andar-3,0.163
2026-08-21T04:30,andar-3,0.146
2026-08-21T04:45,andar-3,0.146
2026-08-21T05:00,andar-3,0.148
2026-08-21T05:15,andar-3,0.164
2026-08-21T05:30,andar-3,0.144
2026-08-21T05:45,andar-3,0.172
2026-08-21T06:00,andar-3,0.309
2026-08-21T06:15,andar-3,0.257
2026-08-21T06:30,andar-3,0.317
2026-08-21T06:45,andar-3,0.312
2026-08-21T07:00,andar-3,0.279
2026-08-21T07:15,andar-3,0.274
2026-08-21T07:30,andar-3,0.343
2026-08-21T07:45,andar-3,0.318
2026-08-21T08:00,andar-3,0.289
2026-08-21T08:15,andar-3,0.275
2026-08-21T08:30,andar-3,0.319
2026-08-21T08:45,andar-3,0.317
2026-08-21T09:00,andar-3,0.461
2026-08-21T09:15,andar-3,0.621
2026-08-21T09:30,andar-3,0.571
2026-08-21T09:45,andar-3,0.548
2026-08-21T10:00,andar-3,0.605
2026-08-21T10:15,andar-3,0.575
2026-08-21T10:30,andar-3,0.596
2026-08-21T10:45,andar-3,0.615
2026-08-21T11:00,andar-3,0.516
2026-08-21T11:15,andar-3,0.495
2026-08-21T11:30,andar-3,0.570
2026-08-21T11:45,andar-3,0.571
2026-08-21T12:00,andar-3,0.475
2026-08-21T12:15,andar-3,0.577
2026-08-21T12:30,andar-3,0.635
2026-08-21T12:45,andar-3,0.519
2026-08-21T13:00,andar-3,0.483
2026-08-21T13:15,andar-3,0.539
2026-08-21T13:30,andar-3,0.632
2026-08-21T13:45,andar-3,0.560
2026-08-21T14:00,andar-3,0.562
2026-08-21T14:15,andar-3,0.478
2026-08-21T14:30,andar-3,0.556
2026-08-21T14:45,andar-3,0.567
2026-08-21T15:00,andar-3,0.561
2026-08-21T15:15,andar-3,0.568
2026-08-21T15:30,andar-3,0.556
2026-08-21T15:45,andar-3,0.527
2026-08-21T16:00,andar-3,0.480
2026-08-21T16:15,andar-3,0.515
2026-08-21T16:30,andar-3,0.554
2026-08-21T16:45,andar-3,0.560
2026-08-21T17:00,andar-3,0.594
2026-08-21T17:15,andar-3,0.513
2026-08-21T17:30,andar-3,0.606
2026-08-21T17:45,andar-3,0.529
2026-08-21T18:00,andar-3,0.468
2026-08-21T18:15,andar-3,0.399
2026-08-21T18:30,andar-3,0.413
2026-08-21T18:45,andar-3,0.388
2026-08-21T19:00,andar-3,0.431
2026-08-21T19:15,andar-3,0.405
2026-08-21T19:30,andar-3,0.369
2026-08-21T19:45,andar-3,0.455
2026-08-21T20:00,andar-3,0.418
2026-08-21T20:15,andar-3,0.390
2026-08-21T20:30,andar-3,0.334
2026-08-21T20:45,andar-3,0.438
2026-08-21T21:00,andar-3,0.367
2026-08-21T21:15,andar-3,0.395
2026-08-21T21:30,andar-3,0.413
2026-08-21T21:45,andar-3,0.412
2026-08-21T22:00,andar-3,0.168
2026-08-21T22:15,andar-3,0.195
2026-08-21T22:30,andar-3,0.143
2026-08-21T22:45,andar-3,0.207
2026-08-21T23:00,andar-3,0.192
2026-08-21T23:15,andar-3,0.213
2026-08-21T23:30,andar-3,0.198
2026-08-21T23:45,andar-3,0.163
2026-08-22T00:00,andar-3,0.071
2026-08-22T00:15,andar-3,0.068
2026-08-22T00:30,andar-3,0.084
2026-08-22T00:45,andar-3,0.070
2026-08-22T01:00,andar-3,0.076
2026-08-22T01:15,andar-3,0.073
2026-08-22T01:30,andar-3,0.082
2026-08-22T01:45,andar-3,0.079
2026-08-22T02:00,andar-3,0.069
2026-08-22T02:15,andar-3,0.081
2026-08-22T02:30,andar-3,0.077
2026-08-22T02:45,andar-3,0.088
2026-08-22T03:00,andar-3,0.083
2026-08-22T03:15,andar-3,0.081
2026-08-22T03:30,andar-3,0.073
2026-08-22T03:45,andar-3,0.069
2026-08-22T04:00,andar-3,0.066
2026-08-22T04:15,andar-3,0.082
2026-08-22T04:30,andar-3,0.082
2026-08-22T04:45,andar-3,0.073
2026-08-22T05:00,andar-3,0.076
2026-08-22T05:15,andar-3,0.074
2026-08-22T05:30,andar-3,0.078
2026-08-22T05:45,andar-3,0.079
2026-08-22T06:00,andar-3,0.160
2026-08-22T06:15,andar-3,0.157
2026-08-22T06:30,andar-3,0.140
2026-08-22T06:45,andar-3,0.139
2026-08-22T07:00,andar-3,0.156
2026-08-22T07:15,andar-3,0.172
2026-08-22T07:30,andar-3,0.146
2026-08-22T07:45,andar-3,0.159
2026-08-22T08:00,andar-3,0.180
2026-08-22T08:15,andar-3,0.171
2026-08-22T08:30,andar-3,0.151
2026-08-22T08:45,andar-3,0.160
2026-08-22T09:00,andar-3,0.223
2026-08-22T09:15,andar-3,0.278
2026-08-22T09:30,andar-3,0.296
2026-08-22T09:45,andar-3,0.302
2026-08-22T10:00,andar-3,0.246
2026-08-22T10:15,andar-3,0.329
2026-08-22T10:30,andar-3,0.287
2026-08-22T10:45,andar-3,0.263
2026-08-22T11:00,andar-3,0.267
2026-08-22T11:15,andar-3,0.316
2026-08-22T11:30,andar-3,0.258
2026-08-22T11:45,andar-3,0.316
2026-08-22T12:00,andar-3,0.275
2026-08-22T12:15,andar-3,0.274
2026-08-22T12:30,andar-3,0.277
2026-08-22T12:45,andar-3,0.255
2026-08-22T13:00,andar-3,0.315
2026-08-22T13:15,andar-3,0.276
2026-08-22T13:30,andar-3,0.251
2026-08-22T13:45,andar-3,0.278
2026-08-22T14:00,andar-3,0.252
2026-08-22T14:15,andar-3,0.288
2026-08-22T14:30,andar-3,0.252
2026-08-22T14:45,andar-3,0.318
2026-08-22T15:00,andar-3,0.244
2026-08-22T15:15,andar-3,0.303
2026-08-22T15:30,andar-3,0.272
2026-08-22T15:45,andar-3,0.229
2026-08-22T16:00,andar-3,0.255
2026-08-22T16:15,andar-3,0.256
2026-08-22T16:30,andar-3,0.296
2026-08-22T16:45,andar-3,0.228
2026-08-22T17:00,andar-3,0.287
2026-08-22T17:15,andar-3,0.293
2026-08-22T17:30,andar-3,0.278
2026-08-22T17:45,andar-3,0.247
2026-08-22T18:00,andar-3,0.191
2026-08-22T18:15,andar-3,0.164
2026-08-22T18:30,andar-3,0.191
2026-08-22T18:45,andar-3,0.223
2026-08-22T19:00,andar-3,0.188
2026-08-22T19:15,andar-3,0.216
2026-08-22T19:30,andar-3,0.209
2026-08-22T19:45,andar-3,0.212
2026-08-22T20:00,andar-3,0.207
2026-08-22T20:15,andar-3,0.197
2026-08-22T20:30,andar-3,0.167
2026-08-22T20:45,andar-3,0.199
2026-08-22T21:00,andar-3,0.201
2026-08-22T21:15,andar-3,0.212
2026-08-22T21:30,andar-3,0.204
2026-08-22T21:45,andar-3,0.192
2026-08-22T22:00,andar-3,0.097
2026-08-22T22:15,andar-3,0.100
2026-08-22T22:30,andar-3,0.093
2026-08-22T22:45,andar-3,0.091
2026-08-22T23:00,andar-3,0.087
2026-08-22T23:15,andar-3,0.092
2026-08-22T23:30,andar-3,0.097
2026-08-22T23:45,andar-3,0.081
2026-08-23T00:00,andar-3,0.079
2026-08-23T00:15,andar-3,0.086
2026-08-23T00:30,andar-3,0.078
2026-08-23T00:45,andar-3,0.079
2026-08-23T01:00,andar-3,0.082
2026-08-23T01:15,andar-3,0.072
2026-08-23T01:30,andar-3,0.073
2026-08-23T01:45,andar-3,0.078
2026-08-23T02:00,andar-3,0.082
2026-08-23T02:15,andar-3,0.076
2026-08-23T02:30,andar-3,0.076
2026-08-23T02:45,andar-3,0.074
2026-08-23T03:00,andar-3,0.071
2026-08-23T03:15,andar-3,0.081
2026-08-23T03:30,andar-3,0.078
2026-08-23T03:45,andar-3,0.073
2026-08-23T04:00,andar-3,0.071
2026-08-23T04:15,andar-3,0.082
2026-08-23T04:30,andar-3,0.076
2026-08-23T04:45,andar-3,0.083
2026-08-23T05:00,andar-3,0.072
2026-08-23T05:15,andar-3,0.075
2026-08-23T05:30,andar-3,0.071
2026-08-23T05:45,andar-3,0.078
2026-08-23T06:00,andar-3,0.161
2026-08-23T06:15,andar-3,0.139
2026-08-23T06:30,andar-3,0.164
2026-08-23T06:45,andar-3,0.159
2026-08-23T07:00,andar-3,0.162
2026-08-23T07:15,andar-3,0.155
2026-08-23T07:30,andar-3,0.135
2026-08-23T07:45,andar-3,0.139
2026-08-23T08:00,andar-3,0.160
2026-08-23T08:15,andar-3,0.140
2026-08-23T08:30,andar-3,0.150
2026-08-23T08:45,andar-3,0.140
2026-08-23T09:00,andar-3,0.295
2026-08-23T09:15,andar-3,0.263
2026-08-23T09:30,andar-3,0.287
2026-08-23T09:45,andar-3,0.248
2026-08-23T10:00,andar-3,0.249
2026-08-23T10:15,andar-3,0.318
2026-08-23T10:30,andar-3,0.262
2026-08-23T10:45,andar-3,0.254
2026-08-23T11:00,andar-3,0.298
2026-08-23T11:15,andar-3,0.226
2026-08-23T11:30,andar-3,0.261
2026-08-23T11:45,andar-3,0.240
2026-08-23T12:00,andar-3,0.270
2026-08-23T12:15,andar-3,0.317
2026-08-23T12:30,andar-3,0.302
2026-08-23T12:45,andar-3,0.301
2026-08-23T13:00,andar-3,0.308
2026-08-23T13:15,andar-3,0.274
2026-08-23T13:30,andar-3,0.304
2026-08-23T13:45,andar-3,0.270
2026-08-23T14:00,andar-3,0.272
2026-08-23T14:15,andar-3,0.278
2026-08-23T14:30,andar-3,0.300
2026-08-23T14:45,andar-3,0.271
2026-08-23T15:00,andar-3,0.273
2026-08-23T15:15,andar-3,0.284
2026-08-23T15:30,andar-3,0.280
2026-08-23T15:45,andar-3,0.239
2026-08-23T16:00,andar-3,0.287
2026-08-23T16:15,andar-3,0.309
2026-08-23T16:30,andar-3,0.302
2026-08-23T16:45,andar-3,0.260
2026-08-23T17:00,andar-3,0.276
2026-08-23T17:15,andar-3,0.289
2026-08-23T17:30,andar-3,0.217
2026-08-23T17:45,andar-3,0.282
2026-08-23T18:00,andar-3,0.214
2026-08-23T18:15,andar-3,0.204
2026-08-23T18:30,andar-3,0.168
2026-08-23T18:45,andar-3,0.174
2026-08-23T19:00,andar-3,0.192
2026-08-23T19:15,andar-3,0.196
2026-08-23T19:30,andar-3,0.204
2026-08-23T19:45,andar-3,0.207
2026-08-23T20:00,andar-3,0.202
2026-08-23T20:15,andar-3,0.212
2026-08-23T20:30,andar-3,0.211
2026-08-23T20:45,andar-3,0.225
2026-08-23T21:00,andar-3,0.203
2026-08-23T21:15,andar-3,0.200
2026-08-23T21:30,andar-3,0.199
2026-08-23T21:45,andar-3,0.189
2026-08-23T22:00,andar-3,0.095
2026-08-23T22:15,andar-3,0.089
2026-08-23T22:30,andar-3,0.089
2026-08-23T22:45,andar-3,0.087
2026-08-23T23:00,andar-3,0.097
2026-08-23T23:15,andar-3,0.086
2026-08-23T23:30,andar-3,0.078
2026-08-23T23:45,andar-3,0.092
2026-08-24T00:00,andar-3,0.157
2026-08-24T00:15,andar-3,0.157
2026-08-24T00:30,andar-3,0.151
2026-08-24T00:45,andar-3,0.146
2026-08-24T01:00,andar-3,0.145
2026-08-24T01:15,andar-3,0.141
2026-08-24T01:30,andar-3,0.145
2026-08-24T01:45,andar-3,0.152
2026-08-24T02:00,andar-3,0.129
2026-08-24T02:15,andar-3,0.149
2026-08-24T02:30,andar-3,0.144
2026-08-24T02:45,andar-3,0.163
2026-08-24T03:00,andar-3,0.162
2026-08-24T03:15,andar-3,0.154
2026-08-24T03:30,andar-3,0.158
2026-08-24T03:45,andar-3,0.117
2026-08-24T04:00,andar-3,0.136
2026-08-24T04:15,andar-3,0.137
2026-08-24T04:30,andar-3,0.135
2026-08-24T04:45,andar-3,0.141
2026-08-24T05:00,andar-3,0.171
2026-08-24T05:15,andar-3,0.147
2026-08-24T05:30,andar-3,0.160
2026-08-24T05:45,andar-3,0.147
2026-08-24T06:00,andar-3,0.315
2026-08-24T06:15,andar-3,0.295
2026-08-24T06:30,andar-3,0.285
2026-08-24T06:45,andar-3,0.335
2026-08-24T07:00,andar-3,0.338
2026-08-24T07:15,andar-3,0.308
2026-08-24T07:30,andar-3,0.305
2026-08-24T07:45,andar-3,0.334
2026-08-24T08:00,andar-3,0.305
2026-08-24T08:15,andar-3,0.313
2026-08-24T08:30,andar-3,0.329
2026-08-24T08:45,andar-3,0.310
2026-08-24T09:00,andar-3,0.583
2026-08-24T09:15,andar-3,0.558
2026-08-24T09:30,andar-3,0.562
2026-08-24T09:45,andar-3,0.528
2026-08-24T10:00,andar-3,0.549
2026-08-24T10:15,andar-3,0.493
2026-08-24T10:30,andar-3,0.561
2026-08-24T10:45,andar-3,0.488
2026-08-24T11:00,andar-3,0.572
2026-08-24T11:15,andar-3,0.552
2026-08-24T11:30,andar-3,0.623
2026-08-24T11:45,andar-3,0.565
2026-08-24T12:00,andar-3,0.498
2026-08-24T12:15,andar-3,0.509
2026-08-24T12:30,andar-3,0.571
2026-08-24T12:45,andar-3,0.572
2026-08-24T13:00,andar-3,0.586
2026-08-24T13:15,andar-3,0.567
2026-08-24T13:30,andar-3,0.482
2026-08-24T13:45,andar-3,0.653
2026-08-24T14:00,andar-3,0.644
2026-08-24T14:15,andar-3,0.497
2026-08-24T14:30,andar-3,0.564
2026-08-24T14:45,andar-3,0.547
2026-08-24T15:00,andar-3,0.541
2026-08-24T15:15,andar-3,0.549
2026-08-24T15:30,andar-3,0.563
2026-08-24T15:45,andar-3,0.570
2026-08-24T16:00,andar-3,0.501
2026-08-24T16:15,andar-3,0.542
2026-08-24T16:30,andar-3,0.557
2026-08-24T16:45,andar-3,0.577
2026-08-24T17:00,andar-3,0.574
2026-08-24T17:15,andar-3,0.479
2026-08-24T17:30,andar-3,0.579
2026-08-24T17:45,andar-3,0.597
2026-08-24T18:00,andar-3,0.339
2026-08-24T18:15,andar-3,0.419
2026-08-24T18:30,andar-3,0.373
2026-08-24T18:45,andar-3,0.360
2026-08-24T19:00,andar-3,0.367
2026-08-24T19:15,andar-3,0.370
2026-08-24T19:30,andar-3,0.395
2026-08-24T19:45,andar-3,0.414
2026-08-24T20:00,andar-3,0.362
2026-08-24T20:15,andar-3,0.363
2026-08-24T20:30,andar-3,0.431
2026-08-24T20:45,andar-3,0.408
2026-08-24T21:00,andar-3,0.388
2026-08-24T21:15,andar-3,0.386
2026-08-24T21:30,andar-3,0.385
2026-08-24T21:45,andar-3,0.396
2026-08-24T22:00,andar-3,0.203
2026-08-24T22:15,andar-3,0.193
2026-08-24T22:30,andar-3,0.181
2026-08-24T22:45,andar-3,0.192
2026-08-24T23:00,andar-3,0.162
2026-08-24T23:15,andar-3,0.180
2026-08-24T23:30,andar-3,0.191
2026-08-24T23:45,andar-3,0.164
2026-08-25T00:00,andar-3,0.166
2026-08-25T00:15,andar-3,0.164
2026-08-25T00:30,andar-3,0.153
2026-08-25T00:45,andar-3,0.153
2026-08-25T01:00,andar-3,0.157
2026-08-25T01:15,andar-3,0.172
2026-08-25T01:30,andar-3,0.167
2026-08-25T01:45,andar-3,0.173
2026-08-25T02:00,andar-3,0.149
2026-08-25T02:15,andar-3,0.136
2026-08-25T02:30,andar-3,0.139
2026-08-25T02:45,andar-3,0.152
2026-08-25T03:00,andar-3,0.152
2026-08-25T03:15,andar-3,0.167
2026-08-25T03:30,andar-3,0.135
2026-08-25T03:45,andar-3,0.147
2026-08-25T04:00,andar-3,0.153
2026-08-25T04:15,andar-3,0.150
2026-08-25T04:30,andar-3,0.134
2026-08-25T04:45,andar-3,0.136
2026-08-25T05:00,andar-3,0.150
2026-08-25T05:15,andar-3,0.154
2026-08-25T05:30,andar-3,0.130
2026-08-25T05:45,andar-3,0.148
2026-08-25T06:00,andar-3,0.341
2026-08-25T06:15,andar-3,0.308
2026-08-25T06:30,andar-3,0.338
2026-08-25T06:45,andar-3,0.335
2026-08-25T07:00,andar-3,0.292
2026-08-25T07:15,andar-3,0.299
2026-08-25T07:30,andar-3,0.313
2026-08-25T07:45,andar-3,0.297
2026-08-25T08:00,andar-3,0.312
2026-08-25T08:15,andar-3,0.262
2026-08-25T08:30,andar-3,0.316
2026-08-25T08:45,andar-3,0.271
2026-08-25T09:00,andar-3,0.591
2026-08-25T09:15,andar-3,0.595
2026-08-25T09:30,andar-3,0.529
2026-08-25T09:45,andar-3,0.494
2026-08-25T10:00,andar-3,0.473
2026-08-25T10:15,andar-3,0.631
2026-08-25T10:30,andar-3,0.557
2026-08-25T10:45,andar-3,0.473
2026-08-25T11:00,andar-3,0.566
2026-08-25T11:15,andar-3,0.556
2026-08-25T11:30,andar-3,0.514
2026-08-25T11:45,andar-3,0.506
2026-08-25T12:00,andar-3,0.597
2026-08-25T12:15,andar-3,0.519
2026-08-25T12:30,andar-3,0.609
2026-08-25T12:45,andar-3,0.568
2026-08-25T13:00,andar-3,0.520
2026-08-25T13:15,andar-3,0.506
2026-08-25T13:30,andar-3,0.584
2026-08-25T13:45,andar-3,0.542
2026-08-25T14:00,andar-3,0.561
2026-08-25T14:15,andar-3,0.528
2026-08-25T14:30,andar-3,0.474
2026-08-25T14:45,andar-3,0.573
2026-08-25T15:00,andar-3,0.496
2026-08-25T15:15,andar-3,0.467
2026-08-25T15:30,andar-3,0.544
2026-08-25T15:45,andar-3,0.652
2026-08-25T16:00,andar-3,0.559
2026-08-25T16:15,andar-3,0.532
2026-08-25T16:30,andar-3,0.488
2026-08-25T16:45,andar-3,0.507
2026-08-25T17:00,andar-3,0.552
2026-08-25T17:15,andar-3,0.618
2026-08-25T17:30,andar-3,0.494
2026-08-25T17:45,andar-3,0.513
2026-08-25T18:00,andar-3,0.388
2026-08-25T18:15,andar-3,0.367
2026-08-25T18:30,andar-3,0.372
2026-08-25T18:45,andar-3,0.425
2026-08-25T19:00,andar-3,0.388
2026-08-25T19:15,andar-3,0.398
2026-08-25T19:30,andar-3,0.387
2026-08-25T19:45,andar-3,0.392
2026-08-25T20:00,andar-3,0.377
2026-08-25T20:15,andar-3,0.396
2026-08-25T20:30,andar-3,0.365
2026-08-25T20:45,andar-3,0.384
2026-08-25T21:00,andar-3,0.403
2026-08-25T21:15,andar-3,0.365
2026-08-25T21:30,andar-3,0.430
2026-08-25T21:45,andar-3,0.434
2026-08-25T22:00,andar-3,0.169
2026-08-25T22:15,andar-3,0.185
2026-08-25T22:30,andar-3,0.189
2026-08-25T22:45,andar-3,0.179
2026-08-25T23:00,andar-3,0.177
2026-08-25T23:15,andar-3,0.183
2026-08-25T23:30,andar-3,0.181
2026-08-25T23:45,andar-3,0.181
2026-08-26T00:00,andar-3,0.170
2026-08-26T00:15,andar-3,0.142
2026-08-26T00:30,andar-3,0.156
2026-08-26T00:45,andar-3,0.134
2026-08-26T01:00,andar-3,0.167
2026-08-26T01:15,andar-3,0.150
2026-08-26T01:30,andar-3,0.168
2026-08-26T01:45,andar-3,0.173
2026-08-26T02:00,andar-3,0.141
2026-08-26T02:15,andar-3,0.156
2026-08-26T02:30,andar-3,0.141
2026-08-26T02:45,andar-3,0.133
2026-08-26T03:00,andar-3,0.131
2026-08-26T03:15,andar-3,0.157
2026-08-26T03:30,andar-3,0.142
2026-08-26T03:45,andar-3,0.152
2026-08-26T04:00,andar-3,0.166
2026-08-26T04:15,andar-3,0.155
2026-08-26T04:30,andar-3,0.162
2026-08-26T04:45,andar-3,0.160
2026-08-26T05:00,andar-3,0.143
2026-08-26T05:15,andar-3,0.154
2026-08-26T05:30,andar-3,0.138
2026-08-26T05:45,andar-3,0.136
2026-08-26T06:00,andar-3,0.307
2026-08-26T06:15,andar-3,0.330
2026-08-26T06:30,andar-3,0.301
2026-08-26T06:45,andar-3,0.329
2026-08-26T07:00,andar-3,0.273
2026-08-26T07:15,andar-3,0.273
2026-08-26T07:30,andar-3,0.254
2026-08-26T07:45,andar-3,0.292
2026-08-26T08:00,andar-3,0.323
2026-08-26T08:15,andar-3,0.320
2026-08-26T08:30,andar-3,0.272
2026-08-26T08:45,andar-3,0.277
2026-08-26T09:00,andar-3,0.537
2026-08-26T09:15,andar-3,0.497
2026-08-26T09:30,andar-3,0.474
2026-08-26T09:45,andar-3,0.546
2026-08-26T10:00,andar-3,0.569
2026-08-26T10:15,andar-3,0.533
2026-08-26T10:30,andar-3,0.594
2026-08-26T10:45,andar-3,0.625
2026-08-26T11:00,andar-3,0.495
2026-08-26T11:15,andar-3,0.582
2026-08-26T11:30,andar-3,0.590
2026-08-26T11:45,andar-3,0.512
2026-08-26T12:00,andar-3,0.655
2026-08-26T12:15,andar-3,0.478
2026-08-26T12:30,andar-3,0.526
2026-08-26T12:45,andar-3,0.530
2026-08-26T13:00,andar-3,0.585
2026-08-26T13:15,andar-3,0.547
2026-08-26T13:30,andar-3,0.490
2026-08-26T13:45,andar-3,0.640
2026-08-26T14:00,andar-3,0.602
2026-08-26T14:15,andar-3,0.636
2026-08-26T14:30,andar-3,0.442
2026-08-26T14:45,andar-3,0.533
2026-08-26T15:00,andar-3,0.656
2026-08-26T15:15,andar-3,0.530
2026-08-26T15:30,andar-3,0.614
2026-08-26T15:45,andar-3,0.562
2026-08-26T16:00,andar-3,0.575
2026-08-26T16:15,andar-3,0.530
2026-08-26T16:30,andar-3,0.587
2026-08-26T16:45,andar-3,0.519
2026-08-26T17:00,andar-3,0.511
2026-08-26T17:15,andar-3,0.529
2026-08-26T17:30,andar-3,0.495
2026-08-26T17:45,andar-3,0.561
2026-08-26T18:00,andar-3,0.441
2026-08-26T18:15,andar-3,0.416
2026-08-26T18:30,andar-3,0.366
2026-08-26T18:45,andar-3,0.372
2026-08-26T19:00,andar-3,0.405
2026-08-26T19:15,andar-3,0.390
2026-08-26T19:30,andar-3,0.356
2026-08-26T19:45,andar-3,0.418
2026-08-26T20:00,andar-3,0.375
2026-08-26T20:15,andar-3,0.446
2026-08-26T20:30,andar-3,0.363
2026-08-26T20:45,andar-3,0.445
2026-08-26T21:00,andar-3,0.367
2026-08-26T21:15,andar-3,0.387
2026-08-26T21:30,andar-3,0.416
2026-08-26T21:45,andar-3,0.387
2026-08-26T22:00,andar-3,0.197
2026-08-26T22:15,andar-3,0.182
2026-08-26T22:30,andar-3,0.150
2026-08-26T22:45,andar-3,0.192
2026-08-26T23:00,andar-3,0.151
2026-08-26T23:15,andar-3,0.151
2026-08-26T23:30,andar-3,0.182
2026-08-26T23:45,andar-3,0.191
2026-08-27T00:00,andar-3,0.142
2026-08-27T00:15,andar-3,0.149
2026-08-27T00:30,andar-3,0.155
2026-08-27T00:45,andar-3,0.162
2026-08-27T01:00,andar-3,0.159
2026-08-27T01:15,andar-3,0.152
2026-08-27T01:30,andar-3,0.132
2026-08-27T01:45,andar-3,0.156
2026-08-27T02:00,andar-3,0.139
2026-08-27T02:15,andar-3,0.141
2026-08-27T02:30,andar-3,0.131
2026-08-27T02:45,andar-3,0.149
2026-08-27T03:00,andar-3,0.156
2026-08-27T03:15,andar-3,0.161
2026-08-27T03:30,andar-3,0.150
2026-08-27T03:45,andar-3,0.129
2026-08-27T04:00,andar-3,0.141
2026-08-27T04:15,andar-3,0.154
2026-08-27T04:30,andar-3,0.157
2026-08-27T04:45,andar-3,0.142
2026-08-27T05:00,andar-3,0.138
2026-08-27T05:15,andar-3,0.152
2026-08-27T05:30,andar-3,0.159
2026-08-27T05:45,andar-3,0.153
2026-08-27T06:00,andar-3,0.295
2026-08-27T06:15,andar-3,0.292
2026-08-27T06:30,andar-3,0.262
2026-08-27T06:45,andar-3,0.276
2026-08-27T07:00,andar-3,0.303
2026-08-27T07:15,andar-3,0.306
2026-08-27T07:30,andar-3,0.308
2026-08-27T07:45,andar-3,0.298
2026-08-27T08:00,andar-3,0.299
2026-08-27T08:15,andar-3,0.313
2026-08-27T08:30,andar-3,0.286
2026-08-27T08:45,andar-3,0.274
2026-08-27T09:00,andar-3,0.613
2026-08-27T09:15,andar-3,0.580
2026-08-27T09:30,andar-3,0.552
2026-08-27T09:45,andar-3,0.552
2026-08-27T10:00,andar-3,0.562
2026-08-27T10:15,andar-3,0.487
2026-08-27T10:30,andar-3,0.555
2026-08-27T10:45,andar-3,0.594
2026-08-27T11:00,andar-3,0.568
2026-08-27T11:15,andar-3,0.574
2026-08-27T11:30,andar-3,0.533
2026-08-27T11:45,andar-3,0.495
2026-08-27T12:00,andar-3,0.569
2026-08-27T12:15,andar-3,0.564
2026-08-27T12:30,andar-3,0.533
2026-08-27T12:45,andar-3,0.635
2026-08-27T13:00,andar-3,0.463
2026-08-27T13:15,andar-3,0.637
2026-08-27T13:30,andar-3,0.677
2026-08-27T13:45,andar-3,0.569
2026-08-27T14:00,andar-3,0.560
2026-08-27T14:15,andar-3,0.510
2026-08-27T14:30,andar-3,0.543
2026-08-27T14:45,andar-3,0.559
2026-08-27T15:00,andar-3,0.482
2026-08-27T15:15,andar-3,0.494
2026-08-27T15:30,andar-3,0.566
2026-08-27T15:45,andar-3,0.564
2026-08-27T16:00,andar-3,0.542
2026-08-27T16:15,andar-3,0.620
2026-08-27T16:30,andar-3,0.506
2026-08-27T16:45,andar-3,0.493
2026-08-27T17:00,andar-3,0.466
2026-08-27T17:15,andar-3,0.530
2026-08-27T17:30,andar-3,0.598
2026-08-27T17:45,andar-3,0.561
2026-08-27T18:00,andar-3,0.387
2026-08-27T18:15,andar-3,0.423
2026-08-27T18:30,andar-3,0.426
2026-08-27T18:45,andar-3,0.415
2026-08-27T19:00,andar-3,0.349
2026-08-27T19:15,andar-3,0.362
2026-08-27T19:30,andar-3,0.408
2026-08-27T19:45,andar-3,0.419
2026-08-27T20:00,andar-3,0.444
2026-08-27T20:15,andar-3,0.420
2026-08-27T20:30,andar-3,0.339
2026-08-27T20:45,andar-3,0.412
2026-08-27T21:00,andar-3,0.410
2026-08-27T21:15,andar-3,0.472
2026-08-27T21:30,andar-3,0.372
2026-08-27T21:45,andar-3,0.461
2026-08-27T22:00,andar-3,0.172
2026-08-27T22:15,andar-3,0.188
2026-08-27T22:30,andar-3,0.194
2026-08-27T22:45,andar-3,0.180
2026-08-27T23:00,andar-3,0.189
2026-08-27T23:15,andar-3,0.177
2026-08-27T23:30,andar-3,0.193
2026-08-27T23:45,andar-3,0.200
2026-08-28T00:00,andar-3,0.139
2026-08-28T00:15,andar-3,0.153
2026-08-28T00:30,andar-3,0.153
2026-08-28T00:45,andar-3,0.161
2026-08-28T01:00,andar-3,0.157
2026-08-28T01:15,andar-3,0.145
2026-08-28T01:30,andar-3,0.171
2026-08-28T01:45,andar-3,0.153
2026-08-28T02:00,andar-3,0.138
2026-08-28T02:15,andar-3,0.172
2026-08-28T02:30,andar-3,0.159
2026-08-28T02:45,andar-3,0.150
2026-08-28T03:00,andar-3,0.149
2026-08-28T03:15,andar-3,0.175
2026-08-28T03:30,andar-3,0.166
2026-08-28T03:45,andar-3,0.157
2026-08-28T04:00,andar-3,0.148
2026-08-28T04:15,andar-3,0.168
2026-08-28T04:30,andar-3,0.145
2026-08-28T04:45,andar-3,0.144
2026-08-28T05:00,andar-3,0.146
2026-08-28T05:15,andar-3,0.166
2026-08-28T05:30,andar-3,0.143
2026-08-28T05:45,andar-3,0.164
2026-08-28T06:00,andar-3,0.276
2026-08-28T06:15,andar-3,0.313
2026-08-28T06:30,andar-3,0.340
2026-08-28T06:45,andar-3,0.302
2026-08-28T07:00,andar-3,0.326
2026-08-28T07:15,andar-3,0.305
2026-08-28T07:30,andar-3,0.290
2026-08-28T07:45,andar-3,0.299
2026-08-28T08:00,andar-3,0.319
2026-08-28T08:15,andar-3,0.331
2026-08-28T08:30,andar-3,0.267
2026-08-28T08:45,andar-3,0.313
2026-08-28T09:00,andar-3,0.572
2026-08-28T09:15,andar-3,0.490
2026-08-28T09:30,andar-3,0.449
2026-08-28T09:45,andar-3,0.589
2026-08-28T10:00,andar-3,0.626
2026-08-28T10:15,andar-3,0.527
2026-08-28T10:30,andar-3,0.570
2026-08-28T10:45,andar-3,0.517
2026-08-28T11:00,andar-3,0.510
2026-08-28T11:15,andar-3,0.555
2026-08-28T11:30,andar-3,0.456
2026-08-28T11:45,andar-3,0.469
2026-08-28T12:00,andar-3,0.538
2026-08-28T12:15,andar-3,0.586
2026-08-28T12:30,andar-3,0.572
2026-08-28T12:45,andar-3,0.556
2026-08-28T13:00,andar-3,0.512
2026-08-28T13:15,andar-3,0.540
2026-08-28T13:30,andar-3,0.469
2026-08-28T13:45,andar-3,0.542
2026-08-28T14:00,andar-3,0.578
2026-08-28T14:15,andar-3,0.537
2026-08-28T14:30,andar-3,0.582
2026-08-28T14:45,andar-3,0.541
2026-08-28T15:00,andar-3,0.541
2026-08-28T15:15,andar-3,0.600
2026-08-28T15:30,andar-3,0.569
2026-08-28T15:45,andar-3,0.604
2026-08-28T16:00,andar-3,0.578
2026-08-28T16:15,andar-3,0.598
2026-08-28T16:30,andar-3,0.549
2026-08-28T16:45,andar-3,0.571
2026-08-28T17:00,andar-3,0.446
2026-08-28T17:15,andar-3,0.481
2026-08-28T17:30,andar-3,0.551
2026-08-28T17:45,andar-3,0.509
2026-08-28T18:00,andar-3,0.406
2026-08-28T18:15,andar-3,0.331
2026-08-28T18:30,andar-3,0.393
2026-08-28T18:45,andar-3,0.433
2026-08-28T19:00,andar-3,0.442
2026-08-28T19:15,andar-3,0.429
2026-08-28T19:30,andar-3,0.451
2026-08-28T19:45,andar-3,0.447
2026-08-28T20:00,andar-3,0.399
2026-08-28T20:15,andar-3,0.411
2026-08-28T20:30,andar-3,0.410
2026-08-28T20:45,andar-3,0.428
2026-08-28T21:00,andar-3,0.400
2026-08-28T21:15,andar-3,0.391
2026-08-28T21:30,andar-3,0.453
2026-08-28T21:45,andar-3,0.438
2026-08-28T22:00,andar-3,0.184
2026-08-28T22:15,andar-3,0.182
2026-08-28T22:30,andar-3,0.200
2026-08-28T22:45,andar-3,0.166
2026-08-28T23:00,andar-3,0.187
2026-08-28T23:15,andar-3,0.185
2026-08-28T23:30,andar-3,0.176
2026-08-28T23:45,andar-3,0.189
2026-08-29T00:00,andar-3,0.081
2026-08-29T00:15,andar-3,0.080
2026-08-29T00:30,andar-3,0.086
2026-08-29T00:45,andar-3,0.073
2026-08-29T01:00,andar-3,0.077
2026-08-29T01:15,andar-3,0.067
2026-08-29T01:30,andar-3,0.085
2026-08-29T01:45,andar-3,0.085
2026-08-29T02:00,andar-3,0.076
2026-08-29T02:15,andar-3,0.082
2026-08-29T02:30,andar-3,0.081
2026-08-29T02:45,andar-3,0.076
2026-08-29T03:00,andar-3,0.076
2026-08-29T03:15,andar-3,0.079
2026-08-29T03:30,andar-3,0.087
2026-08-29T03:45,andar-3,0.067
2026-08-29T04:00,andar-3,0.066
2026-08-29T04:15,andar-3,0.080
2026-08-29T04:30,andar-3,0.082
2026-08-29T04:45,andar-3,0.070
2026-08-29T05:00,andar-3,0.079
2026-08-29T05:15,andar-3,0.065
2026-08-29T05:30,andar-3,0.069
2026-08-29T05:45,andar-3,0.092
2026-08-29T06:00,andar-3,0.130
2026-08-29T06:15,andar-3,0.164
2026-08-29T06:30,andar-3,0.136
2026-08-29T06:45,andar-3,0.157
2026-08-29T07:00,andar-3,0.174
2026-08-29T07:15,andar-3,0.156
2026-08-29T07:30,andar-3,0.174
2026-08-29T07:45,andar-3,0.146
2026-08-29T08:00,andar-3,0.155
2026-08-29T08:15,andar-3,0.167
2026-08-29T08:30,andar-3,0.152
2026-08-29T08:45,andar-3,0.160
2026-08-29T09:00,andar-3,0.268
2026-08-29T09:15,andar-3,0.273
2026-08-29T09:30,andar-3,0.247
2026-08-29T09:45,andar-3,0.245
2026-08-29T10:00,andar-3,0.306
2026-08-29T10:15,andar-3,0.283
2026-08-29T10:30,andar-3,0.306
2026-08-29T10:45,andar-3,0.307
2026-08-29T11:00,andar-3,0.272
2026-08-29T11:15,andar-3,0.252
2026-08-29T11:30,andar-3,0.253
2026-08-29T11:45,andar-3,0.293
2026-08-29T12:00,andar-3,0.275
2026-08-29T12:15,andar-3,0.306
2026-08-29T12:30,andar-3,0.266
2026-08-29T12:45,andar-3,0.273
2026-08-29T13:00,andar-3,0.248
2026-08-29T13:15,andar-3,0.267
2026-08-29T13:30,andar-3,0.264
2026-08-29T13:45,andar-3,0.304
2026-08-29T14:00,andar-3,0.292
2026-08-29T14:15,andar-3,0.260
2026-08-29T14:30,andar-3,0.293
2026-08-29T14:45,andar-3,0.281
2026-08-29T15:00,andar-3,0.261
2026-08-29T15:15,andar-3,0.306
2026-08-29T15:30,andar-3,0.299
2026-08-29T15:45,andar-3,0.282
2026-08-29T16:00,andar-3,0.279
2026-08-29T16:15,andar-3,0.265
2026-08-29T16:30,andar-3,0.323
2026-08-29T16:45,andar-3,0.265
2026-08-29T17:00,andar-3,0.310
2026-08-29T17:15,andar-3,0.284
2026-08-29T17:30,andar-3,0.298
2026-08-29T17:45,andar-3,0.266
2026-08-29T18:00,andar-3,0.198
2026-08-29T18:15,andar-3,0.183
2026-08-29T18:30,andar-3,0.224
2026-08-29T18:45,andar-3,0.221
2026-08-29T19:00,andar-3,0.212
2026-08-29T19:15,andar-3,0.189
2026-08-29T19:30,andar-3,0.194
2026-08-29T19:45,andar-3,0.224
2026-08-29T20:00,andar-3,0.191
2026-08-29T20:15,andar-3,0.212
2026-08-29T20:30,andar-3,0.210
2026-08-29T20:45,andar-3,0.195
2026-08-29T21:00,andar-3,0.196
2026-08-29T21:15,andar-3,0.188
2026-08-29T21:30,andar-3,0.197
2026-08-29T21:45,andar-3,0.192
2026-08-29T22:00,andar-3,0.085
2026-08-29T22:15,andar-3,0.089
2026-08-29T22:30,andar-3,0.103
2026-08-29T22:45,andar-3,0.081
2026-08-29T23:00,andar-3,0.084
2026-08-29T23:15,andar-3,0.081
2026-08-29T23:30,andar-3,0.094
2026-08-29T23:45,andar-3,0.086
